Epoch,Latitude_deg,Longitude_deg,Altitude_m,Clock_Bias_m,East_m,North_m,Up_m,ECEF_X_m,ECEF_Y_m,ECEF_Z_m
1,22.305674094205365,114.18039026449331,20.745626598596573,1334810.008835002,31.731619383801448,-3.50538758634869,1.00767478006652,-2418236.346098608,5385749.07075016,2405770.1241750587
2,22.305675303617456,114.18038635888833,19.916494539007545,1334829.9336499895,31.32918259290202,-3.371463977533055,0.17854478190158118,-2418235.643946415,5385748.489434435,2405769.9333825456
3,22.305674949239243,114.18040062804037,26.141926205717027,1334854.972313984,32.799503929414335,-3.4107062821970118,6.403969040167998,-2418239.3505276325,5385753.155025935,2405772.2599258227
4,22.305667397602484,114.18039985288347,23.174048034474254,1334874.0595363176,32.71961845172844,-4.2469340293281,3.436090773976571,-2418238.2829604433,5385750.972401032,2405770.359818255
5,22.30566683247993,114.18039679552348,20.97294958587736,1334893.3588128695,32.404577747225446,-4.309511941041205,1.2349938910591918,-2418237.1711706277,5385749.265385896,2405769.4665003615
6,22.3056797129852,114.18038231547489,18.546380666084588,1334911.7337346645,30.912542845363806,-2.8831938732999607,-1.1915668193518358,-2418234.6687406623,5385747.334656349,2405769.8650928177
7,22.305672518591525,114.18038730610886,15.310294482856989,1334931.014903357,31.426761856928962,-3.67986030929861,-4.427655926223942,-2418234.035362266,5385744.66861484,2405767.8997872975
8,22.305646704959155,114.18040981054665,11.114029292017221,1334951.0555855716,33.74559493196488,-6.538315640372702,-8.623935258319069,-2418235.00493245,5385741.166882098,2405763.6625340125
9,22.30567289261712,114.18038379622176,4.631672814488411,1334966.6501571604,31.065052301537346,-3.6384373044031872,-15.106275799088523,-2418229.652222268,5385735.789678504,2405763.8850587453
10,22.3056611250779,114.1803931557582,0.7646002508699894,1334986.2483785294,32.02943718092915,-4.941504924215976,-18.973354011682243,-2418229.2691240683,5385732.582032007,2405761.211754228
11,22.305648803176283,114.18040785439419,6.996511545032263,1335011.9101376284,33.544011646007014,-6.305966719817236,-12.741451709282973,-2418233.2245562067,5385737.69381883,2405762.314700367
12,22.305650424964384,114.1804109425477,17.571692389436066,1335038.8433536184,33.862269223288415,-6.1263882788618735,-2.1662723678872164,-2418237.4944991507,5385746.426728333,2405766.494632575
13,22.305663751051444,114.1804066694507,20.022225595079362,1335060.7054900122,33.421980305663524,-4.650730416428213,0.2842644118938731,-2418237.79207195,5385748.164382481,2405768.7899668557
14,22.305660251873363,114.18039839406232,19.645037579350173,1335080.7119785566,32.5692855075275,-5.0382126048056906,-0.09291949194917204,-2418236.9314943487,5385748.329473036,2405768.288319706
15,22.305665817608876,114.18037606083793,16.27610843349248,1335098.3096196428,30.268059265194147,-4.421894500770682,-3.4618368477121484,-2418233.4596846327,5385746.215304947,2405767.579853079
16,22.30566371317354,114.18037330149069,12.020185102708638,1335116.6187821263,29.983717526619248,-4.654925953763012,-7.717759001791702,-2418231.62371176,5385742.820462543,2405765.7489309283
17,22.305672285794735,114.18036466103405,11.294844660907984,1335136.3939948804,29.09340334604264,-3.705641183371114,-8.443094696829778,-2418230.389060442,5385742.244269725,2405766.351882622
18,22.305671833948313,114.18037808156544,14.460077721625566,1335159.8437789795,30.476264355267062,-3.75567544969009,-5.2778681202293445,-2418232.8578526652,5385744.366616224,2405767.5069486704
19,22.305691702463918,114.18036526603282,12.537907841615379,1335179.0206538923,29.15574380920274,-1.5555439324143903,-7.200030910119792,-2418230.5827323096,5385742.523413953,2405768.812894976
20,22.305691398751534,114.18039564921875,24.76017466094345,1335208.821045612,32.28647633051503,-1.5891722919131193,5.022220829099912,-2418238.075704911,5385751.5682680365,2405773.4207177567
21,22.305703436927022,114.1804012536797,27.651813117787242,1335232.2675479453,32.86397079805099,-0.25612560632809106,7.913856531150275,-2418239.4910915107,5385753.31069823,2405775.7515305234
22,22.30568459553015,114.18038457414522,22.152223797515035,1335249.6647745317,31.145292036521703,-2.3425273742790713,2.4142754039952106,-2418236.163469402,5385750.095446167,2405771.7338935477
23,22.305728048071618,114.18041371001111,24.186156791634858,1335272.0457521924,34.147444316616955,2.469188535230822,4.448192991698798,-2418238.9249310885,5385748.916327087,2405776.957527973
24,22.30571422266976,114.18040795019998,17.445583140477538,1335289.4504382762,33.55392274445058,0.9382325391889234,-2.292377100506735,-2418236.0671151564,5385744.000487818,2405772.9827585877
25,22.30572355552816,114.18040808253109,22.97207993362099,1335312.4821365306,33.567584936153224,1.9717058002196097,3.234119383145693,-2418238.013207988,5385748.301415404,2405776.0364713464
26,22.30567301556389,114.18046554059046,35.12645682319999,1335342.9526458713,39.48813680242842,-3.6248211749444867,15.388461652873696,-2418248.8903309605,5385758.072368215,2405775.4718815773
27,22.305721270213592,114.18050042819665,54.42354482319206,1335376.1167306385,43.08306965882855,1.7186738624000837,34.685527197920166,-2418258.651862894,5385771.0364072975,2405787.7397014764
28,22.305771210197435,114.18053728180894,73.5383979761973,1335409.7572580487,46.88059815061759,7.248829337551465,53.800349675027086,-2418268.500133946,5385783.699018163,2405800.111044327
29,22.305726000992486,114.18050245413698,57.53809770382941,1335419.1288914864,43.29184269077239,2.242540098808255,37.80007850267099,-2418259.941153343,5385773.39818555,2405789.406490445
30,22.30566902712776,114.18051719635112,55.37941076327115,1335439.368830804,44.81088755000221,-4.066479341150163,35.64138016910932,-2418261.489702783,5385773.138518462,2405782.7502325093
31,22.305678053836584,114.18052008182829,51.470889256335795,1335457.9759473791,45.108177412954554,-3.0669004977294345,31.73285712925762,-2418260.1243515466,5385769.371852578,2405782.191541542
32,22.30568163948688,114.18052876119273,53.27416859380901,1335480.0962630555,46.0025128188545,-2.669840508191061,33.53613026197776,-2418261.561852237,5385770.390008389,2405783.243319538
33,22.305700150444977,114.18048468053556,37.26835856959224,1335488.753619655,41.46032179157242,-0.6200342803085555,17.53035189665724,-2418251.0340235606,5385758.031903749,2405779.0647768434
34,22.305728749835232,114.18044691150824,28.21293158084154,1335501.5697924548,37.56854139961708,2.546907722392763,8.47494852558425,-2418243.559750042,5385750.886695857,2405778.557779776
35,22.305732135065565,114.18045842132088,28.892567763105035,1335522.3065706524,38.75451341495117,2.921774133267931,9.154577452516497,-2418244.840938614,5385750.844724674,2405779.162547655
36,22.305754233440013,114.18044569961545,24.46544422209263,1335540.0891207037,37.443639423758526,5.368829028105795,4.727460141142853,-2418241.5869631376,5385746.797893572,2405779.746189323
37,22.305755267921835,114.18044512669817,22.228074876591563,1335558.6952473111,37.3845928037262,5.483380140634024,2.4900910433052186,-2418240.6674241666,5385744.8940774845,2405779.0029791724
38,22.305763937684063,114.18044394591034,20.98420642130077,1335579.0136296677,37.26291523119787,6.443423055113867,1.2462223962514167,-2418239.9357976075,5385743.56167991,2405779.419075702
39,22.30576655844824,114.18045233254392,21.826244642958045,1335600.4943745902,38.12707542357816,6.7336358085291055,2.088255212799169,-2418240.9981139153,5385743.8179047275,2405780.0071645128
40,22.30577411752645,114.18045130679785,19.661594160832465,1335619.8623123593,38.02136794202982,7.570686001405664,-0.07639558273258644,-2418239.9512415305,5385741.744411788,2405779.9599903356
41,22.305780458672494,114.1804610111871,20.592939815483987,1335641.5365647785,39.021308564775524,8.272875009169073,0.854943158823292,-2418241.1072202655,5385741.877748481,2405780.9631239227
42,22.3057844237019,114.180468642932,21.119120999239385,1335663.1974821182,39.80768298134468,8.71194438892701,1.3811188976963704,-2418241.955737587,5385741.847710267,2405781.5690476904
43,22.30578722128692,114.18047829934845,21.8138533430174,1335684.912368598,40.802680355392226,9.02173794624598,2.07584452432458,-2418243.0785446935,5385741.919236365,2405782.1193419187
44,22.305789450994453,114.18048703377805,22.259583171457052,1335706.3844731643,41.702675229447,9.268647208073624,2.5215681791991287,-2418244.0301001295,5385741.841292,2405782.516949089
45,22.30579538978396,114.18049239092984,21.912468871101737,1335727.2251443225,42.25467025433878,9.92627888578104,2.17444925145705,-2418244.2998828962,5385741.094519835,2405782.993623058
46,22.305799320883995,114.18049793813756,21.85098881740123,1335748.1538379197,42.82625099555184,10.361589942983992,2.1129646925480587,-2418244.7303389367,5385740.657778572,2405783.3730242676
47,22.305803292139682,114.18050387131,21.632414172403514,1335769.151849263,43.437600277630004,10.801347484705225,1.8943851820719524,-2418245.1368509945,5385740.070620201,2405783.696914119
48,22.305807338280854,114.18051098605966,21.645241387188435,1335790.3008911402,44.170700348889945,11.249398204174236,1.9072065861474483,-2418245.740833182,5385739.626022795,2405784.1163044083
49,22.305810562251867,114.18051812859014,21.73944744374603,1335811.6353131614,44.90666374280178,11.606406269615658,2.001406862139686,-2418246.392420443,5385739.28045961,2405784.482351802
50,22.30581448568273,114.18052540211421,21.673658731393516,1335832.7143461579,45.656123282096466,12.040868665614763,1.9356120232792837,-2418246.9836471826,5385738.767514109,2405784.8593318947
51,22.305820683491593,114.18053012960914,21.03109076898545,1335853.2527980562,46.14323594725641,12.72718194370282,1.2930392168743643,-2418247.0778172174,5385737.788024216,2405785.2504022596
52,22.30581443485358,114.18055876882812,17.543795279227197,1335873.2657002388,49.09418551654375,12.03524274754197,-2.194276943268375,-2418248.555891463,5385733.8755862955,2405783.286634642
53,22.305808121555255,114.1805687144279,18.836604655720294,1335895.8601809463,50.11898822269896,11.336146949020605,-0.9014742466648559,-2418250.089380914,5385734.789006446,2405783.1305318936
54,22.305787242887693,114.18056436216665,25.83729540091008,1335922.3824477103,49.67059486870286,9.024161416218538,6.099223714826398,-2418252.6927176532,5385741.681777755,2405783.6486507524
55,22.305779072133415,114.18054008031991,35.640969689935446,1335949.530475461,47.16867536115397,8.119378737522187,15.902918210434489,-2418254.266140337,5385751.294173069,2405786.532546738
56,22.30577906988159,114.18055126396456,31.178485257551074,1335970.091209848,48.321003035641965,8.119127207497618,11.440425155749656,-2418253.626316737,5385747.055917061,2405784.8385824044
57,22.305821550220333,114.1805946662348,9.978167543187737,1335976.5226450325,52.79297350438682,12.823157777276036,-9.759935752174984,-2418248.9406127846,5385725.702313184,2405781.144058615
58,22.30584420268647,114.18064516023412,2.217800888232887,1335992.9948684776,57.995767033542386,15.33156925276178,-17.52035314027109,-2418250.3560997625,5385716.152896364,2405780.5193173117
59,22.30582998129276,114.18062239627952,-4.6171002220362425,1336009.9061663207,55.65013115892185,13.756747495743737,-24.35522975122527,-2418245.870977136,5385711.890327247,2405776.4681706773
60,22.30584303090527,114.18065123936766,-11.156024174764752,1336027.3017733654,58.62203431386729,15.201783001199303,-30.894183611950027,-2418245.8795051547,5385704.6538027,2405775.3232281776
61,22.305819918229645,114.18063486983733,13.879410879686475,1336062.593315786,56.93556566380772,12.642462331876729,-5.858727670416789,-2418254.2262222273,5385727.360666751,2405782.457581133
62,22.305829726782864,114.18065090648865,-5.251272459514439,1336074.5464507972,58.58779452861789,13.72857392576218,-24.989428223874796,-2418248.314944202,5385710.161534618,2405776.201396333
63,22.305788261905143,114.18061969151408,-15.829736640676856,1336088.9641738483,55.37135344642541,9.136961428935036,-35.56785541054331,-2418242.0857840544,5385704.140653722,2405767.9383413657
64,22.305754959176625,114.1805651803917,-1.773315372876823,1336120.767218053,49.75470070465741,5.449205338826041,-21.51138363720879,-2418242.862022892,5385719.581803175,2405769.8616428403
65,22.30549661804556,114.18016359320882,135.26546496804804,1336244.5343634929,8.375634133828681,-23.158619450266738,115.5275452511768,-2418261.492683243,5385862.097124188,2405795.4073781325
66,22.305639937172298,114.1802843639022,106.98287697508931,1336241.237026651,20.819938340148138,-7.287876697810969,87.24496687112315,-2418259.6599572543,5385827.634167236,2405799.355939402
67,22.305625295971446,114.18027473745047,119.43150611128658,1336270.0235797102,19.828058529700137,-8.909207695219067,99.69359709656975,-2418263.7246449892,5385839.108469537,2405802.580785843
68,22.305637606456237,114.18031538714722,118.74622575100511,1336289.9122110382,24.016653529184904,-7.5459809238280355,99.00830411487365,-2418267.074113207,5385836.342394978,2405803.5819031987
69,22.30564960166874,114.18027974211613,124.49780489131808,1336317.0064172007,20.34375867416929,-6.217684037414443,104.75989746205877,-2418265.6965650236,5385842.241257875,2405806.9938136293
70,22.30567614709882,114.18021587964071,127.10215148050338,1336343.71489055,13.763281838075775,-3.2781421055490845,107.36426383721522,-2418260.2233858174,5385846.116935045,2405810.701878114
71,22.30565610084607,114.18014799148119,137.43058966938406,1336374.2286346303,6.768000186421211,-5.498010320423741,117.6927117435304,-2418258.1009909203,5385858.468075206,2405812.5682631433
72,22.305632937939514,114.18015475668027,141.37748019769788,1336398.397199612,7.465103103413657,-8.063001600308105,121.63959875346227,-2418260.6313949223,5385862.401831545,2405811.6932394514
73,22.305613611714293,114.18014870971153,146.0696063861251,1336423.876227277,6.842019136548765,-10.203135456435627,126.3317225584394,-2418262.1738031823,5385867.358217995,2405811.4941352746
74,22.305593091161434,114.18012741944871,154.52707447856665,1336451.9577279016,4.648239184940481,-12.475536720513999,134.78918856612705,-2418263.73078595,5385876.181715853,2405812.601790214
75,22.30558518015436,114.18013178373332,151.74249260500073,1336470.6729602388,5.097941607746102,-13.35157283042612,132.0046045665423,-2418263.2219912373,5385873.950652468,2405810.734422093
76,22.305567896384492,114.18012163677643,159.37186246272177,1336499.9442511124,4.052385210403749,-15.265545485697329,139.63397085676027,-2418265.456918901,5385881.480810146,2405811.8593812836
77,22.30577198827818,114.18161645573767,-163.79347844887525,1336264.021280788,158.0733426897925,7.335448867389541,-183.53331256567873,-2418279.984652519,5385537.8142763525,2405710.1115957075
78,22.305771532358296,114.18170378628287,-181.20052955951542,1336271.9221731406,167.07113606965342,7.285038207574675,-200.94059286287506,-2418281.604247981,5385519.454441854,2405703.458053643
79,22.305494895767772,114.18007567927576,181.35937824938446,1336580.6945361784,-0.6831720468327998,-23.349510815140047,161.62146329324048,-2418270.7259129765,5385904.777014151,2405812.7256387505
80,22.305567989690854,114.18022467838776,134.58902676496655,1336568.0882466612,14.669945893235194,-15.255147022911245,114.85111960724414,-2418265.7496975516,5385856.211474579,2405802.462712741
81,22.30558816825642,114.18018807970648,137.86538504064083,1336592.1334355776,10.898761851472416,-13.020647709131602,118.12749041866533,-2418263.2036006525,5385859.747739698,2405805.7735497262
82,22.305531101670564,114.18008451970535,168.88894345797598,1336635.9133617633,0.22776694521570837,-19.340118629394013,149.15104202283064,-2418266.207867632,5385892.490613362,2405811.701888724
83,22.305500595757763,114.18005228454075,176.7564571937546,1336664.763755715,-3.0938204304688632,-22.718290924266263,157.0185438169373,-2418266.6843324355,5385901.661008877,2405811.5625954387
84,22.305687267943313,114.18078054736935,-1.4236518926918507,1336546.860213322,71.9460017377153,-2.0464554020295647,-21.161929759348386,-2418264.404058278,5385713.382408947,2405763.0595025793
85,22.305619404152928,114.18024486538447,114.96743365935981,1336663.7871504822,16.749989466129627,-9.56164397310522,95.22953251585996,-2418259.326385335,5385836.827500218,2405800.28284202
86,22.305690604767033,114.1807566576905,2.575478183105588,1336594.9865322702,69.48446654759223,-1.6769665001398346,-17.162772300071172,-2418263.6165535413,5385717.638021417,2405764.919216729
87,22.305626144701495,114.18026306561235,110.68008017353714,1336704.3912795137,18.625350902800097,-8.815211624284887,90.94217491339028,-2418259.2964435993,5385832.182361989,2405799.3461610107
88,22.305695667001846,114.18070250543448,10.55639235675335,1336645.622914218,63.904727307327725,-1.1164279564474335,-9.181799683319806,-2418261.463658784,5385726.465369102,2405768.466975793
89,22.30563942111448,114.18031212324983,95.91366574075073,1336735.8550896181,23.680252164057688,-7.345006118726922,76.17574559792524,-2418258.083449328,5385817.1399271,2405795.101780817
90,22.305660863554547,114.18045570418572,62.182083130814135,1336729.578170609,38.47476055644826,-4.970498071965455,42.444093240386955,-2418258.4279631176,5385781.788335925,2405784.495817899
91,22.305497877883145,114.18002596378659,180.83294673543423,1336839.6054805599,-5.8059770998818525,-23.019275586598333,161.09503038100087,-2418265.801734755,5385906.316693062,2405812.831356399
92,22.305658545559105,114.18045786995688,60.43538909777999,1336769.5388433633,38.697912530010306,-5.227180476278295,40.69739765297168,-2418258.0095208883,5385780.311596673,2405783.5953872143
93,22.305659802844033,114.18049099490611,52.285768740810454,1336784.072843361,42.111065539429646,-5.087939031107863,32.54775579765117,-2418258.013210477,5385771.987041555,2405780.6310268287
94,22.305648788027984,114.18045448076445,58.57831796631217,1336810.0875470883,38.34868037717474,-6.307684338306418,38.84032764644179,-2418257.155162605,5385779.261399659,2405781.8908876227
95,22.305663365838008,114.18038981543287,79.19933228660375,1336846.8582421942,31.685640987021685,-4.693434347478033,59.4613799311742,-2418258.6402310333,5385798.835851941,2405791.211031608
96,22.305612358887032,114.18049737688622,62.531957416795194,1336855.4903462627,42.768749431501284,-10.341676292220221,42.79393371097874,-2418263.3128139903,5385782.184515977,2405779.6593359536
97,22.305646068973772,114.18052775263172,40.45644188206643,1336859.491436056,45.8985098771643,-6.608740687301067,20.718401417911704,-2418257.221982221,5385760.9782842845,2405774.734212559
98,22.305372492599904,114.18007617743626,187.5947808055207,1336991.3216947757,-0.6318415373043387,-36.904177986521084,167.8568014937093,-2418275.2429375914,5385914.711884834,2405802.551853193
99,22.305567488462614,114.18057769940185,61.96834921464324,1336918.0508444218,51.04522874467947,-15.310399337424135,42.23025462592417,-2418271.421990376,5385780.039084912,2405774.848469449
100,22.30561488598196,114.18054191762727,50.708985997363925,1336930.7195804727,47.3581584813557,-10.061805098123326,30.970930330658156,-2418262.9756528446,5385770.229150616,2405775.430864164
101,22.30565474633575,114.18053437471471,39.03851315006614,1336942.4665826538,46.58083648268257,-5.647848622490648,19.300468670625794,-2418257.1577239414,5385759.169357765,2405775.0850289664
102,22.3055658730584,114.1802898428054,104.61810602154583,1337012.1561043574,21.384494118986428,-15.48945511002115,84.88017932869593,-2418260.5538904364,5385828.2468194915,2405790.870518229
103,22.30562470210646,114.18053006508156,46.078295815736055,1336988.967608959,46.136832513885984,-8.974810679752059,26.340250727510735,-2418259.937669662,5385766.444751407,2405774.678954341
104,22.305607794840647,114.18052707455531,50.762507343664765,1337012.640286364,45.82872734593702,-10.84704946463296,31.02446155093433,-2418261.7227742476,5385771.172684067,2405774.7246958045
105,22.305575646862916,114.1804016418981,79.66618405655026,1337054.0629951586,32.904270887021646,-14.407063936173047,59.92821091130677,-2418261.4389815,5385802.094021016,2405782.401439115
106,22.305634542333674,114.18046730960842,48.88405721727759,1337050.3799836426,39.67051272680482,-7.8851722372880255,29.146057052747572,-2418254.932564191,5385771.08420926,2405776.751996241
107,22.305610344169306,114.18040924058535,64.96312786825001,1337082.3251728914,33.68715934797768,-10.564803456658165,45.2251581993332,-2418255.9840347474,5385788.033599159,2405780.3756720717
108,22.30556015295213,114.18027721274036,100.96956954523921,1337129.2800898883,20.08306695641144,-16.122870661584848,81.23164550117181,-2418258.0824878095,5385825.919848952,2405788.899705154
109,22.3055780430771,114.18034622658497,83.21818848419935,1337135.9307969732,27.194250376325705,-14.141736166212603,63.48024282426815,-2418257.5347577888,5385807.338924055,2405783.995080571
110,22.305650578628246,114.18047473100295,38.16008107922971,1337121.51404438,40.43514217238061,-6.10937648046611,18.42207807282244,-2418251.2901173327,5385761.105112142,2405774.3246446964
111,22.30566475611009,114.18053745470232,22.13755531050265,1337129.0542566476,46.89807095129656,-4.539402198094725,2.399509395588585,-2418250.8700818457,5385744.391214864,2405769.6958022225
112,22.30564421088262,114.18050393778468,32.33722921088338,1337156.342913613,43.44457188710426,-6.814494972770937,12.599205706321426,-2418251.9385169283,5385755.202074943,2405771.462227591
113,22.305638870601133,114.18051183865545,30.954549357295036,1337174.7386803248,44.25866915913808,-7.405847050977996,11.216519597018923,-2418252.2491450114,5385753.906383492,2405770.390329096
114,22.305644907789333,114.18051535752323,26.578860023990273,1337191.0501538839,44.621220473233095,-6.737313572975769,6.840828483933192,-2418250.8177592973,5385749.833320107,2405769.348051405
115,22.305647743292415,114.18051371288296,23.894525323994458,1337208.0288772613,44.45173740970459,-6.423322235408239,4.15649529080643,-2418249.5970875886,5385747.528446156,2405768.619713292
116,22.305636248026637,114.1804893372536,28.961963457986712,1337230.8994920107,41.94011436401123,-7.6962617406555776,9.223949012125207,-2418249.4240672677,5385753.274903703,2405769.3653688123
117,22.30564080723444,114.18050838193574,21.675161423161626,1337245.0788566489,43.90242461527834,-7.19138453082976,1.9371343702191008,-2418248.374337144,5385746.1462477585,2405767.066768968
118,22.305643156096178,114.1805163349563,17.077441876754165,1337260.9860111438,44.7218689853328,-6.931276441982766,-2.6605905767993074,-2418247.339112775,5385741.840058128,2405765.5623550103
119,22.305634613526916,114.18049622989129,20.624716782942414,1337282.799729353,42.650275714861216,-7.8772456633733485,0.8866974078050066,-2418246.9406068483,5385746.010044718,2405766.033537946
120,22.305633898357907,114.18049679445748,18.253414114937186,1337300.0744991356,42.708432820225426,-7.956436612411511,-1.484605748453588,-2418246.1073535,5385744.012263726,2405765.060248636
121,22.305630101575748,114.18049107781464,17.553405067883432,1337318.7282113768,42.11938810998119,-8.376872974114615,-2.1846114218805877,-2418245.370082015,5385743.808310469,2405764.4055867586
122,22.30562773559487,114.18048643469044,16.4600441865623,1337336.903334408,41.64095553876329,-8.638869017622824,-3.2779695136687184,-2418244.5600226605,5385743.1722009,2405763.748213176
123,22.305621075760644,114.18047190026051,18.123918228782713,1337357.039307161,40.143344802667755,-9.376350206361971,-1.6140869209835123,-2418243.9389992733,5385745.44529873,2405763.6974400836
124,22.305386772703372,114.18028697745537,90.00421007350087,1337429.4924500177,21.08922373207307,-35.32227471681112,70.26620494804332,-2418257.8297883007,5385822.900641982,2405766.975041273
125,22.305344432079114,114.18024705736637,102.48374732211232,1337457.8888192936,16.97585411828304,-40.01098927060806,82.74572662894366,-2418259.535435744,5385836.741671894,2405767.373755361
126,22.30561245981343,114.18044538399178,18.078157549723983,1337413.8986651865,37.41111796019176,-10.33044158313711,-1.6598324787729635,-2418241.577483501,5385746.856177752,2405762.7973788786
127,22.30538276409946,114.18026471363406,88.5954338721931,1337485.3298840367,18.795132570893564,-35.76616642885176,68.85743342849209,-2418255.2721222593,5385822.805009052,2405766.029668296
128,22.30560609305015,114.18042749686803,18.382068754173815,1337451.9252362936,35.568036970412145,-11.035468280957895,-1.3559119239114814,-2418240.120889343,5385748.111737386,2405762.2604604987
129,22.305413179917817,114.18027240891682,78.19291393365711,1337515.4705199816,19.588026268811756,-32.397987395684815,58.45492919942067,-2418251.529724341,5385812.534300281,2405765.1975602475
130,22.305445590319614,114.18028956443123,67.95205645170063,1337526.6680482016,21.35570570421933,-28.808947385947786,48.21408335655124,-2418248.7035121545,5385801.924280518,2405764.6311437385
131,22.30559604285485,114.18039141405592,21.97133883088827,1337511.2933121244,31.850093811775466,-12.148388977404073,2.233375760910041,-2418238.262351233,5385753.049332951,2405762.5931255314
132,22.305586167804325,114.18036109225412,27.93134857621044,1337534.8649921063,28.725770295596377,-13.241919272966085,8.19339814632919,-2418237.840739484,5385759.737963913,2405763.8435383295
133,22.3055854333825,114.18035344486772,27.549933512695134,1337553.5949923072,27.93778282177251,-13.323246039866019,7.811986411135111,-2418236.9899932668,5385759.766976066,2405763.6235329146
134,22.305588525441323,114.18034861102419,27.04824708495289,1337572.2999603965,27.439701321369093,-12.980847074983643,7.310302855514182,-2418236.29226508,5385759.429017572,2405763.7498976868
135,22.30559361207053,114.18035070295791,24.923943136818707,1337589.5604559574,27.65524372750857,-12.41757520219244,5.185999103018129,-2418235.596309701,5385757.352786779,2405763.4647451453
136,22.30553169176356,114.18029969246827,43.46000770572573,1337622.3160840003,22.39920553984782,-19.274376119152294,23.722067162094508,-2418238.8917694557,5385777.524278826,2405764.1563584413
137,22.30559019609429,114.18033872697076,24.45300958864391,1337627.177375109,26.421238518648,-12.795844029201762,4.715070032708265,-2418234.3509192453,5385757.591753341,2405762.936041121
138,22.305593119607323,114.18033430606759,24.028528980910778,1337645.8941109597,25.965707081370613,-12.472109196251084,4.290591939610061,-2418233.7241669777,5385757.30798989,2405763.074441564
139,22.305612853839595,114.18033515598337,19.339060336351395,1337661.392470389,26.053259455620164,-10.286834415139408,-0.39887314375303423,-2418231.6872029887,5385752.557574375,2405763.3163179704
140,22.305574089606903,114.1803006979804,33.80495141632855,1337691.3884781583,22.502772864685472,-14.579421082242515,14.067023033677598,-2418234.5975117753,5385767.707385195,2405764.8354435093
141,22.30557973020453,114.1803034155354,33.489568404853344,1337710.7568605237,22.782787709221658,-13.95480835086151,13.751640432226276,-2418234.6363371722,5385767.110235909,2405765.2936147447
142,22.30560051741653,114.1803101580388,26.74543133750558,1337724.8776585252,23.477506951096352,-11.652922931116287,7.007505492679161,-2418232.3565106075,5385760.336604313,2405764.863529602
143,22.305630324818765,114.180326337027,24.558606369420886,1337741.9314691888,25.144573885480153,-8.352198143782424,4.820679376759457,-2418232.5354547435,5385756.6652148375,2405767.0872613895
144,22.30562731647801,114.18033821776352,33.381490278057754,1337768.1068795214,26.368799810355267,-8.685336352446804,13.643557898662909,-2418237.0475435606,5385763.7256199075,2405770.127759761
145,22.30566440607948,114.18033386309153,36.92884605936706,1337789.510529918,25.920102147068715,-4.578222547289338,17.19091980962841,-2418237.3439938305,5385765.4813028565,2405775.2739413115
146,22.305707478167147,114.1803535875346,53.372335630469024,1337819.9716470793,27.952572029108307,0.19137190306846574,33.63440244984421,-2418244.6879887786,5385776.875624646,2405785.9277319764
147,22.305696041026103,114.18037319640031,52.41801156569272,1337841.0235483814,29.973071910769058,-1.075120016708546,32.68006912744126,-2418246.366460388,5385775.681078779,2405784.3937936234
148,22.30571545940089,114.18040895578245,63.89553760830313,1337869.3164467306,33.65778230159152,1.0751897170449232,44.15757679875397,-2418253.743054655,5385783.114272923,2405790.7394682756
149,22.30572070770784,114.18042798378167,69.25651240814477,1337892.0458397933,35.61846332550011,1.6563695676763226,49.518540831436056,-2418257.472926275,5385786.6345862625,2405793.3119043093
150,22.30574165982628,114.18042715088508,82.75053575541824,1337919.735635403,35.532711107451334,3.9765238634619324,63.01256362715547,-2418262.147634054,5385797.255314143,2405800.580079257
151,22.305757136364477,114.18045725067492,86.82852568104863,1337942.7506458736,38.63423416115594,5.6903427716235155,67.09053422312253,-2418266.255969213,5385798.833312064,2405803.713443179
152,22.30574520044596,114.18050488273173,104.88244689442217,1337975.1594425035,43.54240286707665,4.368633046593318,85.14442488161455,-2418277.7806161838,5385812.518014523,2405809.342957844
153,22.305734717180552,114.18053315393225,114.46846732310951,1338001.3430126654,46.45556969568657,3.2077688013145496,94.7304254617621,-2418284.2513347887,5385819.817292417,2405811.9073089994
154,22.30579012209238,114.18051649249017,105.12246099486947,1338012.8690246462,44.738671692297224,9.343091566260258,85.38442533283444,-2418278.18952169,5385810.508181214,2405814.036278975
155,22.305824559387926,114.18052347646865,89.82623908855021,1338021.1551361682,45.458187704679105,13.156519145139965,70.0881915781081,-2418272.4564556787,5385795.983055784,2405811.758695689
156,22.305826582597046,114.18052591640452,83.66256009135395,1338036.162092402,45.7095556612407,13.380548948458737,63.924510318933386,-2418270.31517699,5385790.600378969,2405809.626547068
157,22.305803177497268,114.18053527718317,84.28344179410487,1338055.1530452904,46.67410847143863,10.788768487344491,64.54538997468565,-2418271.8333201706,5385791.62671269,2405807.464358361
158,22.305808944572487,114.1805316357307,77.35944039188325,1338069.477234974,46.29883869399727,11.427377121773695,57.62139018796135,-2418268.767803546,5385785.7154548215,2405805.4271888356
159,22.305813490989,114.1805209159646,74.3955224500969,1338086.873610339,45.19424578104715,11.930819244701839,54.65747923837372,-2418266.5586654777,5385783.492046964,2405804.76801201
160,22.30582285061547,114.18052032994291,70.78155095875263,1338102.9605705056,45.13383325278468,12.967256667371997,51.043506140320254,-2418264.972886954,5385780.107735968,2405804.355217493
161,22.305721942059595,114.18040836439073,21.625876482576132,1338087.2121790592,33.596620971990475,1.793038327961124,1.8879158331735166,-2418237.5573212695,5385747.215189865,2405775.3602239564
162,22.305752902533886,114.18058759416861,80.5953656155616,1338150.0588595169,52.064873375043376,5.221539600744307,60.857279114516174,-2418276.2189923082,5385788.233499111,2405800.913898305
163,22.305773777315366,114.18055507389587,68.62097513955086,1338160.3564926055,48.71386531311937,7.5331007467501925,48.88291277557365,-2418268.264868866,5385778.699357416,2405798.5076394686
164,22.305757607765507,114.18056529166027,68.30866718385369,1338179.7573064966,49.76671136206872,5.74255867879701,48.57059856896743,-2418269.3853546246,5385778.624483402,2405796.732541891
165,22.305753231424163,114.18056944328411,67.31424138974398,1338198.550535596,50.1944902043564,5.257942384068342,47.57616984374247,-2418269.4740975928,5385777.777762371,2405795.906754774
166,22.305777764197043,114.18050080275967,46.18747744616121,1338201.8942472325,43.12159171916117,7.974545855009822,26.449454781669694,-2418254.5933262496,5385761.903304405,2405790.401471383
167,22.305764385488107,114.18044708170665,27.06496279966086,1338207.4723980068,37.586062312562504,6.493017541616101,7.32697682894318,-2418242.5272201826,5385748.544299961,2405781.7728990987
168,22.305746012977234,114.18051564353729,38.07449780870229,1338236.7562304677,44.65073961345218,4.4585659099744825,18.336468072710826,-2418253.460459029,5385755.646997882,2405784.069315182
169,22.305774642087442,114.18048106715553,30.514521511271596,1338249.3929758335,41.08793394495905,7.6287939873152375,10.776512690957587,-2418246.8524948126,5385749.628059869,2405784.1329530315
170,22.305792559765933,114.18047202715118,30.581767082214355,1338268.0082190076,40.156448953300696,9.612904969659107,10.843761495041054,-2418245.7197599853,5385749.379365753,2405785.994120979
171,22.305793077599155,114.18048375884786,29.56166325788945,1338287.239883751,41.36527379610239,9.67024882140631,9.823649861945958,-2418246.42703333,5385748.003394829,2405785.659992271
172,22.30578938691546,114.1804796824296,25.718858203850687,1338303.7017608467,40.94521698667749,9.261554469972756,5.980848126819597,-2418244.651116575,5385745.073638511,2405783.8233508887
173,22.30579346693379,114.18047839079327,22.182974830269814,1338320.7664058113,40.81210334330511,9.713349010292958,2.4449649293952924,-2418243.119499816,5385741.987445429,2405782.899300079
174,22.305796131406808,114.18048099421597,19.999085493385792,1338339.076794006,41.08034428847691,10.00839618337011,0.26107341312712434,-2418242.4907378214,5385739.932209132,2405782.3433771413
175,22.305801676659268,114.18049698835384,22.72606892697513,1338360.8667546147,42.72839075775705,10.622457450629634,2.98804502673635,-2418244.9321257393,5385741.3461054815,2405783.94650681
176,22.305805072582977,114.18050380177506,21.658165802247822,1338379.9926296298,43.43043504736881,10.99850454083458,1.920136522122432,-2418245.1094219782,5385740.027024068,2405783.8890921697
177,22.3058088757863,114.1805117535432,20.499225952662528,1338399.1424715456,44.24977314507971,11.419651724733326,0.7611902984034304,-2418245.352210189,5385738.567446803,2405783.838849659
178,22.305811633112405,114.18051924376688,19.522176089696586,1338418.2386969877,45.021555163718524,11.72498403385216,-0.2158655202952862,-2418245.6385483993,5385737.320964873,2405783.7504946706
179,22.305815890767303,114.18053009835525,19.740253819152713,1338438.2014388088,46.14000779976317,12.196458136965152,0.002203332346438255,-2418246.668211516,5385736.883643267,2405784.2694569356
180,22.30581229174556,114.18053485569858,21.90942602790892,1338459.7119609197,46.63021960786288,11.797926799161354,2.171372731118994,-2418247.999390719,5385738.65161851,2405784.7240514746
181,22.305826484880775,114.18055452067497,15.50433629564941,1338475.4761649452,48.656437928711256,13.369593566046447,-4.233735246252327,-2418247.1762407976,5385731.8715721825,2405783.7470656396
182,22.305826503012963,114.18056734015092,12.443566140718758,1338494.0256277001,49.97732667137996,13.371599165926103,-7.29451561449456,-2418247.221025546,5385728.7465361385,2405782.5872071977
183,22.305819295443477,114.1805823733747,9.849393135868013,1338513.4413566964,51.52632387260699,12.57347146880099,-9.888699306906544,-2418247.775117576,5385726.19891729,2405780.8641838646
184,22.305835392577237,114.18058620203313,-0.5810586074367166,1338526.589529921,51.92073587270312,14.35595876018294,-20.319158030424433,-2418243.9051261363,5385716.616877517,2405778.5544282524
185,22.305813639561443,114.18061199395702,5.656239975243807,1338551.7870574393,54.57837840721147,11.947172180104552,-14.081876631564356,-2418249.0677311155,5385721.62659189,2405778.693236046
186,22.30583004934585,114.18064372021792,7.752957722172141,1338573.7286889458,57.847444780230404,13.76431816241687,-11.985191364602764,-2418252.5620262264,5385721.427982066,2405781.17020181
187,22.305823731024475,114.18063032520182,5.635039699263871,1338592.763014264,56.46721418712325,13.064652205400138,-14.10309554449661,-2418250.6090749605,5385720.448079911,2405779.719043591
188,22.30582867376846,114.1806371911179,1.4034945871680975,1338609.6887443191,57.174633916286304,13.611978095367869,-18.33464810817257,-2418249.565765511,5385716.397377121,2405778.619335583
189,22.305804161520353,114.18061163546983,13.146117507480085,1338638.602325123,54.54150780850301,10.897638574894412,-6.591996895442508,-2418252.0355955996,5385728.32654924,2405780.565008094
190,22.30579550331936,114.18059872134091,19.57919873483479,1338664.0338522336,53.210899294553954,9.938881172689005,-0.1589028576710207,-2418253.4086436923,5385734.633071436,2405782.119662528
191,22.305758008327587,114.18057142447444,31.846711549907923,1338692.4240343363,50.398351046629955,5.786883944308106,12.108637935109826,-2418256.137209475,5385747.576528255,2405782.934475433
192,22.305744143756463,114.18058330464302,31.44324818905443,1338712.105991735,51.622483544236886,4.251594719092978,11.705166003238668,-2418257.3397257472,5385747.266176493,2405781.3609318603
193,22.305718833169536,114.18053171017694,53.047759409062564,1338747.734971377,46.306362959060195,1.4488158318171787,33.309719276360845,-2418261.1129357023,5385768.648383482,2405786.967850853
194,22.30569233005926,114.18049631304144,61.928758258000016,1338775.0383241475,42.65910207720631,-1.4860277851648813,42.19074353967956,-2418261.607458889,5385778.654087934,2405787.6233935384
195,22.305714821403843,114.18058156420477,38.58093146700412,1338778.273468992,51.44321733948463,1.004585416756321,18.842852074390994,-2418260.3858532496,5385754.48807948,2405781.0659865807
196,22.305674361805476,114.18040694663532,80.20911244954914,1338832.3340649137,33.45085430390141,-3.475783920499751,60.47115186820267,-2418260.443925791,5385798.543448665,2405792.7208248144
197,22.305624573626048,114.18025608891566,115.17852079868317,1338881.6844014318,17.906476460421185,-8.989194004947587,95.44061735179326,-2418260.372400902,5385836.333742344,2405800.892573549
198,22.305633305428533,114.18025584405645,109.12400924693793,1338897.3802407144,17.88122777564023,-8.022257743002958,89.38610716799452,-2418257.9046501066,5385830.899280049,2405799.4891768224
199,22.305610881964558,114.18034156701125,97.91176531370729,1338908.3878001792,26.714179434080435,-10.505318495490233,78.1738287448319,-2418262.0996916993,5385818.67784499,2405792.936317578
200,22.305617435848657,114.18041209272948,80.25713617447764,1338914.61634235,33.98112538227827,-9.779525353431515,60.519166205444186,-2418261.9258801825,5385800.549426541,2405786.9070039717
201,22.305453891856178,114.17996704232809,202.81524170469493,1339026.1062748898,-11.877432364575604,-27.89027467649495,183.07729739703845,-2418269.3505543466,5385929.043196391,2405816.6681767306
202,22.305521197217864,114.1800662760166,164.74394533131272,1339017.486698765,-1.6521022680550341,-20.436898196580348,145.00604024901142,-2418263.092671511,5385890.141996037,2405809.1139507084
203,22.30549360885841,114.18013066656388,159.39856066647917,1339032.1435205722,4.982835569421567,-23.49193795357975,139.66064327581043,-2418267.594759611,5385883.970573139,2405804.2586773913
204,22.3056546583574,114.18056049471465,33.56444514449686,1338959.548033616,49.27219986623581,-5.65757774052626,13.826380441647641,-2418257.5400284696,5385753.450199162,2405772.998347012
205,22.305649554598826,114.18055377811537,35.83723264466971,1338981.336895466,48.580140924322116,-6.222746882896368,16.099172718692735,-2418257.8578412156,5385755.84759515,2405773.338102819
206,22.30565099915671,114.1805707164213,36.558309234678745,1339001.8265283257,50.32546886007342,-6.062778839486124,16.820235938424258,-2418259.6984202475,5385755.685887061,2405773.7597790766
207,22.305496327133948,114.18015886725276,158.14739134535193,1339111.5323878387,7.888691884064941,-23.19091795563444,138.4094721317452,-2418269.7247266993,5385881.620101596,2405804.0622927696
208,22.30564638426506,114.18055713527258,33.48819497227669,1339037.4083224835,48.92604544152682,-6.573810418176591,13.750132049472057,-2418257.337792294,5385753.844875902,2405772.1217343137
209,22.305488043977412,114.18013149742286,161.3581463592127,1339153.4153765708,5.0684507762268325,-24.108184711409375,141.6202265897634,-2418268.511263775,5385885.802766417,2405804.432299695
210,22.3056337542818,114.18057543452073,45.946336198598146,1339086.9821423625,50.81170279081499,-7.972401280816564,26.20825693731042,-2418263.9965191633,5385764.071412154,2405775.5562573574
211,22.3056066383016,114.18056592314032,52.11590050160885,1339111.873469851,49.83170644213963,-10.975109201270039,32.37782448466676,-2418265.907315929,5385770.719618409,2405775.119885124
212,22.30561557783336,114.1805570004951,51.21416735928506,1339130.279891419,48.912304573280885,-9.985188707901646,31.47610009162313,-2418264.5729680206,5385769.992398045,2405775.6934838183
213,22.30562479432254,114.18055033867911,43.955247341655195,1339145.2000060205,48.22581132062385,-8.964589775781123,24.217186823091264,-2418261.0372302188,5385763.793689013,2405773.8826051517
214,22.305635770592247,114.18054690047896,38.559709863737226,1339161.1075028237,47.87149450143229,-7.74912500086233,18.82165361321496,-2418258.4803685574,5385758.964138928,2405772.9592536143
215,22.305567612812567,114.18053613711454,60.69796830136329,1339198.4989356387,46.76262194787163,-15.296639784742192,40.959906566599756,-2418267.0315834936,5385780.71632844,2405774.3790409626
216,22.305606412876084,114.18053444153188,46.93494291603565,1339207.8961251867,46.58779500534314,-11.000072841530148,27.196891363619233,-2418260.98855274,5385767.68428131,2405773.130375138
217,22.305542929091704,114.18025800736046,111.29241097997874,1339275.641342418,18.1041549728529,-18.03020695257236,91.55448772498114,-2418260.485627005,5385836.103309698,2405791.053108318
218,22.30558925952203,114.1803949684919,73.19057854823768,1339267.0844974217,32.21660232068554,-12.899643381758093,53.45261215501112,-2418258.1233293284,5385796.388349756,2405781.338259833
219,22.3056346736822,114.18048536612353,42.78713039495051,1339264.2278936557,41.53102003369694,-7.870614902614969,23.04911841065513,-2418254.317101284,5385765.171279535,2405774.451381619
220,22.305649246811658,114.18051936002516,31.034862904809415,1339275.6887491895,45.03366767670811,-6.256835644671336,11.296828959465387,-2418252.8079495276,5385753.258878027,2405771.4838434733
221,22.305659019233723,114.18054517549287,22.23690648842603,1339289.231341515,47.69362197975132,-5.17467175580144,2.498854190461353,-2418251.732242891,5385744.369160047,2405769.1457748096
222,22.30565866992068,114.18054782631322,19.409407527185977,1339307.3717383544,47.96674072985814,-5.213349705644123,-0.3286468480865205,-2418250.915913759,5385741.884271077,2405768.0368178613
223,22.305658172622273,114.18054818470108,16.95002155005932,1339325.6329712223,48.003650580602276,-5.268415769118798,-2.788033147936283,-2418250.026147127,5385739.812497753,2405767.052416411
224,22.305653288691328,114.18053909059203,17.422914774157107,1339346.0935856067,47.06660168824683,-5.809239771489876,-2.3151334165970345,-2418249.434599979,5385740.782704839,2405766.7315495135
225,22.305651308962442,114.18053070681738,17.67512797843665,1339366.4507372996,46.20274267819344,-6.028467333877299,-2.0629141033654457,-2418248.776196007,5385741.425326678,2405766.6244557374
226,22.30564598430266,114.1805205698239,17.48594764061272,1339386.5585134528,45.158230393013085,-6.618094959370929,-2.252087552872091,-2418247.843304753,5385741.897659975,2405766.0071483515
227,22.305644094481373,114.1805140563153,18.19764826912433,1339407.0336963339,44.48708604670203,-6.827366500503632,-1.5403824303756062,-2418247.5332842004,5385742.845703387,2405766.0836626617
228,22.305647952945854,114.1805175442761,17.63436613138765,1339426.6914785546,44.84647930104501,-6.400098848201793,-2.1036666380942335,-2418247.5812600693,5385742.075141628,2405766.2651651385
229,22.30563625127682,114.18050270155881,14.77139085996896,1339444.4297117307,43.317074472020664,-7.6958808451744725,-4.966632784535461,-2418245.302552418,5385740.733913847,2405763.9797100965
230,22.305631851039323,114.18049105243813,16.268731047399342,1339465.6314120404,42.11676431779404,-8.183144954221406,-3.4692851710341457,-2418244.850735751,5385742.658043034,2405764.0972227543
231,22.305627751555956,114.18048272953352,16.704025503247976,1339485.8338313315,41.25917890276208,-8.637102921445027,-3.0339857160789228,-2418244.303926663,5385743.5338896215,2405763.842450753
232,22.305625828450758,114.18048294923032,13.365931618027389,1339502.8772290028,41.281795363568484,-8.850052703773652,-6.3720800411124445,-2418243.0926745394,5385740.781008509,2405762.378467587
233,22.305622801239085,114.18047456109616,14.871771945618093,1339523.5931417095,40.41749546430497,-9.185274388091289,-4.866234655105405,-2418242.926970419,5385742.522033681,2405762.6398709426
234,22.305622874652546,114.18047197121221,13.914348318241537,1339542.538754584,40.15062864531356,-9.177144278191037,-5.823656588330497,-2418242.319433165,5385741.820465045,2405762.2840048308
235,22.305618127867472,114.18046032697417,15.337561564520001,1339563.393710891,38.950820443999035,-9.70278314977083,-4.4004366871589555,-2418241.8459492177,5385743.695112035,2405762.337879189
236,22.305609450849367,114.1804449152525,17.829697344452143,1339585.6783789634,37.36281853998807,-10.663638120454987,-1.9082929526008638,-2418241.4910666607,5385746.781629447,2405762.3948120475
237,22.305609417672237,114.18044284393557,17.085065519437194,1339605.554446908,37.149386291887,-10.66731124004067,-2.6529235390339916,-2418241.0147492946,5385746.24185637,2405762.1087905117
238,22.305609889585423,114.18043263810556,18.64401086512953,1339625.9619714809,36.09778922132783,-10.61505915096303,-1.093972069959279,-2418240.6380671407,5385747.970259191,2405762.748830048
239,22.305606010211005,114.18041773163166,17.69921889528632,1339647.2953557775,34.56182593612428,-11.044642532105073,-2.038756268801485,-2418238.945619066,5385747.950743525,2405761.992800333
240,22.305604845794733,114.18040645260953,18.035877366550267,1339667.4830548894,33.39964066284004,-11.173586983082183,-1.7020918353577017,-2418238.033028305,5385748.755572909,2405762.0012849583
241,22.305598400112782,114.18040142802217,18.469830736517906,1339686.60800827,32.88191228677314,-11.887349777574567,-1.2681370734993074,-2418237.8361391085,5385749.58103394,2405761.5056384485
242,22.30559980311074,114.1803910148209,19.08526794426143,1339706.0686081366,31.808941477303847,-11.73199252989117,-0.6526941370458341,-2418237.066381094,5385750.4861707175,2405761.882960929
243,22.305598369368646,114.18038740031152,19.128164565190673,1339725.0576408496,31.436503868008064,-11.890758443726394,-0.6097959661516734,-2418236.767559301,5385750.729901747,2405761.7523570904
244,22.30560358201314,114.18037893099498,19.142877582460642,1339744.2885613854,30.56382653243747,-11.313539307026119,-0.5950776541065568,-2418235.8872885234,5385750.899917011,2405762.291970341
245,22.305608936704328,114.18038037076093,18.108108403161168,1339762.531242929,30.71217350246786,-10.72058685681885,-1.6298465166186344,-2418235.538304648,5385749.760500169,2405762.447808545
