Epoch,Error_East_m,Error_North_m,Error_Up_m,Error_2D_m,Error_3D_m
1,32.046423765781455,-3.066234587051017,8.5564906169879,32.19277979173079,33.310487873903504
2,31.704819329106222,-3.0449305042221573,8.25356437009777,31.850701255495302,32.90271258237165
3,32.689365742804796,-2.70095797612864,10.134978629529376,32.800759239012635,34.330854904541624
4,32.90817498924093,-3.7310235154359845,10.24060482295995,33.11900538354434,34.66610022392582
5,32.810323351614905,-4.183630151817055,9.965303989995382,33.07597435729927,34.54457067757156
6,31.444049930175307,-3.377482611618351,8.057907207392915,31.624921577818057,32.63534178411645
7,33.642449060341995,-5.490216946667817,10.913857671891181,34.087488333686075,35.79202634919518
8,37.541209585669314,-9.496090001462722,15.594142369526931,38.7236122084579,41.74560358543286
9,33.15270520213839,-7.137154713629101,8.449685382017613,33.91225205771761,34.94907756552745
10,34.579055807788805,-9.039709361545896,9.770225935363126,35.74111702086818,37.05245957729979
11,35.591860631533976,-8.940665876467236,11.804510837842766,36.69763002605432,38.54948152245256
12,34.86317174857694,-6.559736657144697,12.106451935518301,35.47493325408606,37.48382408251426
13,34.11645981658846,-5.122166967666275,11.153354975795446,34.49883222460648,36.25695453396007
14,33.14919103524452,-4.543250422799003,9.900471553223767,33.45907934620137,34.89311289741275
15,30.950157604453555,-3.543080926245656,7.1399465171948355,31.15229812053101,31.96004559538116
16,31.09442070137667,-4.4382467546722975,6.688689721227852,31.40956913123071,32.11385375809668
17,30.214942393560474,-3.818030151979607,5.428261914831811,30.45521462882183,30.93519234631679
18,31.498039765723934,-4.210520195263035,6.9971860470882135,31.778215642132018,32.53944686031725
19,30.252974688658483,-3.2431147436406067,5.227757479391401,30.426308858503194,30.87215118867428
20,32.50491376539089,-2.767526231150066,8.831612752310221,32.62251707541283,33.79683423254862
21,32.834302783421336,-1.1896762015566742,9.554919448357499,32.85584831864702,34.2170024169643
22,31.827716818545383,-4.127973295550566,10.587596359916407,32.09429421891522,33.79557542180352
23,34.00181355229664,-1.301146433705692,7.447522319923341,34.026699911791155,34.83219624991862
24,33.86576665846554,-5.207350227084389,8.50009427537577,34.2637804066211,35.30238307031733
25,32.78657308137169,-2.2424814259778287,6.513733537567184,32.863172357001424,33.50248978754281
26,37.783128219243935,-4.977040545731974,14.295988372846455,38.10952257147401,40.70271482569987
27,39.312242560848865,-2.5386679860163874,17.14276924354521,39.394127104255546,42.96244624836534
28,41.11972083321495,1.4593467016444945,19.882655368529644,41.14560892971609,45.69771458947212
29,38.12594674781057,-1.2950306058729324,16.434996459266277,38.14793467131655,41.53762184217015
30,39.4678488341402,-4.864035860993813,19.82360434104128,39.7664423408931,44.43360468746291
31,39.49984228134028,-4.254418469698819,18.85762572849179,39.72829743100088,43.976671825889085
32,39.732750449539175,-4.385516749898017,19.557118469282006,39.97404427186461,44.50174264307548
33,35.58287890597843,-3.922589024984723,13.126270163580989,35.79843538335796,38.12908265751711
34,31.448987969866895,-1.9694285745779085,6.943158454289153,31.510593349526072,32.26646777322494
35,32.07366954561156,-2.3968979280952163,5.879099534928145,32.16310615905742,32.69601212901032
36,30.24764497538886,-1.2470611756798613,4.585141537782108,30.273341211915394,30.618600736391432
37,29.667101916503817,-1.525398548311232,2.6699186049143906,29.70629187319438,29.826032961362504
38,28.889957226965556,-1.0461553370807728,3.180385752829956,28.908892568986484,29.08331004376919
39,29.132068351841234,-1.0934364321024912,4.154168909337346,29.15258152698314,29.447073352282462
40,28.49573741305685,-0.848955346170686,3.5217687925462458,28.508380800979907,28.725087142110333
41,28.765396185883418,-0.8144132432907725,3.833298744647946,28.77692281432613,29.031112033943916
42,28.892533479954043,-0.8912461754444436,4.229822421213188,28.906276319088725,29.214109747697385
43,29.220144706671082,-0.9979021918579711,4.635329304186598,29.237179505952913,29.6023469208366
44,29.488382006268456,-1.0186087083414783,4.882023750552538,29.50596951547816,29.907129466889423
45,29.40861854343403,-0.9227598468928395,4.817319901569056,29.42309178805398,29.81484364209048
46,29.393534790323365,-0.9493322307860002,4.837114985826632,29.40886123525287,29.804006451154645
47,29.329409984660337,-1.0506087393343044,4.787828153725574,29.348220879151416,29.73619624634372
48,29.342339327631528,-1.1149665058093134,4.717131002750684,29.363515244720762,29.739995837660437
49,29.321267751762775,-1.165854448848755,4.901535071742098,29.344436596507762,29.750983264860036
50,29.34501208055375,-1.0693392558626975,5.054115496845216,29.364489105924772,29.79626325409657
51,29.108500816211237,-0.8810218200485913,4.516687229977151,29.12183062952554,29.47000988714138
52,30.79322366749286,-1.207429091739817,-2.071805271873341,30.816886748142196,30.886451494666463
53,30.86589844753271,-1.8106512244439514,-1.589086708713293,30.9189609273983,30.95976972456016
54,29.507199249628744,-3.681204485866326,4.921868681876103,29.735939097732455,30.140518664178398
55,26.587269231552504,-4.983436560356646,22.380696754480297,27.050277727634473,35.10859029294914
56,25.84160747093902,-5.164797088880325,4.882410225423683,26.352681185249406,26.80115175250347
57,29.84458136178358,-0.6239883941926099,-12.227880991949258,29.851103801638672,32.25847906720775
58,33.21185290907458,1.2614063333392576,-25.20932977498628,33.23579876566522,41.71484900243322
59,30.528351176565913,0.7270186990794567,-30.167094410684793,30.537006758170396,42.92507853145658
60,32.18570927821383,1.9296060119830347,-40.015497630267284,32.24349951700623,51.38952531110895
61,31.05758210760042,0.19807134241915847,-0.461489511504352,31.058213706313335,31.061642120085313
62,30.593221921623197,1.4418626588479633,-37.235966924580296,30.627180664773345,48.21349840325947
63,27.08058509469297,-1.028694190180282,-42.30283206438414,27.100116250817408,50.23888833837095
64,21.604436365183123,-3.2233104460585604,-30.325668060018337,21.843566578947616,37.37362096687092
65,-21.137344782176456,-28.828443184755557,78.02264828678581,35.747258368961404,85.8219093622413
66,-6.097643402072702,-13.486931672144719,60.814599040930894,14.801303354365151,62.589887661643345
67,-7.162079020116135,-14.278377162414548,78.2614390277914,15.973961007920016,79.87502907031245
68,-3.87714305588673,-12.892694560613517,79.92764795151417,13.463053565558003,81.05357930634693
69,-8.648527494979206,-11.256118256815718,91.01463225384782,14.194971857768207,92.11493098486254
70,-16.688487546761145,-7.9499288144280325,102.89594959937419,18.485318086332054,104.5432132120963
71,-23.815157382777045,-8.99335598287518,116.54451402763223,25.456672465213455,119.29235483859861
72,-23.163928311210384,-10.116670665416535,115.6286959648039,25.276760080346403,118.35924100246862
73,-23.96841207852651,-10.616474116709966,119.131931264251,26.214391090331052,121.98201239111876
74,-26.19762006438277,-11.669137557621328,124.75772135686375,28.678983042926042,128.01161317057642
75,-25.484736130413438,-12.450910763616875,120.73970491966344,28.363655520407637,124.02650240399328
76,-27.385962814164003,-11.901817670583366,130.42716843378673,29.86041230664078,133.80168343028407
77,116.76107823528275,7.483821213961835,-153.06237682952386,117.0006708127281,192.6583716616839
78,124.70163976644747,8.108702466397771,-167.72400875307048,124.96499516316318,209.15925303062608
79,-30.641776350529245,-17.376871254350448,139.338303785856,35.22604310032741,143.72208255666774
80,-14.538965286150031,-9.753860444616784,103.93372869321098,17.50769274247568,105.39800408565108
81,-18.57094131166078,-7.652924570098483,106.0405184554745,20.085993021923663,107.92607965632122
82,-29.640051741916064,-14.35014509483357,127.86436614507272,32.93113012798433,132.03694733364392
83,-32.40661874419434,-18.599493193127138,137.3499901553458,37.36482417291363,142.34166600523665
84,41.01467016853631,-0.2920230340424277,-15.561753996339842,41.01570975231605,43.86862926886174
85,-13.766245650337556,-7.465710729376435,93.46901662854088,15.660343418972781,94.77184933041359
86,38.96729772941002,-0.5967968382950068,-11.46089062568754,38.9718675302927,40.62214264083881
87,-10.719424100072676,-7.054327742841644,88.0536870297043,12.83236505639721,88.98382657801226
88,35.11789651562868,-0.6290515809482244,-4.703566980242204,35.123530027232434,35.437069629295294
89,-4.305933071800549,-6.192625191951158,75.06453243453541,7.542523873798069,75.44251915201555
90,11.190932008927163,-4.156101851886769,44.05866450031307,11.937761173339295,45.647300680136986
91,-30.59870083019319,-19.68816396048026,132.0578344314719,36.385495635354744,136.97874261125506
92,12.248119528687042,-4.2919502096299205,42.169691300647834,12.978338437217115,44.12165152147958
93,15.844725478698777,-4.396800900861692,35.595225931676495,16.443454127924106,39.20978567633645
94,12.509855091224143,-5.270774743075908,41.633622628876424,13.57488640083863,43.79082180091354
95,5.88989585552406,-2.9432635770969227,53.550021028754884,6.584350664506324,53.95329856323221
96,18.92866986171444,-6.272310197165302,37.32718862215308,19.94082290035294,42.31968133595803
97,21.147633615849827,-4.934005027716573,25.137235265460745,21.71558917376533,33.21817890786425
98,-24.80957248107523,-31.677779458089038,136.92414026589128,40.236756803811275,142.71375822128195
99,30.1678262163456,-7.434110193030145,26.501217621425468,31.070303071932585,40.83721670731118
100,24.76122400255615,-5.582839574829596,26.21181574203495,25.38279558722889,36.487608805146955
101,22.916088722369487,-3.4334692898464096,21.615390655669557,23.171875920948402,31.688498653187015
102,-0.6807637834666451,-12.110328420494573,69.57689415970913,12.12944738152231,70.62625357961787
103,24.249881210705997,-4.819641545550373,23.48161577090501,24.724192269130793,34.097975930740546
104,24.943010749852878,-5.3363794003172815,25.218859948104466,25.507464208960617,35.86950832466922
105,11.679353729500711,-9.245231690354144,49.78061016026406,14.895691073163766,51.96143531962253
106,18.303252542261486,-4.73258639029741,28.414605388454756,18.905195782308887,34.12911113622843
107,13.0347716568896,-6.833000570500561,40.04723507747701,14.717172586598059,42.665866993352175
108,0.5150210093536245,-11.619279260746836,66.49334360019594,11.630687734579462,67.50287134865462
109,7.756612005579768,-9.384571305312226,52.72529527910214,12.175188228097085,54.11277086472383
110,20.682681132990115,-2.989797525904671,20.495750174264572,20.89765987125953,29.27094059473862
111,27.49002502309072,-1.0051083602701611,8.44533264923015,27.50839360242686,28.775603593012463
112,24.919860639930953,-2.57903807029333,15.512572965285582,25.052961734725145,29.466774707879235
113,26.51963710601217,-2.4657658278647254,14.164110013915442,26.63402247788424,30.166092982664203
114,27.57852253980505,-1.707463375803652,10.96296841303463,27.63132889779726,29.726705385619862
115,28.166553821203724,-1.3402667820467693,9.21152807468957,28.1984231688551,29.664849884680326
116,26.533588952717707,-2.076502838758839,12.789308450531374,26.61471785969479,29.528115710183574
117,29.157160408246995,-1.1993529575410076,7.4615414872958095,29.18181712280797,30.12064162589577
118,30.634113241057335,-0.5260528469610959,4.082715443000657,30.63862963096947,30.909451484169633
119,29.496436866786432,-0.92006955965606,6.671608693603126,29.510783043337288,30.255523105566763
120,30.352651658531922,-0.6139985117844402,4.793787291752556,30.35886125790383,30.73501022409497
121,30.60952620960355,-0.6132939046794643,4.173499836084426,30.615669585849723,30.898824007908786
122,30.91062099410955,-0.42486295597113255,3.2447778971578702,30.91354070262484,31.08336504265146
123,30.34470031133739,-0.5750466556828222,4.309675017776041,30.350148527496394,30.65460510918277
124,11.23992153793808,-21.520695276557746,59.72964073659417,24.27913016080805,64.47562441642631
125,7.863435141549397,-25.04833016091743,69.30061660376658,26.25361796163873,74.10686822243893
126,30.34836062767325,-0.25748177000501826,4.302154984436871,30.34945287232033,30.652860015980693
127,11.533290347470203,-20.960922456303923,58.355673631089275,23.924402948835223,63.069498978479636
128,30.11753737258831,-0.3320859191848964,4.481782658352923,30.119368161483308,30.450988723581496
129,14.391419198332928,-17.627417872206863,50.190691815295104,22.756071879468642,55.108478043595746
130,17.207578169700593,-14.439863606222211,42.26027021741418,22.463535060908313,47.85959513286256
131,29.24772788059225,-0.7771151515499568,7.237340903272885,29.258050074055546,30.139883833321733
132,27.12285966025612,-1.6510960046063374,11.497679604350614,27.173068177266543,29.505461705431347
133,27.167938093369568,-1.6690754959960774,11.267695748567144,27.219160039510694,29.459186016228855
134,27.461278755062768,-1.3790964314252658,10.94099256728083,27.495885834619543,29.592719648381863
135,28.324281893680563,-0.9738134254726347,9.279550253551445,28.341017225574515,29.821524278421755
136,23.701447758272703,-6.597917046950341,22.987096157333752,24.60266520514735,33.67042804811184
137,28.889134787005148,-1.4322465778521405,8.427919705186872,28.924616488408628,30.127450432431175
138,29.30557425956282,-1.4024932455385493,8.13143536642343,29.339115017098457,30.445096667687785
139,30.385828108994048,0.1344485701624034,4.560077222721658,30.386125555709658,30.726388179617473
140,27.147015635399526,-3.2991045048428376,15.19712489765054,27.346746578752303,31.285734026825878
141,28.217087670660383,-2.855814663241036,16.25813905505543,28.361236115594764,32.690775450240324
142,29.690950955291054,-1.4449530565812285,11.079143496416325,29.72609052608873,31.72361704754687
143,31.756569402476785,0.2328978781682931,6.039728279608957,31.75742340990497,32.32664936747216
144,32.771405887371785,-0.650062609521898,10.513472860227527,32.77785266351602,34.42267765316791
145,32.919722384874305,0.648012724819087,10.4539632187591,32.92609971418907,34.545815801163094
146,34.85255880504349,3.1375378751898126,13.597113610709336,34.99349938456092,37.54232941254182
147,36.19159779525229,0.30410345863778154,16.99979675183963,36.192875402306264,39.98646420341167
148,39.028553644085854,-0.37794229833894555,22.267906872361916,39.03038354833527,44.935848900475264
149,39.833869821021636,-0.28627168004940273,23.4363155283289,39.834898473485495,46.217745747021105
150,38.21450472706324,2.0344178693143466,26.321166161683962,38.26861935844726,46.44664698030097
151,40.50881794566866,1.9696001959113048,28.253896776429983,40.55667215498654,49.427991455654166
152,43.58680505231266,0.9118202902771433,36.16953284721818,43.59634148538235,56.64694252381204
153,45.05053237348882,0.3950256170386226,40.084846278019114,45.05226423136667,60.30341129244103
154,42.93773617948662,4.118990637031907,32.79919359716446,43.13484985585496,54.18858157131837
155,43.70537372981184,5.7231033056046385,24.205050682593004,44.07849367105402,50.28715624149019
156,43.513659319795195,5.863497567704314,22.212691766740136,43.90693739177983,49.205922678574765
157,43.72772795889618,4.413116102504196,21.845160645050832,43.94985536018762,49.07953575360601
158,42.81721508745528,5.037431149371784,19.444189826364273,43.11252277969905,47.294462027110086
159,41.14402810052121,4.694275947154588,19.477545159119142,41.410955977911364,45.76288933655783
160,40.50859101122866,5.153372622392606,16.77695218654911,40.8350731002189,44.14713263361479
161,31.73477827922136,-1.2009539034498236,6.934025695404161,31.7574942763051,32.50567881238717
162,42.25706878444687,2.5768939898761287,21.480075738248928,42.33556713791058,47.47308604472058
163,42.05132719522983,1.3888581244462364,21.261325826772048,42.074256330565326,47.14113937615721
164,40.0976932796153,1.51745751623994,19.107715520839616,40.126396345294935,44.443587569918726
165,42.01215328128856,-0.2589922979258992,23.086620230019737,42.012951578541475,47.938295067576476
166,35.792062829206124,0.6231840989805084,13.868046974843605,35.797487621215275,38.38987948519153
167,30.610729933384306,-0.2782963829416163,8.102453450724761,30.611994968171356,31.666133137036322
168,36.577802192430376,-2.718275596443469,15.240119431130779,36.678667307397966,39.71883527650218
169,32.67210441212573,-0.6468888528284928,9.693819931572643,32.67850779801243,34.085994437166036
170,30.831575426529895,0.9610784282501834,7.774424259391546,30.846551104249077,31.81118337302254
171,31.299557416991767,0.30154546187927167,8.348716869579217,31.301009954395152,32.39528202583736
172,30.225229826744464,-0.0332959321104056,6.661247157763117,30.225248166038575,30.950570921962417
173,29.416075937154023,-0.10312780464080262,5.626797103854857,29.41625671094985,29.949574363126622
174,28.899263623078397,-0.24499156309848757,5.294017359371654,28.900302054168428,29.381185793352525
175,29.523287197478275,-0.200219982705919,6.1001148716162925,29.523966112063253,30.14756999217638
176,29.369156143324446,-0.24711032327178195,5.731213426398557,29.370195710666273,29.924157522339215
177,29.30611764724736,-0.2362013060973034,5.216198616888592,29.307069498865033,29.76765107666602
178,29.197658098820742,-0.3214104287943371,4.932724603724308,29.199427102588334,29.613144296672676
179,29.352649142370225,-0.34797989179085853,5.110880498948774,29.354711745819927,29.796311871684942
180,28.847812206639308,-1.0569232382816267,6.539150654518897,28.867167437092743,29.598544679150063
181,29.64816485863432,-0.1846865832850959,0.7645548915411946,29.64874008484685,29.658596271586827
182,29.73820540150708,-0.10340078558498966,-3.891829608537064,29.73838516504695,29.991963755755812
183,30.094133227409337,-0.1622132835358876,-9.218774612283614,30.094570404948765,31.474894331999003
184,29.253091636176084,1.1102156525121902,-19.680976151486078,29.274151551660694,35.27487450502074
185,30.87829077411944,0.38575980127096976,-17.733518066676297,30.880700311931825,35.61032595717822
186,32.63239278554347,1.8394502391203034,-21.587265849257076,32.68419550933126,39.16971640105006
187,30.566463309378413,1.512075574766257,-24.164885962106514,30.603840474479366,38.994060641961795
188,30.587090094417626,2.057738710704008,-25.35670812283479,30.65622887841149,39.78400452282533
189,27.569701810633294,0.47926429927923486,-14.281802981626697,27.573867196963874,31.052987756443045
190,25.649103246460385,0.023893610117260877,-9.607720239555842,25.649114375591783,27.389511796557457
191,23.144421512634608,-2.418987306654074,8.434260835924142,23.270490900371165,24.751818167412694
192,24.54875113626921,-2.6953605963430123,11.97330320000497,24.696278081824342,27.445694391179952
193,18.917788089305198,-5.0642790271505715,33.416709315336504,19.583912485933315,38.73249397756866
194,15.19210639343174,-6.699751576365714,40.38740599878145,16.603817869826337,43.66725696863466
195,23.40839047028631,-3.514490632751241,22.906577744040508,23.670749646284698,32.93957639012468
196,5.351327631971834,-6.567221129851922,60.78363327416681,8.471428497784705,61.37112655639847
197,-9.535939196777768,-9.606027028884979,90.09614907000733,13.535504853691693,91.10722237500875
198,-10.167111786439513,-8.67107832893121,87.70764232184597,13.362550709517167,88.71971755546387
199,0.00949301308497752,-8.486090602262557,72.31219100181077,8.486095911967194,72.80842527695177
200,7.75710435984627,-7.194178556040793,56.53181271667758,10.57964428257128,57.5132569255059
201,-36.2078503350435,-24.41176644863882,147.21134961399318,43.668555815687306,153.55169885807558
202,-26.269108525818773,-18.655094455551968,120.75671775347682,32.219227363281234,124.98105254189403
203,-18.546966702408454,-20.981046441848072,109.23411208596366,28.003469136077292,112.76650888834018
204,23.2401727377549,-5.602086012532804,22.62583678634669,23.905836035840743,32.915307789156415
205,22.847491236109285,-5.829796206507783,24.34425810423342,23.579533065637733,33.89155178269413
206,24.542643777067703,-5.857187118095037,24.176293810654762,25.23188467999207,34.944830618040235
207,-14.991605698346286,-20.229543707314647,106.88270982901493,25.179012689556405,109.80845295519943
208,25.346907751026983,-3.537611182237982,14.878620907724214,25.592585360134425,29.603273223269333
209,-17.22807770560758,-20.398130018473854,108.98058703112892,26.700006922864592,112.20364842254676
210,27.574779844991816,-4.152396288712728,20.27917633411111,27.885675147614446,34.47978931531129
211,27.508898983743357,-6.1500419219875715,24.890408490433853,28.187985719806246,37.604454174481276
212,27.36985487632954,-4.455131616376292,21.50604366365545,27.730076697884837,35.092265069864474
213,26.03327674041539,-5.184010202473869,22.006404619083725,26.544405429815264,34.480245125016665
214,25.585270968796923,-4.790488832800069,20.31687874492567,26.0298842449202,33.020151964216595
215,27.341563084184926,-8.028362685171263,29.29858995895121,28.495888813846715,40.870809300451484
216,26.24410177566699,-5.882448815991582,23.5650315667142,26.89527992202959,35.758450677071636
217,-1.5450744254153008,-14.135904380491347,74.23040527892857,14.220093095140653,75.58018335191079
218,12.309364015585878,-9.009902824215919,45.753294457120006,15.254467915008195,48.22927269874534
219,21.507099176367344,-4.684992549777529,23.812243309876852,22.01146224523877,32.42726324595319
220,25.363944136491632,-2.8899207968387772,15.001050287342627,25.528049364788323,29.609336603417034
221,28.56973768847403,-1.5307281321488366,8.403000975119841,28.610715478693738,29.819179492243418
222,29.474123608526163,-1.2356685145043018,6.200305818476872,29.500014223190075,30.144562219595343
223,30.162766170524357,-0.8985769692806844,4.222331054355822,30.176147925595973,30.47011623148208
224,29.90753070860094,-0.9935353435146155,4.584624706848551,29.924028899276266,30.273194236277202
225,29.820397466282003,-0.8865864207324794,4.661213803339147,29.833574048854175,30.195513816607008
226,29.60949756264516,-1.05967271637655,4.480975724390687,29.62845342197467,29.965386625583545
227,29.730000865635937,-0.8633092436951335,4.873230538762903,29.74253274892646,30.139121258007744
228,30.716708450094014,-0.2368932276680722,3.686155789593235,30.71762191982628,30.938003182405673
229,30.17605420230036,-0.7174794867372238,2.7899288401160978,30.18458255523932,30.31324342539032
230,29.832423289454088,-0.8471942549172713,3.440225294307143,29.844450362282224,30.042076617676052
231,29.83577031473201,-0.9717863409447203,3.7792532095123854,29.851592235019734,30.08987061765969
232,30.68118623379447,-0.6824960745528994,1.574442363971452,30.6887762806626,30.729136960904505
233,30.511728576544314,-0.6470351761503359,2.371381594096465,30.51858835608041,30.61058127368225
234,30.972370332463264,-0.23710199536295917,1.526780764916184,30.973277859591416,31.010885199741942
235,30.5789620126703,-0.34159483080944675,2.2798129284430217,30.58086991569679,30.665732533064737
236,29.776404375357046,-1.237620277709798,4.967005917045564,29.80211337265498,30.213194290848268
237,30.42551805260644,-0.8457512181628495,3.6031214272796124,30.437270638027062,30.64979490815927
238,30.357468334674603,0.01960864319327804,2.4754996050350186,30.357474667528905,30.45823971414283
239,29.667441845210032,-0.4929432943805132,4.09414098403218,29.671536844767477,29.952664140732555
240,29.319693374975166,-0.3559071133505114,4.507122010698096,29.321853445440592,29.666230604767023
241,29.785871775622017,-0.7683486774324209,3.7192945221178606,29.79578018988441,30.027015650346677
242,29.50537674018681,-0.4130463596315064,3.7721349754527953,29.508267720684007,29.74839266495916
243,30.06201201576867,-0.7407634719845753,2.99065565160133,30.071137274098007,30.219485736592233
244,29.848527205143625,-0.5725063081293982,3.6480098506091294,29.854017146592636,30.076075469701635
245,30.422644871614875,-0.5162530053221115,3.1165960269733204,30.427024799508395,30.586222534749933
