msgVer,bootType,cpuLoad,cpuLoadMax,memUsage,memUsageMax,ioUsage,ioUsageMax,runTime,noticeCount,warnCount,errorCount,tempValue,reserved0
1,1,54,54,12,27,16,74,322,14,0,0,28,0
1,1,52,54,12,27,15,74,323,14,0,0,30,0
1,1,51,54,12,27,15,74,324,14,0,0,28,0
1,1,54,54,12,27,16,74,325,14,0,0,30,0
1,1,56,56,12,27,15,74,326,14,0,0,29,0
1,1,52,56,12,27,15,74,327,14,0,0,30,0
1,1,53,56,12,27,15,74,328,14,0,0,28,0
1,1,52,56,12,27,16,74,329,14,0,0,27,0
1,1,51,56,12,27,15,74,330,14,0,0,30,0
1,1,51,56,12,27,19,74,331,14,0,0,27,0
1,1,51,56,12,27,15,74,332,14,0,0,31,0
1,1,49,56,12,27,15,74,333,14,0,0,30,0
1,1,49,56,12,27,15,74,334,14,0,0,30,0
1,1,51,56,12,27,15,74,335,14,0,0,29,0
1,1,52,56,12,27,15,74,336,14,0,0,27,0
1,1,50,56,12,27,15,74,337,14,0,0,30,0
1,1,49,56,12,27,15,74,338,14,0,0,29,0
1,1,48,56,12,27,15,74,339,14,0,0,31,0
1,1,49,56,12,27,15,74,340,14,0,0,28,0
1,1,48,56,12,27,16,74,341,14,0,0,31,0
1,1,48,56,12,27,15,74,342,14,0,0,31,0
1,1,49,56,12,27,16,74,343,14,0,0,28,0
1,1,49,56,12,27,15,74,344,14,0,0,30,0
1,1,51,56,12,27,19,74,345,14,0,0,29,0
1,1,51,56,12,27,15,74,346,14,0,0,29,0
1,1,50,56,12,27,15,74,347,14,0,0,30,0
1,1,53,56,12,27,15,74,348,14,0,0,30,0
1,1,54,56,12,27,15,74,349,14,0,0,29,0
1,1,50,56,12,27,15,74,350,14,0,0,29,0
1,1,50,56,12,27,15,74,351,14,0,0,28,0
1,1,51,56,12,27,19,74,352,14,0,0,30,0
1,1,51,56,12,27,17,74,353,14,0,0,28,0
1,1,52,56,12,27,15,74,354,14,0,0,30,0
1,1,52,56,12,27,15,74,355,14,0,0,28,0
1,1,51,56,12,27,15,74,356,14,0,0,29,0
1,1,51,56,12,27,18,74,357,14,0,0,29,0
1,1,53,56,12,27,15,74,358,14,0,0,30,0
1,1,52,56,12,27,15,74,359,14,0,0,30,0
1,1,53,56,12,27,15,74,360,14,0,0,29,0
1,1,53,56,12,27,16,74,361,14,0,0,29,0
1,1,53,56,12,27,16,74,362,14,0,0,30,0
1,1,52,56,12,27,16,74,363,14,0,0,29,0
1,1,52,56,12,27,17,74,364,14,0,0,27,0
1,1,53,56,12,27,19,74,365,14,0,0,30,0
1,1,53,56,12,27,15,74,366,14,0,0,30,0
1,1,53,56,12,27,15,74,367,14,0,0,30,0
1,1,53,56,12,27,15,74,368,14,0,0,29,0
1,1,52,56,12,27,16,74,369,14,0,0,29,0
1,1,52,56,12,27,16,74,370,14,0,0,30,0
1,1,51,56,12,27,18,74,371,14,0,0,30,0
1,1,51,56,12,27,15,74,372,14,0,0,30,0
1,1,49,56,12,27,18,74,373,14,0,0,28,0
1,1,48,56,12,27,15,74,374,14,0,0,28,0
1,1,48,56,12,27,15,74,375,14,0,0,30,0
1,1,51,56,12,27,15,74,376,14,0,0,32,0
1,1,50,56,12,27,15,74,377,14,0,0,30,0
1,1,51,56,12,27,15,74,378,14,0,0,30,0
1,1,50,56,12,27,19,74,379,14,0,0,28,0
1,1,50,56,12,27,17,74,380,14,0,0,28,0
1,1,52,56,12,27,16,74,381,14,0,0,30,0
1,1,51,56,12,27,16,74,382,14,0,0,30,0
1,1,49,56,12,27,16,74,383,14,0,0,28,0
1,1,49,56,12,27,15,74,384,14,0,0,30,0
1,1,49,56,12,27,17,74,385,14,0,0,29,0
1,1,52,56,12,27,15,74,386,14,0,0,29,0
1,1,55,56,12,27,15,74,387,14,0,0,30,0
1,1,55,56,12,27,18,74,388,14,0,0,30,0
1,1,51,56,12,27,18,74,389,14,0,0,31,0
1,1,52,56,12,27,15,74,390,14,0,0,30,0
1,1,50,56,12,27,18,74,391,14,0,0,30,0
1,1,50,56,12,27,15,74,392,14,0,0,30,0
1,1,48,56,12,27,16,74,393,14,0,0,30,0
1,1,49,56,12,27,15,74,394,14,0,0,31,0
1,1,48,56,12,27,16,74,395,14,0,0,28,0
1,1,50,56,12,27,15,74,396,14,0,0,31,0
1,1,49,56,12,27,15,74,397,14,0,0,31,0
1,1,50,56,12,27,15,74,398,14,0,0,30,0
1,1,51,56,12,27,15,74,399,14,0,0,31,0
1,1,51,56,12,27,15,74,400,14,0,0,31,0
1,1,49,56,12,27,16,74,401,14,0,0,32,0
1,1,49,56,12,27,16,74,402,14,0,0,28,0
1,1,49,56,12,27,18,74,403,14,0,0,29,0
1,1,50,56,12,27,15,74,404,14,0,0,28,0
1,1,50,56,12,27,19,74,405,14,0,0,31,0
1,1,51,56,12,27,19,74,406,14,0,0,31,0
1,1,50,56,12,27,18,74,407,14,0,0,30,0
1,1,50,56,12,27,15,74,408,14,0,0,30,0
1,1,51,56,12,27,15,74,409,14,0,0,29,0
1,1,51,56,12,27,16,74,410,14,0,0,29,0
1,1,51,56,12,27,15,74,411,14,0,0,28,0
1,1,52,56,12,27,15,74,412,14,0,0,28,0
1,1,53,56,12,27,15,74,413,14,0,0,31,0
1,1,51,56,12,27,16,74,414,14,0,0,28,0
1,1,49,56,12,27,18,74,415,14,0,0,30,0
1,1,51,56,12,27,15,74,416,14,0,0,30,0
1,1,53,56,12,27,15,74,417,14,0,0,30,0
1,1,53,56,12,27,15,74,418,14,0,0,32,0
1,1,53,56,12,27,15,74,419,14,0,0,29,0
1,1,56,56,12,27,15,74,420,14,0,0,30,0
1,1,54,56,12,27,15,74,421,14,0,0,29,0
1,1,53,56,12,27,15,74,422,14,0,0,28,0
1,1,52,56,12,27,15,74,423,14,0,0,30,0
1,1,52,56,12,27,15,74,424,14,0,0,29,0
1,1,50,56,12,27,21,74,425,14,0,0,31,0
1,1,51,56,12,27,16,74,426,14,0,0,30,0
1,1,51,56,12,27,18,74,427,14,0,0,31,0
1,1,50,56,12,27,16,74,428,14,0,0,30,0
1,1,50,56,12,27,15,74,429,14,0,0,30,0
1,1,50,56,12,27,15,74,430,14,0,0,30,0
1,1,50,56,12,27,17,74,431,14,0,0,30,0
1,1,50,56,12,27,15,74,432,14,0,0,31,0
1,1,49,56,12,27,16,74,433,14,0,0,30,0
1,1,52,56,12,27,15,74,434,14,0,0,30,0
1,1,51,56,12,27,15,74,435,14,0,0,29,0
1,1,50,56,12,27,17,74,436,14,0,0,28,0
1,1,49,56,12,27,15,74,437,14,0,0,28,0
1,1,50,56,12,27,15,74,438,14,0,0,30,0
1,1,51,56,12,27,15,74,439,14,0,0,30,0
1,1,51,56,12,27,15,74,440,14,0,0,31,0
1,1,51,56,12,27,15,74,441,14,0,0,25,0
1,1,51,56,12,27,17,74,442,14,0,0,32,0
1,1,50,56,12,27,17,74,443,14,0,0,30,0
1,1,52,56,12,27,15,74,444,14,0,0,29,0
1,1,53,56,12,27,15,74,445,14,0,0,29,0
1,1,53,56,12,27,15,74,446,14,0,0,29,0
1,1,50,56,12,27,15,74,447,14,0,0,28,0
1,1,51,56,12,27,17,74,448,14,0,0,29,0
1,1,51,56,12,27,17,74,449,14,0,0,30,0
1,1,51,56,12,27,15,74,450,14,0,0,29,0
1,1,51,56,12,27,15,74,451,14,0,0,31,0
1,1,50,56,12,27,15,74,452,14,0,0,31,0
1,1,49,56,12,27,15,74,453,14,0,0,30,0
1,1,51,56,12,27,16,74,454,14,0,0,29,0
1,1,52,56,12,27,15,74,455,14,0,0,29,0
1,1,53,56,12,27,20,74,456,14,0,0,29,0
1,1,52,56,12,27,15,74,457,14,0,0,31,0
1,1,53,56,12,27,17,74,458,14,0,0,29,0
1,1,52,56,12,27,17,74,459,14,0,0,29,0
1,1,52,56,12,27,16,74,460,14,0,0,28,0
1,1,51,56,12,27,15,74,461,14,0,0,28,0
1,1,53,56,12,27,15,74,462,14,0,0,29,0
1,1,51,56,12,27,15,74,463,14,0,0,30,0
1,1,51,56,12,27,15,74,464,14,0,0,30,0
1,1,51,56,12,27,15,74,465,14,0,0,31,0
1,1,52,56,12,27,16,74,466,14,0,0,27,0
1,1,51,56,12,27,18,74,467,14,0,0,29,0
1,1,54,56,12,27,16,74,468,14,0,0,31,0
1,1,52,56,12,27,15,74,469,14,0,0,29,0
1,1,51,56,12,27,16,74,470,14,0,0,29,0
1,1,54,56,12,27,16,74,471,14,0,0,30,0
1,1,52,56,12,27,15,74,472,14,0,0,30,0
1,1,51,56,12,27,17,74,473,14,0,0,28,0
1,1,51,56,12,27,15,74,474,14,0,0,28,0
1,1,52,56,12,27,16,74,475,14,0,0,30,0
1,1,54,56,12,27,15,74,476,14,0,0,28,0
1,1,52,56,12,27,15,74,477,14,0,0,28,0
1,1,53,56,12,27,15,74,478,14,0,0,30,0
1,1,53,56,12,27,19,74,479,14,0,0,31,0
1,1,56,56,12,27,15,74,480,14,0,0,29,0
1,1,53,56,12,27,16,74,481,14,0,0,28,0
1,1,54,56,12,27,15,74,482,14,0,0,31,0
1,1,54,56,12,27,16,74,483,14,0,0,28,0
1,1,53,56,12,27,19,74,484,14,0,0,29,0
1,1,54,56,12,27,15,74,485,14,0,0,31,0
1,1,55,56,12,27,17,74,486,14,0,0,28,0
1,1,53,56,12,27,15,74,487,14,0,0,29,0
1,1,54,56,12,27,15,74,488,14,0,0,30,0
1,1,55,56,12,27,15,74,489,14,0,0,29,0
1,1,55,56,12,27,15,74,490,14,0,0,29,0
1,1,55,56,12,27,15,74,491,14,0,0,30,0
1,1,58,58,12,27,16,74,492,14,0,0,28,0
1,1,53,58,12,27,18,74,493,14,0,0,29,0
1,1,54,58,12,27,15,74,494,14,0,0,28,0
1,1,53,58,12,27,15,74,495,14,0,0,30,0
1,1,53,58,12,27,16,74,496,14,0,0,31,0
1,1,52,58,12,27,16,74,497,14,0,0,30,0
1,1,52,58,12,27,15,74,498,14,0,0,29,0
1,1,50,58,12,27,15,74,499,14,0,0,30,0
1,1,50,58,12,27,15,74,500,14,0,0,29,0
1,1,50,58,12,27,16,74,501,14,0,0,30,0
1,1,51,58,12,27,15,74,502,14,0,0,28,0
1,1,50,58,12,27,15,74,503,14,0,0,30,0
1,1,51,58,12,27,15,74,504,14,0,0,27,0
1,1,50,58,12,27,19,74,505,14,0,0,30,0
1,1,50,58,12,27,15,74,506,14,0,0,28,0
1,1,51,58,12,27,15,74,507,14,0,0,29,0
1,1,52,58,12,27,15,74,508,14,0,0,30,0
1,1,49,58,12,27,15,74,509,14,0,0,31,0
1,1,51,58,12,27,15,74,510,14,0,0,29,0
1,1,50,58,12,27,15,74,511,14,0,0,30,0
1,1,52,58,12,27,15,74,512,14,0,0,31,0
1,1,52,58,12,27,17,74,513,14,0,0,29,0
1,1,50,58,12,27,17,74,514,14,0,0,30,0
1,1,50,58,12,27,18,74,515,14,0,0,28,0
1,1,51,58,12,27,17,74,516,14,0,0,28,0
1,1,50,58,12,27,18,74,517,14,0,0,28,0
1,1,48,58,12,27,15,74,518,14,0,0,30,0
1,1,49,58,12,27,17,74,519,14,0,0,30,0
1,1,49,58,12,27,20,74,520,14,0,0,28,0
1,1,48,58,12,27,17,74,521,14,0,0,32,0
1,1,49,58,12,27,15,74,522,14,0,0,29,0
1,1,52,58,12,27,16,74,523,14,0,0,29,0
1,1,54,58,12,27,15,74,524,14,0,0,31,0
1,1,53,58,12,27,16,74,525,14,0,0,30,0
1,1,51,58,12,27,15,74,526,14,0,0,28,0
1,1,50,58,12,27,18,74,527,14,0,0,30,0
1,1,53,58,12,27,19,74,528,14,0,0,30,0
1,1,53,58,12,27,19,74,529,14,0,0,30,0
1,1,48,58,12,27,15,74,530,14,0,0,28,0
1,1,48,58,12,27,16,74,531,14,0,0,28,0
1,1,49,58,12,27,19,74,532,14,0,0,30,0
1,1,50,58,12,27,15,74,533,14,0,0,31,0
1,1,52,58,12,27,15,74,534,14,0,0,30,0
1,1,53,58,12,27,15,74,535,14,0,0,31,0
1,1,53,58,12,27,15,74,536,14,0,0,30,0
1,1,52,58,12,27,15,74,537,14,0,0,30,0
1,1,52,58,12,27,16,74,538,14,0,0,28,0
1,1,52,58,12,27,15,74,539,14,0,0,31,0
1,1,53,58,12,27,15,74,540,14,0,0,31,0
1,1,51,58,12,27,16,74,541,14,0,0,29,0
1,1,51,58,12,27,15,74,542,14,0,0,28,0
1,1,52,58,12,27,16,74,543,14,0,0,30,0
1,1,53,58,12,27,15,74,544,14,0,0,29,0
1,1,52,58,12,27,15,74,545,14,0,0,30,0
1,1,50,58,12,27,16,74,546,14,0,0,28,0
1,1,51,58,12,27,15,74,547,14,0,0,28,0
1,1,50,58,12,27,15,74,548,14,0,0,29,0
1,1,49,58,12,27,15,74,549,14,0,0,29,0
1,1,50,58,12,27,15,74,550,14,0,0,28,0
1,1,49,58,12,27,17,74,551,14,0,0,31,0
1,1,52,58,12,27,15,74,552,14,0,0,28,0
1,1,53,58,12,27,15,74,553,14,0,0,30,0
1,1,53,58,12,27,15,74,554,14,0,0,32,0
1,1,53,58,12,27,19,74,555,14,0,0,30,0
1,1,51,58,12,27,15,74,556,14,0,0,28,0
1,1,50,58,12,27,15,74,557,14,0,0,29,0
1,1,50,58,12,27,15,74,558,14,0,0,30,0
1,1,50,58,12,27,16,74,559,14,0,0,31,0
1,1,51,58,12,27,16,74,560,14,0,0,27,0
1,1,51,58,12,27,18,74,561,14,0,0,30,0
1,1,51,58,12,27,15,74,562,14,0,0,28,0
1,1,53,58,12,27,16,74,563,14,0,0,28,0
1,1,53,58,12,27,16,74,564,14,0,0,30,0
1,1,53,58,12,27,15,74,565,14,0,0,30,0
1,1,53,58,12,27,19,74,566,14,0,0,28,0
