version,nPorts,mem,alloc,reserved0,protIds_01,protIds_02,protIds_03,protIds_04,portId_01,txPending_01,txBytes_01,txUsage_01,txPeakUsage_01,rxPending_01,rxBytes_01,rxUsage_01,rxPeakUsage_01,overrunErrs_01,msgs_01_01,msgs_01_02,msgs_01_03,msgs_01_04,reserved1_01,skipped_01,portId_02,txPending_02,txBytes_02,txUsage_02,txPeakUsage_02,rxPending_02,rxBytes_02,rxUsage_02,rxPeakUsage_02,overrunErrs_02,msgs_02_01,msgs_02_02,msgs_02_03,msgs_02_04,reserved1_02,skipped_02,portId_03,txPending_03,txBytes_03,txUsage_03,txPeakUsage_03,rxPending_03,rxBytes_03,rxUsage_03,rxPeakUsage_03,overrunErrs_03,msgs_03_01,msgs_03_02,msgs_03_03,msgs_03_04,reserved1_03,skipped_03,portId_04,txPending_04,txBytes_04,txUsage_04,txPeakUsage_04,rxPending_04,rxBytes_04,rxUsage_04,rxPeakUsage_04,overrunErrs_04,msgs_04_01,msgs_04_02,msgs_04_03,msgs_04_04,reserved1_04,skipped_04
0,4,0,0,0,0,1,5,6,256,983,506961,14,15,0,0,0,0,0,0,0,0,0,0,0,512,0,2460718,0,0,0,2377137,5,6,0,11339,0,0,0,0,132,768,0,2838399,15,74,0,448,0,0,0,32,0,0,0,0,0,257,0,2364878,9,10,0,1852938,5,8,0,5437,0,0,0,0,0
0,4,0,0,0,0,1,5,6,256,975,508798,14,15,0,0,0,0,0,0,0,0,0,0,0,512,0,2466894,0,0,0,2385357,3,6,0,11385,0,0,0,0,132,768,0,2850034,15,74,0,456,0,0,0,33,0,0,0,0,0,257,0,2372998,9,10,0,1859114,5,8,0,5455,0,0,0,0,0
0,4,0,0,0,0,1,5,6,256,1014,510657,15,15,0,0,0,0,0,0,0,0,0,0,0,512,0,2473070,0,0,0,2392356,12,12,0,11412,0,0,0,0,132,768,0,2863929,16,74,0,632,0,0,0,44,0,0,0,0,0,257,0,2379522,9,10,0,1865290,4,8,0,5473,0,0,0,0,0
0,4,0,0,0,0,1,5,6,256,996,512460,14,15,0,0,0,0,0,0,0,0,0,0,0,512,0,2479014,0,0,0,2399331,5,12,0,11447,0,0,0,0,132,768,0,2879171,15,74,0,840,0,0,0,57,0,0,0,0,0,257,0,2386718,9,10,0,1871234,4,8,0,5490,0,0,0,0,0
0,4,0,0,0,0,1,5,6,256,935,514340,15,15,0,0,0,0,0,0,0,0,0,0,0,512,0,2484814,0,0,0,2405600,5,12,0,11474,0,0,0,0,132,768,0,2889510,15,74,0,840,0,0,0,57,0,0,0,0,0,257,0,2393242,9,10,0,1877034,4,8,0,5506,0,0,0,0,0
0,4,0,0,0,0,1,5,6,256,1007,516231,15,15,0,0,0,0,0,0,0,0,0,0,0,512,0,2490990,0,0,0,2412684,6,12,0,11509,0,0,0,0,132,768,0,2900679,15,74,0,840,0,0,0,57,0,0,0,0,0,257,0,2400438,9,10,0,1883210,3,8,0,5524,0,0,0,0,0
0,4,0,0,0,0,1,5,6,256,1007,518122,15,15,0,0,0,0,0,0,0,0,0,0,0,512,0,2496934,0,0,0,2419355,6,12,0,11536,0,0,0,0,132,768,0,2910996,16,74,0,840,0,0,0,57,0,0,0,0,0,257,0,2406962,9,10,0,1889154,3,8,0,5541,0,0,0,0,0
0,4,0,0,0,0,1,5,6,256,935,519985,14,15,0,0,0,0,0,0,0,0,0,0,0,512,0,2502966,0,0,0,2426604,5,12,0,11573,0,0,0,0,132,768,0,2922057,15,74,0,840,0,0,0,57,0,0,0,0,0,257,0,2414326,9,10,0,1895186,4,8,0,5558,0,0,0,0,0
0,4,0,0,0,0,1,5,6,256,1007,521894,14,15,0,0,0,0,0,0,0,0,0,0,0,512,0,2508910,0,0,0,2433228,5,12,0,11600,0,0,0,0,132,768,0,2932402,19,74,0,840,0,0,0,57,0,0,0,0,0,257,0,2420850,9,10,0,1901130,5,8,0,5575,0,0,0,0,0
0,4,0,0,0,0,1,5,6,256,1007,523723,14,15,0,0,0,0,0,0,0,0,0,0,0,512,0,2515086,0,0,0,2440238,6,12,0,11634,0,0,0,0,132,768,0,2942935,15,74,0,840,0,0,0,57,0,0,0,0,0,257,0,2427962,9,10,0,1907306,4,8,0,5593,0,0,0,0,0
0,4,0,0,0,0,1,5,6,256,927,525642,14,15,0,0,0,0,0,0,0,0,0,0,0,512,0,2520986,0,0,0,2446840,5,12,0,11661,0,0,0,0,132,768,0,2953194,15,74,0,840,0,0,0,57,0,0,0,0,0,257,0,2434486,9,10,0,1913206,4,8,0,5610,0,0,0,0,0
0,4,0,0,0,0,1,5,6,256,999,527449,14,15,0,0,0,0,0,0,0,0,0,0,0,512,0,2527262,0,0,0,2453847,5,12,0,11694,0,0,0,0,132,768,0,2964073,15,74,0,840,0,0,0,57,0,0,0,0,0,257,0,2441514,9,10,0,1919482,3,8,0,5629,0,0,0,0,0
0,4,0,0,0,0,1,5,6,256,1007,529346,14,15,0,0,0,0,0,0,0,0,0,0,0,512,0,2533206,0,0,0,2460422,5,12,0,11721,0,0,0,0,132,768,0,2974238,15,74,0,840,0,0,0,57,0,0,0,0,0,257,0,2448038,9,10,0,1925426,6,8,0,5646,0,0,0,0,0
0,4,0,0,0,0,1,5,6,256,935,531183,15,15,0,0,0,0,0,0,0,0,0,0,0,512,0,2539238,0,0,0,2468588,5,12,0,11767,0,0,0,0,132,768,0,2985687,15,74,0,840,0,0,0,57,0,0,0,0,0,257,0,2456158,9,10,0,1931458,4,8,0,5663,0,0,0,0,0
0,4,0,0,0,0,1,5,6,256,1007,533066,15,15,0,0,0,0,0,0,0,0,0,0,0,512,0,2545414,0,0,0,2474931,6,12,0,11794,0,0,0,0,132,768,0,2995808,15,74,0,840,0,0,0,57,0,0,0,0,0,257,0,2462682,9,10,0,1937634,5,8,0,5681,0,0,0,0,0
0,4,0,0,0,0,1,5,6,256,927,534961,15,15,0,0,0,0,0,0,0,0,0,0,0,512,0,2551446,0,0,0,2482065,4,12,0,11827,0,0,0,0,132,768,0,3006245,15,74,0,840,0,0,0,57,0,0,0,0,0,257,0,2469710,9,10,0,1943666,5,8,0,5698,0,0,0,0,0
0,4,0,0,0,0,1,5,6,256,938,536847,15,15,0,0,0,0,0,0,0,0,0,0,0,512,0,2557490,0,0,0,2488685,5,12,0,11854,0,0,0,0,132,768,0,3016449,15,74,0,840,0,0,0,57,0,0,0,0,0,257,0,2476234,9,10,0,1949710,5,8,0,5716,0,0,0,0,0
0,4,0,0,0,0,1,5,6,256,1010,538710,14,15,0,0,0,0,0,0,0,0,0,0,0,512,0,2563434,0,0,0,2495592,4,12,0,11888,0,0,0,0,132,768,0,3027422,15,74,0,840,0,0,0,57,0,0,0,0,0,257,0,2483346,9,10,0,1955654,4,8,0,5733,0,0,0,0,0
0,4,0,0,0,0,1,5,6,256,953,540621,15,15,0,0,0,0,0,0,0,0,0,0,0,512,0,2569234,0,0,0,2502249,5,12,0,11915,0,0,0,0,132,768,0,3037655,16,74,0,840,0,0,0,57,0,0,0,0,0,257,0,2489870,9,10,0,1961454,4,8,0,5749,0,0,0,0,0
0,4,0,0,0,0,1,5,6,256,968,542508,14,15,0,0,0,0,0,0,0,0,0,0,0,512,0,2575510,0,0,0,2509864,4,12,0,11954,0,0,0,0,132,768,0,3048711,15,74,0,840,0,0,0,57,0,0,0,0,0,257,0,2497402,9,10,0,1967730,5,8,0,5768,0,0,0,0,0
0,4,0,0,0,0,1,5,6,256,1053,544353,14,15,0,0,0,0,0,0,0,0,0,0,0,512,0,2581222,0,0,0,2516212,4,12,0,11981,0,0,0,0,132,768,0,3058850,16,74,0,840,0,0,0,57,0,0,0,0,0,257,0,2503926,9,10,0,1973442,4,8,0,5784,0,0,0,0,0
0,4,0,0,0,0,1,5,6,256,1001,546329,15,15,0,0,0,0,0,0,0,0,0,0,0,512,0,2587254,0,0,0,2523279,4,12,0,12013,0,0,0,0,132,768,0,3069101,15,74,0,840,0,0,0,57,0,0,0,0,0,257,0,2510870,8,10,0,1979474,4,8,0,5801,0,0,0,0,0
0,4,0,0,0,0,1,5,6,256,1014,548268,15,15,0,0,0,0,0,0,0,0,0,0,0,512,0,2593242,0,0,0,2529930,4,12,0,12040,0,0,0,0,132,768,0,3079455,19,74,0,840,0,0,0,57,0,0,0,0,0,257,0,2517394,9,10,0,1985462,4,8,0,5819,0,0,0,0,0
0,4,0,0,0,0,1,5,6,256,1086,550148,15,15,0,0,0,0,0,0,0,0,0,0,0,512,0,2599418,0,0,0,2536583,3,12,0,12072,0,0,0,0,132,768,0,3090073,15,74,0,840,0,0,0,57,0,0,0,0,0,257,0,2524338,9,10,0,1991638,4,8,0,5837,0,0,0,0,0
0,4,0,0,0,0,1,5,6,256,1073,552159,15,15,0,0,0,0,0,0,0,0,0,0,0,512,0,2605218,0,0,0,2543110,4,12,0,12099,0,0,0,0,132,768,0,3100342,15,74,0,840,0,0,0,57,0,0,0,0,0,257,0,2530862,8,10,0,1997438,6,8,0,5853,0,0,0,0,0
0,4,0,0,0,0,1,5,6,256,1073,554026,15,15,0,0,0,0,0,0,0,0,0,0,0,512,0,2611394,0,0,0,2550939,4,12,0,12140,0,0,0,0,132,768,0,3111611,15,74,0,840,0,0,0,57,0,0,0,0,0,257,0,2538562,9,10,0,2003614,5,8,0,5871,0,0,0,0,0
0,4,0,0,0,0,1,5,6,256,1073,556039,15,15,0,0,0,0,0,0,0,0,0,0,0,512,0,2617194,0,0,0,2557546,5,12,0,12167,0,0,0,0,132,768,0,3121806,15,74,0,840,0,0,0,57,0,0,0,0,0,257,0,2545086,9,10,0,2009414,5,8,0,5887,0,0,0,0,0
0,4,0,0,0,0,1,5,6,256,1073,557976,15,15,0,0,0,0,0,0,0,0,0,0,0,512,0,2623370,0,0,0,2564566,4,12,0,12200,0,0,0,0,132,768,0,3132185,15,74,0,840,0,0,0,57,0,0,0,0,0,257,0,2552114,9,10,0,2015590,3,8,0,5905,0,0,0,0,0
0,4,0,0,0,0,1,5,6,256,1073,559913,15,15,0,0,0,0,0,0,0,0,0,0,0,512,0,2629170,0,0,0,2571016,4,12,0,12227,0,0,0,0,132,768,0,3142396,15,74,0,840,0,0,0,57,0,0,0,0,0,257,0,2558638,9,10,0,2021390,5,8,0,5921,0,0,0,0,0
0,4,0,0,0,0,1,5,6,256,1115,561780,15,15,0,0,0,0,0,0,0,0,0,0,0,512,0,2635346,0,0,0,2578240,5,12,0,12261,0,0,0,0,132,768,0,3153149,19,74,0,840,0,0,0,57,0,0,0,0,0,257,0,2565750,9,10,0,2027566,5,8,0,5939,0,0,0,0,0
0,4,0,0,0,0,1,5,6,256,1001,563793,15,15,0,0,0,0,0,0,0,0,0,0,0,512,0,2640914,0,0,0,2584851,4,12,0,12288,0,0,0,0,132,768,0,3163376,17,74,0,840,0,0,0,57,0,0,0,0,0,257,0,2572274,9,10,0,2033134,4,8,0,5954,0,0,0,0,0
0,4,0,0,0,0,1,5,6,256,1073,565732,15,15,0,0,0,0,0,0,0,0,0,0,0,512,0,2647090,0,0,0,2592174,5,12,0,12327,0,0,0,0,132,768,0,3174557,15,74,0,840,0,0,0,57,0,0,0,0,0,257,0,2579806,9,10,0,2039310,5,8,0,5972,0,0,0,0,0
0,4,0,0,0,0,1,5,6,256,1060,567671,15,15,0,0,0,0,0,0,0,0,0,0,0,512,0,2653266,0,0,0,2599057,4,12,0,12354,0,0,0,0,132,768,0,3184893,15,74,0,840,0,0,0,57,0,0,0,0,0,257,0,2586330,9,10,0,2045486,4,8,0,5990,0,0,0,0,0
0,4,0,0,0,0,1,5,6,256,955,569595,14,15,0,0,0,0,0,0,0,0,0,0,0,512,0,2659298,0,0,0,2605885,5,12,0,12390,0,0,0,0,132,768,0,3195248,15,74,0,840,0,0,0,57,0,0,0,0,0,257,0,2593610,9,10,0,2051518,5,8,0,6007,0,0,0,0,0
0,4,0,0,0,0,1,5,6,256,1038,571486,14,15,0,0,0,0,0,0,0,0,0,0,0,512,0,2665242,0,0,0,2612651,5,12,0,12417,0,0,0,0,132,768,0,3205546,18,74,0,840,0,0,0,57,0,0,0,0,0,257,0,2600134,8,10,0,2057462,4,8,0,6024,0,0,0,0,0
0,4,0,0,0,0,1,5,6,256,1080,573316,14,15,0,0,0,0,0,0,0,0,0,0,0,512,0,2671418,0,0,0,2620065,4,12,0,12454,0,0,0,0,132,768,0,3216562,15,74,0,840,0,0,0,57,0,0,0,0,0,257,0,2607498,9,10,0,2063638,5,8,0,6042,0,0,0,0,0
0,4,0,0,0,0,1,5,6,256,966,575292,14,15,0,0,0,0,0,0,0,0,0,0,0,512,0,2677218,0,0,0,2626585,5,12,0,12481,0,0,0,0,132,768,0,3226940,15,74,0,840,0,0,0,57,0,0,0,0,0,257,0,2614022,9,10,0,2069438,5,8,0,6058,0,0,0,0,0
0,4,0,0,0,0,1,5,6,256,1038,577126,14,15,0,0,0,0,0,0,0,0,0,0,0,512,0,2683394,0,0,0,2634636,5,12,0,12528,0,0,0,0,132,768,0,3238676,15,74,0,840,0,0,0,57,0,0,0,0,0,257,0,2622226,9,10,0,2075614,4,8,0,6076,0,0,0,0,0
0,4,0,0,0,0,1,5,6,256,1038,579104,14,15,0,0,0,0,0,0,0,0,0,0,0,512,0,2689106,0,0,0,2641079,5,12,0,12555,0,0,0,0,132,768,0,3249084,16,74,0,840,0,0,0,57,0,0,0,0,0,257,0,2628750,9,10,0,2081326,5,8,0,6092,0,0,0,0,0
0,4,0,0,0,0,1,5,6,256,1038,580936,14,15,0,0,0,0,0,0,0,0,0,0,0,512,0,2695138,0,0,0,2648547,4,12,0,12593,0,0,0,0,132,768,0,3259874,16,74,0,840,0,0,0,57,0,0,0,0,0,257,0,2636198,9,10,0,2087358,3,8,0,6109,0,0,0,0,0
0,4,0,0,0,0,1,5,6,256,1038,582912,14,15,0,0,0,0,0,0,0,0,0,0,0,512,0,2701082,0,0,0,2655132,4,12,0,12620,0,0,0,0,132,768,0,3270276,16,74,0,840,0,0,0,57,0,0,0,0,0,257,0,2642722,9,10,0,2093302,5,8,0,6126,0,0,0,0,0
0,4,0,0,0,0,1,5,6,256,1102,584816,15,15,0,0,0,0,0,0,0,0,0,0,0,512,0,2707258,0,0,0,2662264,5,12,0,12656,0,0,0,0,132,768,0,3281588,17,74,0,840,0,0,0,57,0,0,0,0,0,257,0,2650002,9,10,0,2099478,4,8,0,6144,0,0,0,0,0
0,4,0,0,0,0,1,5,6,256,1078,586690,15,15,0,0,0,0,0,0,0,0,0,0,0,512,0,2713058,0,0,0,2668807,5,12,0,12683,0,0,0,0,132,768,0,3292044,19,74,0,840,0,0,0,57,0,0,0,0,0,257,0,2656526,8,10,0,2105278,5,8,0,6160,0,0,0,0,0
0,4,0,0,0,0,1,5,6,256,1086,588636,15,15,0,0,0,0,0,0,0,0,0,0,0,512,0,2719234,0,0,0,2676422,5,12,0,12723,0,0,0,0,132,768,0,3303460,15,74,0,840,0,0,0,57,0,0,0,0,0,257,0,2664142,9,10,0,2111454,4,8,0,6178,0,0,0,0,0
0,4,0,0,0,0,1,5,6,256,1086,590649,15,15,0,0,0,0,0,0,0,0,0,0,0,512,0,2725178,0,0,0,2682953,6,12,0,12750,0,0,0,0,132,768,0,3313935,15,74,0,840,0,0,0,57,0,0,0,0,0,257,0,2670666,9,10,0,2117398,5,8,0,6195,0,0,0,0,0
0,4,0,0,0,0,1,5,6,256,1049,592590,15,15,0,0,0,0,0,0,0,0,0,0,0,512,0,2731210,0,0,0,2690198,5,12,0,12785,0,0,0,0,132,768,0,3324664,15,74,0,840,0,0,0,57,0,0,0,0,0,257,0,2677862,9,10,0,2123430,4,8,0,6212,0,0,0,0,0
0,4,0,0,0,0,1,5,6,256,1049,594453,15,15,0,0,0,0,0,0,0,0,0,0,0,512,0,2737154,0,0,0,2696667,5,12,0,12812,0,0,0,0,132,768,0,3335049,16,74,0,840,0,0,0,57,0,0,0,0,0,257,0,2684386,9,10,0,2129374,5,8,0,6229,0,0,0,0,0
0,4,0,0,0,0,1,5,6,256,1113,596388,15,15,0,0,0,0,0,0,0,0,0,0,0,512,0,2743330,0,0,0,2704215,5,12,0,12848,0,0,0,0,132,768,0,3346330,16,74,0,840,0,0,0,57,0,0,0,0,0,257,0,2691666,9,10,0,2135550,5,8,0,6247,0,0,0,0,0
0,4,0,0,0,0,1,5,6,256,1034,598395,15,15,0,0,0,0,0,0,0,0,0,0,0,512,0,2748898,0,0,0,2710589,4,12,0,12875,0,0,0,0,132,768,0,3356604,18,74,0,840,0,0,0,57,0,0,0,0,0,257,0,2698190,9,10,0,2141118,5,8,0,6262,0,0,0,0,0
0,4,0,0,0,0,1,5,6,256,1034,600315,15,15,0,0,0,0,0,0,0,0,0,0,0,512,0,2755074,0,0,0,2718888,4,12,0,12924,0,0,0,0,132,768,0,3368158,15,74,0,840,0,0,0,57,0,0,0,0,0,257,0,2706562,9,10,0,2147294,3,8,0,6280,0,0,0,0,0
0,4,0,0,0,0,1,5,6,256,1034,602281,15,15,0,0,0,0,0,0,0,0,0,0,0,512,0,2761018,0,0,0,2725377,6,12,0,12951,0,0,0,0,132,768,0,3378416,18,74,0,840,0,0,0,57,0,0,0,0,0,257,0,2713086,9,10,0,2153238,5,8,0,6297,0,0,0,0,0
0,4,0,0,0,0,1,5,6,256,995,604155,15,15,0,0,0,0,0,0,0,0,0,0,0,512,0,2767194,0,0,0,2732434,4,12,0,12985,0,0,0,0,132,768,0,3388827,15,74,0,840,0,0,0,57,0,0,0,0,0,257,0,2720198,9,10,0,2159414,5,8,0,6315,0,0,0,0,0
0,4,0,0,0,0,1,5,6,256,1067,606108,15,15,0,0,0,0,0,0,0,0,0,0,0,512,0,2773094,0,0,0,2739054,5,12,0,13012,0,0,0,0,132,768,0,3399030,15,74,0,840,0,0,0,57,0,0,0,0,0,257,0,2726722,9,10,0,2165314,3,8,0,6332,0,0,0,0,0
0,4,0,0,0,0,1,5,6,256,1111,608074,15,15,0,0,0,0,0,0,0,0,0,0,0,512,0,2779270,0,0,0,2746184,4,12,0,13046,0,0,0,0,132,768,0,3409807,15,74,0,840,0,0,0,57,0,0,0,0,0,257,0,2733834,9,10,0,2171490,3,8,0,6350,0,0,0,0,0
0,4,0,0,0,0,1,5,6,256,1058,610053,15,15,0,0,0,0,0,0,0,0,0,0,0,512,0,2785214,0,0,0,2752621,5,12,0,13073,0,0,0,0,132,768,0,3420104,15,74,0,840,0,0,0,57,0,0,0,0,0,257,0,2740358,9,10,0,2177434,3,8,0,6367,0,0,0,0,0
0,4,0,0,0,0,1,5,6,256,1089,611938,15,15,0,0,0,0,0,0,0,0,0,0,0,512,0,2791246,0,0,0,2760210,5,12,0,13111,0,0,0,0,132,768,0,3431152,15,74,0,840,0,0,0,57,0,0,0,0,0,257,0,2747806,9,10,0,2183466,4,8,0,6384,0,0,0,0,0
0,4,0,0,0,0,1,5,6,256,1087,613923,15,15,0,0,0,0,0,0,0,0,0,0,0,512,0,2797190,0,0,0,2766733,5,12,0,13138,0,0,0,0,132,768,0,3441391,19,74,0,840,0,0,0,57,0,0,0,0,0,257,0,2754330,9,10,0,2189410,4,8,0,6401,0,0,0,0,0
0,4,0,0,0,0,1,5,6,256,1076,615978,15,15,0,0,0,0,0,0,0,0,0,0,0,512,0,2802990,0,0,0,2773593,4,12,0,13171,0,0,0,0,132,768,0,3451783,17,74,0,840,0,0,0,57,0,0,0,0,0,257,0,2761358,9,10,0,2195210,3,8,0,6417,0,0,0,0,0
0,4,0,0,0,0,1,5,6,256,1107,617919,16,16,0,0,0,0,0,0,0,0,0,0,0,512,0,2808934,0,0,0,2780258,5,12,0,13198,0,0,0,0,132,768,0,3462124,15,74,0,840,0,0,0,57,0,0,0,0,0,257,0,2767882,8,10,0,2201154,3,8,0,6434,0,0,0,0,0
0,4,0,0,0,0,1,5,6,256,1140,619865,15,16,0,0,0,0,0,0,0,0,0,0,0,512,0,2815110,0,0,0,2787417,5,12,0,13232,0,0,0,0,132,768,0,3472905,16,74,0,840,0,0,0,57,0,0,0,0,0,257,0,2774994,9,10,0,2207330,5,8,0,6452,0,0,0,0,0
0,4,0,0,0,0,1,5,6,256,1076,621901,16,16,0,0,0,0,0,0,0,0,0,0,0,512,0,2820910,0,0,0,2793794,4,12,0,13259,0,0,0,0,132,768,0,3482882,16,74,0,840,0,0,0,57,0,0,0,0,0,257,0,2781518,9,10,0,2213130,4,8,0,6468,0,0,0,0,0
0,4,0,0,0,0,1,5,6,256,1004,623937,15,16,0,0,0,0,0,0,0,0,0,0,0,512,0,2827086,0,0,0,2801521,5,12,0,13300,0,0,0,0,132,768,0,3494149,15,74,0,840,0,0,0,57,0,0,0,0,0,257,0,2789218,9,10,0,2219306,4,8,0,6486,0,0,0,0,0
0,4,0,0,0,0,1,5,6,256,1102,625940,15,16,0,0,0,0,0,0,0,0,0,0,0,512,0,2833262,0,0,0,2808007,5,12,0,13327,0,0,0,0,132,768,0,3504257,17,74,0,840,0,0,0,57,0,0,0,0,0,257,0,2795742,9,10,0,2225482,5,8,0,6504,0,0,0,0,0
0,4,0,0,0,0,1,5,6,256,1030,627910,15,16,0,0,0,0,0,0,0,0,0,0,0,512,0,2839438,0,0,0,2814950,4,12,0,13359,0,0,0,0,132,768,0,3514607,15,74,0,840,0,0,0,57,0,0,0,0,0,257,0,2802686,9,10,0,2231658,5,8,0,6522,0,0,0,0,0
0,4,0,0,0,0,1,5,6,256,1120,629790,15,16,0,0,0,0,0,0,0,0,0,0,0,512,0,2845614,0,0,0,2821562,5,12,0,13386,0,0,0,0,132,768,0,3525000,15,74,0,840,0,0,0,57,0,0,0,0,0,257,0,2809210,9,10,0,2237834,5,8,0,6540,0,0,0,0,0
0,4,0,0,0,0,1,5,6,256,1192,631775,15,16,0,0,0,0,0,0,0,0,0,0,0,512,0,2851646,0,0,0,2828966,4,12,0,13421,0,0,0,0,132,768,0,3535881,18,74,0,840,0,0,0,57,0,0,0,0,0,257,0,2816406,9,10,0,2243866,5,8,0,6557,0,0,0,0,0
0,4,0,0,0,0,1,5,6,256,1091,633832,15,16,0,0,0,0,0,0,0,0,0,0,0,512,0,2857590,0,0,0,2835513,4,12,0,13448,0,0,0,0,132,768,0,3546120,18,74,0,840,0,0,0,57,0,0,0,0,0,257,0,2822930,9,10,0,2249810,4,8,0,6574,0,0,0,0,0
0,4,0,0,0,0,1,5,6,256,1069,635817,15,16,0,0,0,0,0,0,0,0,0,0,0,512,0,2863622,0,0,0,2842598,3,12,0,13485,0,0,0,0,132,768,0,3556917,15,74,0,840,0,0,0,57,0,0,0,0,0,257,0,2830294,9,10,0,2255842,5,8,0,6591,0,0,0,0,0
0,4,0,0,0,0,1,5,6,256,1069,637782,15,16,0,0,0,0,0,0,0,0,0,0,0,512,0,2869566,0,0,0,2849097,4,12,0,13512,0,0,0,0,132,768,0,3567049,18,74,0,840,0,0,0,57,0,0,0,0,0,257,0,2836818,9,10,0,2261786,5,8,0,6608,0,0,0,0,0
0,4,0,0,0,0,1,5,6,256,997,639712,15,16,0,0,0,0,0,0,0,0,0,0,0,512,0,2875742,0,0,0,2856308,4,12,0,13546,0,0,0,0,132,768,0,3577403,15,74,0,840,0,0,0,57,0,0,0,0,0,257,0,2843930,9,10,0,2267962,5,8,0,6626,0,0,0,0,0
0,4,0,0,0,0,1,5,6,256,997,641634,15,16,0,0,0,0,0,0,0,0,0,0,0,512,0,2881310,0,0,0,2862833,5,12,0,13573,0,0,0,0,132,768,0,3587441,16,74,0,840,0,0,0,57,0,0,0,0,0,257,0,2850454,9,10,0,2273530,4,8,0,6641,0,0,0,0,0
0,4,0,0,0,0,1,5,6,256,1054,643567,15,16,0,0,0,0,0,0,0,0,0,0,0,512,0,2887486,0,0,0,2869894,5,12,0,13607,0,0,0,0,132,768,0,3597965,15,74,0,840,0,0,0,57,0,0,0,0,0,257,0,2857566,9,10,0,2279706,3,8,0,6659,0,0,0,0,0
0,4,0,0,0,0,1,5,6,256,982,645487,15,16,0,0,0,0,0,0,0,0,0,0,0,512,0,2893286,0,0,0,2876364,4,12,0,13634,0,0,0,0,132,768,0,3607985,16,74,0,840,0,0,0,57,0,0,0,0,0,257,0,2864090,9,10,0,2285506,5,8,0,6675,0,0,0,0,0
0,4,0,0,0,0,1,5,6,256,1041,647396,15,16,0,0,0,0,0,0,0,0,0,0,0,512,0,2899462,0,0,0,2884251,4,12,0,13675,0,0,0,0,132,768,0,3618942,15,74,0,840,0,0,0,57,0,0,0,0,0,257,0,2871790,9,10,0,2291682,4,8,0,6693,0,0,0,0,0
0,4,0,0,0,0,1,5,6,256,1054,649325,15,16,0,0,0,0,0,0,0,0,0,0,0,512,0,2905406,0,0,0,2890595,4,12,0,13702,0,0,0,0,132,768,0,3628904,15,74,0,840,0,0,0,57,0,0,0,0,0,257,0,2878314,9,10,0,2297626,5,8,0,6710,0,0,0,0,0
0,4,0,0,0,0,1,5,6,256,1085,651208,15,16,0,0,0,0,0,0,0,0,0,0,0,512,0,2911582,0,0,0,2897817,4,12,0,13735,0,0,0,0,132,768,0,3639055,15,74,0,840,0,0,0,57,0,0,0,0,0,257,0,2885342,5,10,0,2303802,6,8,0,6728,0,0,0,0,0
0,4,0,0,0,0,1,5,6,256,1054,653163,15,16,0,0,0,0,0,0,0,0,0,0,0,512,0,2917758,0,0,0,2904291,4,12,0,13762,0,0,0,0,132,768,0,3649022,15,74,0,840,0,0,0,57,0,0,0,0,0,257,0,2891866,9,10,0,2309978,4,8,0,6746,0,0,0,0,0
0,4,0,0,0,0,1,5,6,256,1054,655188,15,16,0,0,0,0,0,0,0,0,0,0,0,512,0,2923778,0,0,0,2911154,5,12,0,13795,0,0,0,0,132,768,0,3659434,15,74,0,840,0,0,0,57,0,0,0,0,0,257,0,2898894,9,10,0,2315998,4,8,0,6764,0,0,0,0,0
0,4,0,0,0,0,1,5,6,256,962,657075,14,16,0,0,0,0,0,0,0,0,0,0,0,512,0,2929954,0,0,0,2917747,4,12,0,13822,0,0,0,0,132,768,0,3669354,16,74,0,840,0,0,0,57,0,0,0,0,0,257,0,2905418,9,10,0,2322174,5,8,0,6782,0,0,0,0,0
0,4,0,0,0,0,1,5,6,256,982,658982,15,16,0,0,0,0,0,0,0,0,0,0,0,512,0,2936130,0,0,0,2925275,4,12,0,13859,0,0,0,0,132,768,0,3680041,16,74,0,840,0,0,0,57,0,0,0,0,0,257,0,2912782,9,10,0,2328350,4,8,0,6800,0,0,0,0,0
0,4,0,0,0,0,1,5,6,256,1054,660953,15,16,0,0,0,0,0,0,0,0,0,0,0,512,0,2942074,0,0,0,2931928,4,12,0,13886,0,0,0,0,132,768,0,3689863,18,74,0,840,0,0,0,57,0,0,0,0,0,257,0,2919306,9,10,0,2334294,4,8,0,6817,0,0,0,0,0
0,4,0,0,0,0,1,5,6,256,1069,662841,15,16,0,0,0,0,0,0,0,0,0,0,0,512,0,2948106,0,0,0,2938840,4,12,0,13919,0,0,0,0,132,768,0,3700060,15,74,0,840,0,0,0,57,0,0,0,0,0,257,0,2926334,9,10,0,2340326,4,8,0,6834,0,0,0,0,0
0,4,0,0,0,0,1,5,6,256,1069,664702,15,16,0,0,0,0,0,0,0,0,0,0,0,512,0,2954050,0,0,0,2945224,5,12,0,13946,0,0,0,0,132,768,0,3710061,19,74,0,840,0,0,0,57,0,0,0,0,0,257,0,2932858,9,10,0,2346270,4,8,0,6851,0,0,0,0,0
0,4,0,0,0,0,1,5,6,256,1100,666639,15,16,0,0,0,0,0,0,0,0,0,0,0,512,0,2960346,0,0,0,2952298,5,12,0,13980,0,0,0,0,132,768,0,3720366,19,74,0,840,0,0,0,57,0,0,0,0,0,257,0,2939970,9,10,0,2352566,5,8,0,6870,0,0,0,0,0
0,4,0,0,0,0,1,5,6,256,997,668666,15,16,0,0,0,0,0,0,0,0,0,0,0,512,0,2966266,0,0,0,2958743,4,12,0,14007,0,0,0,0,132,768,0,3730140,18,74,0,840,0,0,0,57,0,0,0,0,0,257,0,2946494,9,10,0,2358486,5,8,0,6887,0,0,0,0,0
0,4,0,0,0,0,1,5,6,256,964,670590,15,16,0,0,0,0,0,0,0,0,0,0,0,512,0,2972442,0,0,0,2966539,5,12,0,14046,0,0,0,0,132,768,0,3740525,15,74,0,840,0,0,0,57,0,0,0,0,0,257,0,2954026,9,10,0,2364662,2,8,0,6905,0,0,0,0,0
0,4,0,0,0,0,1,5,6,256,1069,672527,15,16,0,0,0,0,0,0,0,0,0,0,0,512,0,2978618,0,0,0,2972797,4,12,0,14073,0,0,0,0,132,768,0,3750269,15,74,0,840,0,0,0,57,0,0,0,0,0,257,0,2960550,9,10,0,2370838,3,8,0,6923,0,0,0,0,0
0,4,0,0,0,0,1,5,6,256,1069,674464,15,16,0,0,0,0,0,0,0,0,0,0,0,512,0,2984794,0,0,0,2979911,4,12,0,14107,0,0,0,0,132,768,0,3760186,16,74,0,840,0,0,0,57,0,0,0,0,0,257,0,2967662,9,10,0,2377014,4,8,0,6941,0,0,0,0,0
0,4,0,0,0,0,1,5,6,256,997,676355,15,16,0,0,0,0,0,0,0,0,0,0,0,512,0,2990594,0,0,0,2986548,5,12,0,14134,0,0,0,0,132,768,0,3770266,15,74,0,840,0,0,0,57,0,0,0,0,0,257,0,2974186,9,10,0,2382814,4,8,0,6957,0,0,0,0,0
0,4,0,0,0,0,1,5,6,256,1100,678325,15,16,0,0,0,0,0,0,0,0,0,0,0,512,0,2996770,0,0,0,2993462,4,12,0,14166,0,0,0,0,132,768,0,3780848,15,74,0,840,0,0,0,57,0,0,0,0,0,257,0,2981130,9,10,0,2388990,4,8,0,6975,0,0,0,0,0
0,4,0,0,0,0,1,5,6,256,1133,680259,15,16,0,0,0,0,0,0,0,0,0,0,0,512,0,3002714,0,0,0,2999903,5,12,0,14193,0,0,0,0,132,768,0,3791118,15,74,0,840,0,0,0,57,0,0,0,0,0,257,0,2987654,9,10,0,2394934,4,8,0,6992,0,0,0,0,0
0,4,0,0,0,0,1,5,6,256,1098,682210,15,16,0,0,0,0,0,0,0,0,0,0,0,512,0,3008746,0,0,0,3007472,5,12,0,14230,0,0,0,0,132,768,0,3801702,16,74,0,840,0,0,0,57,0,0,0,0,0,257,0,2995018,9,10,0,2400966,4,8,0,7009,0,0,0,0,0
0,4,0,0,0,0,1,5,6,256,1085,684246,15,16,0,0,0,0,0,0,0,0,0,0,0,512,0,3014690,0,0,0,3014025,4,12,0,14257,0,0,0,0,132,768,0,3811685,18,74,0,840,0,0,0,57,0,0,0,0,0,257,0,3001542,9,10,0,2406910,5,8,0,7026,0,0,0,0,0
0,4,0,0,0,0,1,5,6,256,1059,686229,15,16,0,0,0,0,0,0,0,0,0,0,0,512,0,3020866,0,0,0,3021120,4,12,0,14291,0,0,0,0,132,768,0,3821856,15,74,0,840,0,0,0,57,0,0,0,0,0,257,0,3008654,9,10,0,2413086,5,8,0,7044,0,0,0,0,0
0,4,0,0,0,0,1,5,6,256,1052,688230,15,16,0,0,0,0,0,0,0,0,0,0,0,512,0,3026434,0,0,0,3027696,3,12,0,14318,0,0,0,0,132,768,0,3831607,15,74,0,840,0,0,0,57,0,0,0,0,0,257,0,3015178,9,10,0,2418654,6,8,0,7059,0,0,0,0,0
0,4,0,0,0,0,1,5,6,256,1065,690183,15,16,0,0,0,0,0,0,0,0,0,0,0,512,0,3032610,0,0,0,3034736,4,12,0,14350,0,0,0,0,132,768,0,3842031,15,74,0,840,0,0,0,57,0,0,0,0,0,257,0,3022122,9,10,0,2424830,4,8,0,7077,0,0,0,0,0
0,4,0,0,0,0,1,5,6,256,1142,692060,15,16,0,0,0,0,0,0,0,0,0,0,0,512,0,3038786,0,0,0,3041094,4,12,0,14377,0,0,0,0,132,768,0,3852148,15,74,0,840,0,0,0,57,0,0,0,0,0,257,0,3028646,9,10,0,2431006,4,8,0,7095,0,0,0,0,0
0,4,0,0,0,0,1,5,6,256,1096,694075,15,16,0,0,0,0,0,0,0,0,0,0,0,512,0,3044818,0,0,0,3048334,5,12,0,14415,0,0,0,0,132,768,0,3863219,15,74,0,840,0,0,0,57,0,0,0,0,0,257,0,3036094,9,10,0,2437038,3,8,0,7112,0,0,0,0,0
0,4,0,0,0,0,1,5,6,256,1129,696097,15,16,0,0,0,0,0,0,0,0,0,0,0,512,0,3050762,0,0,0,3054867,5,12,0,14442,0,0,0,0,132,768,0,3873379,15,74,0,840,0,0,0,57,0,0,0,0,0,257,0,3042618,9,10,0,2442982,4,8,0,7129,0,0,0,0,0
0,4,0,0,0,0,1,5,6,256,1129,698091,15,16,0,0,0,0,0,0,0,0,0,0,0,512,0,3056838,0,0,0,3062172,4,12,0,14474,0,0,0,0,132,768,0,3883619,15,74,0,840,0,0,0,57,0,0,0,0,0,257,0,3049562,9,10,0,2449058,4,8,0,7147,0,0,0,0,0
0,4,0,0,0,0,1,5,6,256,1067,700105,15,16,0,0,0,0,0,0,0,0,0,0,0,512,0,3062782,0,0,0,3068540,5,12,0,14501,0,0,0,0,132,768,0,3893607,15,74,0,840,0,0,0,57,0,0,0,0,0,257,0,3056086,9,10,0,2455002,4,8,0,7164,0,0,0,0,0
0,4,0,0,0,0,1,5,6,256,1067,702060,15,16,0,0,0,0,0,0,0,0,0,0,0,512,0,3068958,0,0,0,3075741,5,12,0,14534,0,0,0,0,132,768,0,3904300,15,74,0,840,0,0,0,57,0,0,0,0,0,257,0,3063114,9,10,0,2461178,5,8,0,7182,0,0,0,0,0
0,4,0,0,0,0,1,5,6,256,1021,704002,15,16,0,0,0,0,0,0,0,0,0,0,0,512,0,3074758,0,0,0,3081941,4,12,0,14561,0,0,0,0,132,768,0,3914474,21,74,0,840,0,0,0,57,0,0,0,0,0,257,0,3069638,9,10,0,2466978,5,8,0,7198,0,0,0,0,0
0,4,0,0,0,0,1,5,6,256,1008,705970,15,16,0,0,0,0,0,0,0,0,0,0,0,512,0,3080934,0,0,0,3089602,4,12,0,14599,0,0,0,0,132,768,0,3925435,16,74,0,840,0,0,0,57,0,0,0,0,0,257,0,3077086,9,10,0,2473154,5,8,0,7216,0,0,0,0,0
0,4,0,0,0,0,1,5,6,256,1080,707984,15,16,0,0,0,0,0,0,0,0,0,0,0,512,0,3087110,0,0,0,3096206,4,12,0,14626,0,0,0,0,132,768,0,3935684,18,74,0,840,0,0,0,57,0,0,0,0,0,257,0,3083610,9,10,0,2479330,5,8,0,7234,0,0,0,0,0
0,4,0,0,0,0,1,5,6,256,1008,709939,15,16,0,0,0,0,0,0,0,0,0,0,0,512,0,3093142,0,0,0,3103257,4,12,0,14660,0,0,0,0,132,768,0,3946125,16,74,0,840,0,0,0,57,0,0,0,0,0,257,0,3090722,9,10,0,2485362,4,8,0,7251,0,0,0,0,0
0,4,0,0,0,0,1,5,6,256,1008,711835,15,16,0,0,0,0,0,0,0,0,0,0,0,512,0,3098854,0,0,0,3109698,4,12,0,14687,0,0,0,0,132,768,0,3956310,15,74,0,840,0,0,0,57,0,0,0,0,0,257,0,3097246,9,10,0,2491074,4,8,0,7267,0,0,0,0,0
0,4,0,0,0,0,1,5,6,256,1080,713827,15,16,0,0,0,0,0,0,0,0,0,0,0,512,0,3105030,0,0,0,3116594,4,12,0,14721,0,0,0,0,132,768,0,3967145,15,74,0,840,0,0,0,57,0,0,0,0,0,257,0,3104358,9,10,0,2497250,5,8,0,7285,0,0,0,0,0
0,4,0,0,0,0,1,5,6,256,1121,715731,15,16,0,0,0,0,0,0,0,0,0,0,0,512,0,3110974,0,0,0,3123121,3,12,0,14748,0,0,0,0,132,768,0,3977431,17,74,0,840,0,0,0,57,0,0,0,0,0,257,0,3110882,9,10,0,2503194,4,8,0,7302,0,0,0,0,0
0,4,0,0,0,0,1,5,6,256,1049,717668,15,16,0,0,0,0,0,0,0,0,0,0,0,512,0,3117006,0,0,0,3131536,4,12,0,14795,0,0,0,0,132,768,0,3989070,15,74,0,840,0,0,0,57,0,0,0,0,0,257,0,3119086,9,10,0,2509226,4,8,0,7319,0,0,0,0,0
0,4,0,0,0,0,1,5,6,256,1121,719716,15,16,0,0,0,0,0,0,0,0,0,0,0,512,0,3122950,0,0,0,3137951,4,12,0,14822,0,0,0,0,132,768,0,3999356,16,74,0,840,0,0,0,57,0,0,0,0,0,257,0,3125610,9,10,0,2515170,5,8,0,7336,0,0,0,0,0
0,4,0,0,0,0,1,5,6,256,1049,721690,15,16,0,0,0,0,0,0,0,0,0,0,0,512,0,3129170,0,0,0,3144955,4,12,0,14856,0,0,0,0,132,768,0,4009800,15,74,0,840,0,0,0,57,0,0,0,0,0,257,0,3132722,9,10,0,2521390,5,8,0,7355,0,0,0,0,0
0,4,0,0,0,0,1,5,6,256,990,723664,15,16,0,0,0,0,0,0,0,0,0,0,0,512,0,3134970,0,0,0,3151573,5,12,0,14883,0,0,0,0,132,768,0,4020324,15,74,0,840,0,0,0,57,0,0,0,0,0,257,0,3139246,9,10,0,2527190,4,8,0,7371,0,0,0,0,0
0,4,0,0,0,0,1,5,6,256,1108,725586,15,16,0,0,0,0,0,0,0,0,0,0,0,512,0,3141246,0,0,0,3158678,5,12,0,14918,0,0,0,0,132,768,0,4031361,17,74,0,840,0,0,0,57,0,0,0,0,0,257,0,3146442,9,10,0,2533466,4,8,0,7390,0,0,0,0,0
0,4,0,0,0,0,1,5,6,256,1049,727641,15,16,0,0,0,0,0,0,0,0,0,0,0,512,0,3147190,0,0,0,3165349,4,12,0,14945,0,0,0,0,132,768,0,4041897,15,74,0,840,0,0,0,57,0,0,0,0,0,257,0,3152966,9,10,0,2539410,4,8,0,7407,0,0,0,0,0
0,4,0,0,0,0,1,5,6,256,1036,729565,15,16,0,0,0,0,0,0,0,0,0,0,0,512,0,3153222,0,0,0,3173118,5,12,0,14986,0,0,0,0,132,768,0,4053324,15,74,0,840,0,0,0,57,0,0,0,0,0,257,0,3160666,9,10,0,2545442,5,8,0,7424,0,0,0,0,0
0,4,0,0,0,0,1,5,6,256,1108,731620,15,16,0,0,0,0,0,0,0,0,0,0,0,512,0,3159166,0,0,0,3179542,5,12,0,15013,0,0,0,0,132,768,0,4063804,15,74,0,840,0,0,0,57,0,0,0,0,0,257,0,3167190,9,10,0,2551386,6,8,0,7441,0,0,0,0,0
0,4,0,0,0,0,1,5,6,256,1108,733616,15,16,0,0,0,0,0,0,0,0,0,0,0,512,0,3165342,0,0,0,3186826,4,12,0,15049,0,0,0,0,132,768,0,4074360,15,74,0,840,0,0,0,57,0,0,0,0,0,257,0,3174470,9,10,0,2557562,4,8,0,7459,0,0,0,0,0
0,4,0,0,0,0,1,5,6,256,1108,735527,15,16,0,0,0,0,0,0,0,0,0,0,0,512,0,3171142,0,0,0,3193369,5,12,0,15076,0,0,0,0,132,768,0,4084787,15,74,0,840,0,0,0,57,0,0,0,0,0,257,0,3180994,9,10,0,2563362,5,8,0,7475,0,0,0,0,0
0,4,0,0,0,0,1,5,6,256,1165,737510,15,16,0,0,0,0,0,0,0,0,0,0,0,512,0,3177318,0,0,0,3201046,4,12,0,15112,0,0,0,0,132,768,0,4095976,17,74,0,840,0,0,0,57,0,0,0,0,0,257,0,3188274,9,10,0,2569538,4,8,0,7493,0,0,0,0,0
0,4,0,0,0,0,1,5,6,256,1106,739589,15,16,0,0,0,0,0,0,0,0,0,0,0,512,0,3183118,0,0,0,3207183,4,12,0,15139,0,0,0,0,132,768,0,4106534,17,74,0,840,0,0,0,57,0,0,0,0,0,257,0,3194798,9,10,0,2575338,5,8,0,7509,0,0,0,0,0
0,4,0,0,0,0,1,5,6,256,1132,741583,15,16,0,0,0,0,0,0,0,0,0,0,0,512,0,3189294,0,0,0,3215473,4,12,0,15188,0,0,0,0,132,768,0,4118380,15,74,0,840,0,0,0,57,0,0,0,0,0,257,0,3203170,9,10,0,2581514,4,8,0,7527,0,0,0,0,0
0,4,0,0,0,0,1,5,6,256,1163,743603,15,16,0,0,0,0,0,0,0,0,0,0,0,512,0,3195470,0,0,0,3222546,5,12,0,15215,0,0,0,0,132,768,0,4128798,15,74,0,840,0,0,0,57,0,0,0,0,0,257,0,3209694,9,10,0,2587690,5,8,0,7545,0,0,0,0,0
0,4,0,0,0,0,1,5,6,256,1119,745623,15,16,0,0,0,0,0,0,0,0,0,0,0,512,0,3201502,0,0,0,3229444,4,12,0,15252,0,0,0,0,132,768,0,4139631,15,74,0,840,0,0,0,57,0,0,0,0,0,257,0,3217058,9,10,0,2593722,3,8,0,7562,0,0,0,0,0
0,4,0,0,0,0,1,5,6,256,1047,747558,15,16,0,0,0,0,0,0,0,0,0,0,0,512,0,3207214,0,0,0,3235948,5,12,0,15279,0,0,0,0,132,768,0,4150028,15,74,0,840,0,0,0,57,0,0,0,0,0,257,0,3223582,9,10,0,2599434,6,8,0,7578,0,0,0,0,0
0,4,0,0,0,0,1,5,6,256,1150,749637,15,16,0,0,0,0,0,0,0,0,0,0,0,512,0,3213390,0,0,0,3243492,5,12,0,15316,0,0,0,0,132,768,0,4161261,17,74,0,840,0,0,0,57,0,0,0,0,0,257,0,3230946,9,10,0,2605610,4,8,0,7596,0,0,0,0,0
0,4,0,0,0,0,1,5,6,256,1132,751644,15,16,0,0,0,0,0,0,0,0,0,0,0,512,0,3219190,0,0,0,3249723,4,12,0,15343,0,0,0,0,132,768,0,4171891,17,74,0,840,0,0,0,57,0,0,0,0,0,257,0,3237470,9,10,0,2611410,4,8,0,7612,0,0,0,0,0
0,4,0,0,0,0,1,5,6,256,1119,753592,15,16,0,0,0,0,0,0,0,0,0,0,0,512,0,3225366,0,0,0,3257503,5,12,0,15384,0,0,0,0,132,768,0,4183324,15,74,0,840,0,0,0,57,0,0,0,0,0,257,0,3245170,9,10,0,2617586,4,8,0,7630,0,0,0,0,0
0,4,0,0,0,0,1,5,6,256,1106,755671,15,16,0,0,0,0,0,0,0,0,0,0,0,512,0,3231558,0,0,0,3264336,5,12,0,15411,0,0,0,0,132,768,0,4193824,15,74,0,840,0,0,0,57,0,0,0,0,0,257,0,3251694,9,10,0,2623778,5,8,0,7648,0,0,0,0,0
0,4,0,0,0,0,1,5,6,256,1106,757665,15,16,0,0,0,0,0,0,0,0,0,0,0,512,0,3237734,0,0,0,3271704,3,12,0,15448,0,0,0,0,132,768,0,4204684,15,74,0,840,0,0,0,57,0,0,0,0,0,257,0,3259058,9,10,0,2629954,5,8,0,7666,0,0,0,0,0
0,4,0,0,0,0,1,5,6,256,988,759659,15,16,0,0,0,0,0,0,0,0,0,0,0,512,0,3243534,0,0,0,3277872,4,12,0,15475,0,0,0,0,132,768,0,4215154,15,74,0,840,0,0,0,57,0,0,0,0,0,257,0,3265582,9,10,0,2635754,4,8,0,7682,0,0,0,0,0
0,4,0,0,0,0,1,5,6,256,1060,761607,15,16,0,0,0,0,0,0,0,0,0,0,0,512,0,3249710,0,0,0,3285175,5,12,0,15511,0,0,0,0,132,768,0,4226356,16,74,0,840,0,0,0,57,0,0,0,0,0,257,0,3272862,8,10,0,2641930,4,8,0,7700,0,0,0,0,0
0,4,0,0,0,0,1,5,6,256,1093,763568,15,16,0,0,0,0,0,0,0,0,0,0,0,512,0,3255654,0,0,0,3292236,4,12,0,15538,0,0,0,0,132,768,0,4236904,15,74,0,840,0,0,0,57,0,0,0,0,0,257,0,3279386,9,10,0,2647874,5,8,0,7717,0,0,0,0,0
0,4,0,0,0,0,1,5,6,256,1119,765477,15,16,0,0,0,0,0,0,0,0,0,0,0,512,0,3261830,0,0,0,3300038,5,12,0,15587,0,0,0,0,132,768,0,4248873,20,74,0,840,0,0,0,57,0,0,0,0,0,257,0,3287758,9,10,0,2654050,4,8,0,7735,0,0,0,0,0
0,4,0,0,0,0,1,5,6,256,1106,767556,15,16,0,0,0,0,0,0,0,0,0,0,0,512,0,3267774,0,0,0,3306661,5,12,0,15614,0,0,0,0,132,768,0,4259409,15,74,0,840,0,0,0,57,0,0,0,0,0,257,0,3294282,9,10,0,2659994,5,8,0,7752,0,0,0,0,0
0,4,0,0,0,0,1,5,6,256,1137,769478,15,16,0,0,0,0,0,0,0,0,0,0,0,512,0,3273950,0,0,0,3313995,4,12,0,15652,0,0,0,0,132,768,0,4270289,17,74,0,840,0,0,0,57,0,0,0,0,0,257,0,3301730,9,10,0,2666170,5,8,0,7770,0,0,0,0,0
0,4,0,0,0,0,1,5,6,256,1106,771472,15,16,0,0,0,0,0,0,0,0,0,0,0,512,0,3279750,0,0,0,3320537,4,12,0,15679,0,0,0,0,132,768,0,4280849,17,74,0,840,0,0,0,57,0,0,0,0,0,257,0,3308254,9,10,0,2671970,5,8,0,7786,0,0,0,0,0
0,4,0,0,0,0,1,5,6,256,1170,773479,15,16,0,0,0,0,0,0,0,0,0,0,0,512,0,3286026,0,0,0,3327797,5,12,0,15715,0,0,0,0,132,768,0,4292106,16,74,0,840,0,0,0,57,0,0,0,0,0,257,0,3315534,9,10,0,2678246,5,8,0,7805,0,0,0,0,0
0,4,0,0,0,0,1,5,6,256,1137,775514,15,16,0,0,0,0,0,0,0,0,0,0,0,512,0,3291826,0,0,0,3334483,4,12,0,15742,0,0,0,0,132,768,0,4302731,15,74,0,840,0,0,0,57,0,0,0,0,0,257,0,3322058,8,10,0,2684046,5,8,0,7821,0,0,0,0,0
0,4,0,0,0,0,1,5,6,256,1137,777549,15,16,0,0,0,0,0,0,0,0,0,0,0,512,0,3298002,0,0,0,3342004,4,12,0,15782,0,0,0,0,132,768,0,4314276,15,74,0,840,0,0,0,57,0,0,0,0,0,257,0,3329674,9,10,0,2690222,5,8,0,7839,0,0,0,0,0
0,4,0,0,0,0,1,5,6,256,1172,779586,15,16,0,0,0,0,0,0,0,0,0,0,0,512,0,3303714,0,0,0,3348984,4,12,0,15809,0,0,0,0,132,768,0,4324951,15,74,0,840,0,0,0,57,0,0,0,0,0,257,0,3336198,9,10,0,2695934,5,8,0,7855,0,0,0,0,0
0,4,0,0,0,0,1,5,6,256,1139,781667,15,16,0,0,0,0,0,0,0,0,0,0,0,512,0,3309746,0,0,0,3355789,4,12,0,15845,0,0,0,0,132,768,0,4335762,15,74,0,840,0,0,0,57,0,0,0,0,0,257,0,3343478,9,10,0,2701966,5,8,0,7872,0,0,0,0,0
0,4,0,0,0,0,1,5,6,256,1108,783604,15,16,0,0,0,0,0,0,0,0,0,0,0,512,0,3315734,0,0,0,3362364,4,12,0,15872,0,0,0,0,132,768,0,4346265,15,74,0,840,0,0,0,57,0,0,0,0,0,257,0,3349962,9,10,0,2707954,3,8,0,7890,0,0,0,0,0
0,4,0,0,0,0,1,5,6,256,1126,785613,15,16,0,0,0,0,0,0,0,0,0,0,0,512,0,3321910,0,0,0,3369670,4,12,0,15905,0,0,0,0,132,768,0,4357124,16,74,0,840,0,0,0,57,0,0,0,0,0,257,0,3356990,9,10,0,2714130,5,8,0,7908,0,0,0,0,0
0,4,0,0,0,0,1,5,6,256,1093,787606,15,16,0,0,0,0,0,0,0,0,0,0,0,512,0,3327710,0,0,0,3376099,4,12,0,15932,0,0,0,0,132,768,0,4367789,18,74,0,840,0,0,0,57,0,0,0,0,0,257,0,3363514,9,10,0,2719930,5,8,0,7924,0,0,0,0,0
0,4,0,0,0,0,1,5,6,256,1126,789565,15,16,0,0,0,0,0,0,0,0,0,0,0,512,0,3333886,0,0,0,3383451,4,12,0,15969,0,0,0,0,132,768,0,4378968,16,74,0,840,0,0,0,57,0,0,0,0,0,257,0,3370962,9,10,0,2726106,5,8,0,7942,0,0,0,0,0
0,4,0,0,0,0,1,5,6,256,1126,791596,15,16,0,0,0,0,0,0,0,0,0,0,0,512,0,3339454,0,0,0,3389776,4,12,0,15996,0,0,0,0,132,768,0,4389408,15,74,0,840,0,0,0,57,0,0,0,0,0,257,0,3377486,9,10,0,2731674,5,8,0,7957,0,0,0,0,0
0,4,0,0,0,0,1,5,6,256,1183,793539,15,16,0,0,0,0,0,0,0,0,0,0,0,512,0,3345630,0,0,0,3396721,4,12,0,16028,0,0,0,0,132,768,0,4399883,16,74,0,840,0,0,0,57,0,0,0,0,0,257,0,3384430,9,10,0,2737850,4,8,0,7975,0,0,0,0,0
0,4,0,0,0,0,1,5,6,256,1150,795554,15,16,0,0,0,0,0,0,0,0,0,0,0,512,0,3351430,0,0,0,3403330,4,12,0,16055,0,0,0,0,132,768,0,4410318,16,74,0,840,0,0,0,57,0,0,0,0,0,257,0,3390954,9,10,0,2743650,5,8,0,7991,0,0,0,0,0
0,4,0,0,0,0,1,5,6,256,1150,797561,15,16,0,0,0,0,0,0,0,0,0,0,0,512,0,3357606,0,0,0,3410502,4,12,0,16087,0,0,0,0,132,768,0,4421085,15,74,0,840,0,0,0,57,0,0,0,0,0,257,0,3397898,9,10,0,2749826,5,8,0,8009,0,0,0,0,0
0,4,0,0,0,0,1,5,6,256,1108,799568,15,16,0,0,0,0,0,0,0,0,0,0,0,512,0,3363406,0,0,0,3416785,4,12,0,16114,0,0,0,0,132,768,0,4431460,17,74,0,840,0,0,0,57,0,0,0,0,0,257,0,3404422,9,10,0,2755626,5,8,0,8025,0,0,0,0,0
0,4,0,0,0,0,1,5,6,256,1108,801575,15,16,0,0,0,0,0,0,0,0,0,0,0,512,0,3369582,0,0,0,3423697,4,12,0,16147,0,0,0,0,132,768,0,4442419,15,74,0,840,0,0,0,57,0,0,0,0,0,257,0,3411450,9,10,0,2761802,6,8,0,8043,0,0,0,0,0
0,4,0,0,0,0,1,5,6,256,1163,803654,15,16,0,0,0,0,0,0,0,0,0,0,0,512,0,3375758,0,0,0,3430367,5,12,0,16174,0,0,0,0,132,768,0,4452871,16,74,0,840,0,0,0,57,0,0,0,0,0,257,0,3417974,9,10,0,2767978,5,8,0,8061,0,0,0,0,0
0,4,0,0,0,0,1,5,6,256,1268,805525,15,16,0,0,0,0,0,0,0,0,0,0,0,512,0,3381934,0,0,0,3437368,4,12,0,16207,0,0,0,0,132,768,0,4463651,15,74,0,840,0,0,0,57,0,0,0,0,0,257,0,3425002,9,10,0,2774154,3,8,0,8079,0,0,0,0,0
0,4,0,0,0,0,1,5,6,256,1121,807622,15,16,0,0,0,0,0,0,0,0,0,0,0,512,0,3387734,0,0,0,3443761,4,12,0,16234,0,0,0,0,132,768,0,4474079,15,74,0,840,0,0,0,57,0,0,0,0,0,257,0,3431526,9,10,0,2779954,4,8,0,8095,0,0,0,0,0
0,4,0,0,0,0,1,5,6,256,1185,809644,15,16,0,0,0,0,0,0,0,0,0,0,0,512,0,3393910,0,0,0,3450959,4,12,0,16266,0,0,0,0,132,768,0,4485061,15,74,0,840,0,0,0,57,0,0,0,0,0,257,0,3438470,9,10,0,2786130,4,8,0,8113,0,0,0,0,0
0,4,0,0,0,0,1,5,6,256,1189,811664,15,16,0,0,0,0,0,0,0,0,0,0,0,512,0,3399622,0,0,0,3457326,4,12,0,16293,0,0,0,0,132,768,0,4495667,19,74,0,840,0,0,0,57,0,0,0,0,0,257,0,3444994,9,10,0,2791842,4,8,0,8129,0,0,0,0,0
0,4,0,0,0,0,1,5,6,256,1134,813677,15,16,0,0,0,0,0,0,0,0,0,0,0,512,0,3405654,0,0,0,3465043,5,12,0,16333,0,0,0,0,132,768,0,4507155,15,74,0,840,0,0,0,57,0,0,0,0,0,257,0,3452610,9,10,0,2797874,5,8,0,8146,0,0,0,0,0
0,4,0,0,0,0,1,5,6,256,1121,815738,15,16,0,0,0,0,0,0,0,0,0,0,0,512,0,3411846,0,0,0,3471607,4,12,0,16360,0,0,0,0,132,768,0,4517736,16,74,0,840,0,0,0,57,0,0,0,0,0,257,0,3459134,9,10,0,2804066,4,8,0,8164,0,0,0,0,0
0,4,0,0,0,0,1,5,6,256,1139,817655,15,16,0,0,0,0,0,0,0,0,0,0,0,512,0,3418022,0,0,0,3478481,5,12,0,16394,0,0,0,0,132,768,0,4528632,15,74,0,840,0,0,0,57,0,0,0,0,0,257,0,3466246,9,10,0,2810242,5,8,0,8182,0,0,0,0,0
0,4,0,0,0,0,1,5,6,256,1108,819701,15,16,0,0,0,0,0,0,0,0,0,0,0,512,0,3423822,0,0,0,3485208,4,12,0,16421,0,0,0,0,132,768,0,4539026,16,74,0,840,0,0,0,57,0,0,0,0,0,257,0,3472770,9,10,0,2816042,4,8,0,8198,0,0,0,0,0
0,4,0,0,0,0,1,5,6,256,1152,821616,15,16,0,0,0,0,0,0,0,0,0,0,0,512,0,3429998,0,0,0,3492047,4,12,0,16454,0,0,0,0,132,768,0,4550009,19,74,0,840,0,0,0,57,0,0,0,0,0,257,0,3479798,9,10,0,2822218,4,8,0,8216,0,0,0,0,0
0,4,0,0,0,0,1,5,6,256,1121,823673,15,16,0,0,0,0,0,0,0,0,0,0,0,512,0,3435798,0,0,0,3499052,5,12,0,16481,0,0,0,0,132,768,0,4560322,15,74,0,840,0,0,0,57,0,0,0,0,0,257,0,3486322,9,10,0,2828018,5,8,0,8232,0,0,0,0,0
0,4,0,0,0,0,1,5,6,256,1121,825573,15,16,0,0,0,0,0,0,0,0,0,0,0,512,0,3441974,0,0,0,3505969,5,12,0,16517,0,0,0,0,132,768,0,4571398,17,74,0,840,0,0,0,57,0,0,0,0,0,257,0,3493602,9,10,0,2834194,5,8,0,8250,0,0,0,0,0
0,4,0,0,0,0,1,5,6,256,1121,827630,15,16,0,0,0,0,0,0,0,0,0,0,0,512,0,3447774,0,0,0,3512386,5,12,0,16544,0,0,0,0,132,768,0,4581759,15,74,0,840,0,0,0,57,0,0,0,0,0,257,0,3500126,9,10,0,2839994,4,8,0,8266,0,0,0,0,0
0,4,0,0,0,0,1,5,6,256,1121,829615,15,16,0,0,0,0,0,0,0,0,0,0,0,512,0,3453950,0,0,0,3519483,5,12,0,16578,0,0,0,0,132,768,0,4592472,15,74,0,840,0,0,0,57,0,0,0,0,0,257,0,3507238,9,10,0,2846170,4,8,0,8284,0,0,0,0,0
0,4,0,0,0,0,1,5,6,256,1049,831528,15,16,0,0,0,0,0,0,0,0,0,0,0,512,0,3459750,0,0,0,3526065,5,12,0,16605,0,0,0,0,132,768,0,4603097,15,74,0,840,0,0,0,57,0,0,0,0,0,257,0,3513762,9,10,0,2851970,5,8,0,8300,0,0,0,0,0
0,4,0,0,0,0,1,5,6,256,1141,833513,14,16,0,0,0,0,0,0,0,0,0,0,0,512,0,3465926,0,0,0,3533439,5,12,0,16639,0,0,0,0,132,768,0,4614035,15,74,0,840,0,0,0,57,0,0,0,0,0,257,0,3520874,9,10,0,2858146,5,8,0,8318,0,0,0,0,0
0,4,0,0,0,0,1,5,6,256,1141,835465,14,16,0,0,0,0,0,0,0,0,0,0,0,512,0,3471726,0,0,0,3539682,5,12,0,16666,0,0,0,0,132,768,0,4624273,15,74,0,840,0,0,0,57,0,0,0,0,0,257,0,3527398,8,10,0,2863946,4,8,0,8334,0,0,0,0,0
0,4,0,0,0,0,1,5,6,256,1075,837388,14,16,0,0,0,0,0,0,0,0,0,0,0,512,0,3477902,0,0,0,3547703,5,12,0,16708,0,0,0,0,132,768,0,4635740,16,74,0,840,0,0,0,57,0,0,0,0,0,257,0,3535182,7,10,0,2870122,4,8,0,8352,0,0,0,0,0
0,4,0,0,0,0,1,5,6,256,1075,839430,14,16,0,0,0,0,0,0,0,0,0,0,0,512,0,3483702,0,0,0,3554533,5,12,0,16735,0,0,0,0,132,768,0,4646229,18,74,0,840,0,0,0,57,0,0,0,0,0,257,0,3541706,9,10,0,2875922,5,8,0,8368,0,0,0,0,0
0,4,0,0,0,0,1,5,6,256,1075,841369,14,16,0,0,0,0,0,0,0,0,0,0,0,512,0,3489922,0,0,0,3561298,5,12,0,16771,0,0,0,0,132,768,0,4657142,15,74,0,840,0,0,0,57,0,0,0,0,0,257,0,3548986,9,10,0,2882142,5,8,0,8387,0,0,0,0,0
0,4,0,0,0,0,1,5,6,256,990,843223,14,16,0,0,0,0,0,0,0,0,0,0,0,512,0,3495490,0,0,0,3568116,4,12,0,16798,0,0,0,0,132,768,0,4667674,15,74,0,840,0,0,0,57,0,0,0,0,0,257,0,3555510,9,10,0,2887710,3,8,0,8402,0,0,0,0,0
0,4,0,0,0,0,1,5,6,256,1062,845223,14,16,0,0,0,0,0,0,0,0,0,0,0,512,0,3501766,0,0,0,3575587,6,12,0,16834,0,0,0,0,132,768,0,4678914,16,74,0,840,0,0,0,57,0,0,0,0,0,257,0,3562790,9,10,0,2893986,4,8,0,8421,0,0,0,0,0
0,4,0,0,0,0,1,5,6,256,1062,847149,14,16,0,0,0,0,0,0,0,0,0,0,0,512,0,3507566,0,0,0,3581739,5,12,0,16861,0,0,0,0,132,768,0,4689510,16,74,0,840,0,0,0,57,0,0,0,0,0,257,0,3569314,9,10,0,2899786,5,8,0,8437,0,0,0,0,0
0,4,0,0,0,0,1,5,6,256,1093,849075,15,16,0,0,0,0,0,0,0,0,0,0,0,512,0,3513742,0,0,0,3589207,5,12,0,16901,0,0,0,0,132,768,0,4701045,15,74,0,840,0,0,0,57,0,0,0,0,0,257,0,3576930,9,10,0,2905962,4,8,0,8455,0,0,0,0,0
0,4,0,0,0,0,1,5,6,256,1093,851104,15,16,0,0,0,0,0,0,0,0,0,0,0,512,0,3519686,0,0,0,3595853,6,12,0,16928,0,0,0,0,132,768,0,4711620,15,74,0,840,0,0,0,57,0,0,0,0,0,257,0,3583454,9,10,0,2911906,5,8,0,8472,0,0,0,0,0
0,4,0,0,0,0,1,5,6,256,1021,852989,15,16,0,0,0,0,0,0,0,0,0,0,0,512,0,3525862,0,0,0,3603027,5,12,0,16964,0,0,0,0,132,768,0,4722315,15,74,0,840,0,0,0,57,0,0,0,0,0,257,0,3590734,9,10,0,2918082,5,8,0,8490,0,0,0,0,0
0,4,0,0,0,0,1,5,6,256,1021,854946,15,16,0,0,0,0,0,0,0,0,0,0,0,512,0,3531662,0,0,0,3609564,4,12,0,16991,0,0,0,0,132,768,0,4732850,16,74,0,840,0,0,0,57,0,0,0,0,0,257,0,3597258,9,10,0,2923882,5,8,0,8506,0,0,0,0,0
0,4,0,0,0,0,1,5,6,256,1093,856903,15,16,0,0,0,0,0,0,0,0,0,0,0,512,0,3537838,0,0,0,3616912,6,12,0,17028,0,0,0,0,132,768,0,4744093,15,74,0,840,0,0,0,57,0,0,0,0,0,257,0,3604622,9,10,0,2930058,3,8,0,8524,0,0,0,0,0
0,4,0,0,0,0,1,5,6,256,1093,858860,15,16,0,0,0,0,0,0,0,0,0,0,0,512,0,3543638,0,0,0,3623483,5,12,0,17055,0,0,0,0,132,768,0,4754624,15,74,0,840,0,0,0,57,0,0,0,0,0,257,0,3611146,9,10,0,2935858,5,8,0,8540,0,0,0,0,0
0,4,0,0,0,0,1,5,6,256,1093,860817,15,16,0,0,0,0,0,0,0,0,0,0,0,512,0,3549814,0,0,0,3631586,4,12,0,17100,0,0,0,0,132,768,0,4766331,15,74,0,840,0,0,0,57,0,0,0,0,0,257,0,3619182,9,10,0,2942034,5,8,0,8558,0,0,0,0,0
0,4,0,0,0,0,1,5,6,256,1080,862776,15,16,0,0,0,0,0,0,0,0,0,0,0,512,0,3555758,0,0,0,3637954,6,12,0,17127,0,0,0,0,132,768,0,4776811,19,74,0,840,0,0,0,57,0,0,0,0,0,257,0,3625706,9,10,0,2947978,4,8,0,8575,0,0,0,0,0
0,4,0,0,0,0,1,5,6,256,1080,864724,15,16,0,0,0,0,0,0,0,0,0,0,0,512,0,3561790,0,0,0,3645217,5,12,0,17161,0,0,0,0,132,768,0,4787437,15,74,0,840,0,0,0,57,0,0,0,0,0,257,0,3632818,9,10,0,2954010,5,8,0,8592,0,0,0,0,0
0,4,0,0,0,0,1,5,6,256,1006,866670,15,16,0,0,0,0,0,0,0,0,0,0,0,512,0,3567734,0,0,0,3651774,4,12,0,17188,0,0,0,0,132,768,0,4797957,15,74,0,840,0,0,0,57,0,0,0,0,0,257,0,3639342,9,10,0,2959954,3,8,0,8609,0,0,0,0,0
0,4,0,0,0,0,1,5,6,256,1194,868572,15,16,0,0,0,0,0,0,0,0,0,0,0,512,0,3573910,0,0,0,3659315,5,12,0,17222,0,0,0,0,132,768,0,4809190,15,74,0,840,0,0,0,57,0,0,0,0,0,257,0,3646454,9,10,0,2966130,5,8,0,8627,0,0,0,0,0
0,4,0,0,0,0,1,5,6,256,1019,870677,15,16,0,0,0,0,0,0,0,0,0,0,0,512,0,3579478,0,0,0,3665695,5,12,0,17249,0,0,0,0,132,768,0,4819666,15,74,0,840,0,0,0,57,0,0,0,0,0,257,0,3652978,9,10,0,2971698,6,8,0,8642,0,0,0,0,0
0,4,0,0,0,0,1,5,6,256,1091,872520,15,16,0,0,0,0,0,0,0,0,0,0,0,512,0,3585654,0,0,0,3672778,4,12,0,17287,0,0,0,0,132,768,0,4830782,15,74,0,840,0,0,0,57,0,0,0,0,0,257,0,3660426,9,10,0,2977874,3,8,0,8660,0,0,0,0,0
0,4,0,0,0,0,1,5,6,256,1091,874536,15,16,0,0,0,0,0,0,0,0,0,0,0,512,0,3591846,0,0,0,3679203,5,12,0,17314,0,0,0,0,132,768,0,4841120,15,74,0,840,0,0,0,57,0,0,0,0,0,257,0,3666950,9,10,0,2984066,3,8,0,8678,0,0,0,0,0
0,4,0,0,0,0,1,5,6,256,1019,876480,15,16,0,0,0,0,0,0,0,0,0,0,0,512,0,3597878,0,0,0,3686313,5,12,0,17347,0,0,0,0,132,768,0,4851650,15,74,0,840,0,0,0,57,0,0,0,0,0,257,0,3673978,9,10,0,2990098,4,8,0,8695,0,0,0,0,0
0,4,0,0,0,0,1,5,6,256,1019,878432,15,16,0,0,0,0,0,0,0,0,0,0,0,512,0,3603822,0,0,0,3692870,6,12,0,17374,0,0,0,0,132,768,0,4862068,17,74,0,840,0,0,0,57,0,0,0,0,0,257,0,3680502,9,10,0,2996042,3,8,0,8712,0,0,0,0,0
0,4,0,0,0,0,1,5,6,256,1133,880415,15,16,0,0,0,0,0,0,0,0,0,0,0,512,0,3609998,0,0,0,3700299,5,12,0,17407,0,0,0,0,132,768,0,4872797,17,74,0,840,0,0,0,57,0,0,0,0,0,257,0,3687530,9,10,0,3002218,5,8,0,8730,0,0,0,0,0
0,4,0,0,0,0,1,5,6,256,1109,882435,15,16,0,0,0,0,0,0,0,0,0,0,0,512,0,3615798,0,0,0,3706666,5,12,0,17434,0,0,0,0,132,768,0,4883214,18,74,0,840,0,0,0,57,0,0,0,0,0,257,0,3694054,9,10,0,3008018,5,8,0,8746,0,0,0,0,0
0,4,0,0,0,0,1,5,6,256,1006,884401,15,16,0,0,0,0,0,0,0,0,0,0,0,512,0,3621974,0,0,0,3713864,4,12,0,17473,0,0,0,0,132,768,0,4894426,17,74,0,840,0,0,0,57,0,0,0,0,0,257,0,3701586,9,10,0,3014194,4,8,0,8764,0,0,0,0,0
0,4,0,0,0,0,1,5,6,256,1078,886378,15,16,0,0,0,0,0,0,0,0,0,0,0,512,0,3628150,0,0,0,3720398,4,12,0,17500,0,0,0,0,132,768,0,4904595,18,74,0,840,0,0,0,57,0,0,0,0,0,257,0,3708110,9,10,0,3020370,4,8,0,8782,0,0,0,0,0
0,4,0,0,0,0,1,5,6,256,993,888294,15,16,0,0,0,0,0,0,0,0,0,0,0,512,0,3634182,0,0,0,3727648,5,12,0,17535,0,0,0,0,132,768,0,4914952,15,74,0,840,0,0,0,57,0,0,0,0,0,257,0,3715306,9,10,0,3026402,5,8,0,8799,0,0,0,0,0
0,4,0,0,0,0,1,5,6,256,1026,890179,15,16,0,0,0,0,0,0,0,0,0,0,0,512,0,3640358,0,0,0,3734172,3,12,0,17562,0,0,0,0,132,768,0,4925098,17,74,0,840,0,0,0,57,0,0,0,0,0,257,0,3721830,9,10,0,3032578,5,8,0,8817,0,0,0,0,0
0,4,0,0,0,0,1,5,6,256,1098,892143,15,16,0,0,0,0,0,0,0,0,0,0,0,512,0,3646534,0,0,0,3741278,4,12,0,17597,0,0,0,0,132,768,0,4935810,20,74,0,840,0,0,0,57,0,0,0,0,0,257,0,3729026,9,10,0,3038754,4,8,0,8835,0,0,0,0,0
0,4,0,0,0,0,1,5,6,256,1039,894140,15,16,0,0,0,0,0,0,0,0,0,0,0,512,0,3652334,0,0,0,3747784,4,12,0,17624,0,0,0,0,132,768,0,4946066,17,74,0,840,0,0,0,57,0,0,0,0,0,257,0,3735550,9,10,0,3044554,5,8,0,8851,0,0,0,0,0
0,4,0,0,0,0,1,5,6,256,1039,896104,15,16,0,0,0,0,0,0,0,0,0,0,0,512,0,3658510,0,0,0,3755200,4,12,0,17661,0,0,0,0,132,768,0,4956922,15,74,0,840,0,0,0,57,0,0,0,0,0,257,0,3742914,9,10,0,3050730,3,8,0,8869,0,0,0,0,0
0,4,0,0,0,0,1,5,6,256,1111,898068,15,16,0,0,0,0,0,0,0,0,0,0,0,512,0,3664686,0,0,0,3761844,4,12,0,17688,0,0,0,0,132,768,0,4967058,16,74,0,840,0,0,0,57,0,0,0,0,0,257,0,3749438,9,10,0,3056906,4,8,0,8887,0,0,0,0,0
0,4,0,0,0,0,1,5,6,256,1111,899986,15,16,0,0,0,0,0,0,0,0,0,0,0,512,0,3670906,0,0,0,3768852,4,12,0,17722,0,0,0,0,132,768,0,4977522,15,74,0,840,0,0,0,57,0,0,0,0,0,257,0,3756550,8,10,0,3063126,4,8,0,8906,0,0,0,0,0
0,4,0,0,0,0,1,5,6,256,1039,901950,15,16,0,0,0,0,0,0,0,0,0,0,0,512,0,3676706,0,0,0,3775406,4,12,0,17749,0,0,0,0,132,768,0,4987754,16,74,0,840,0,0,0,57,0,0,0,0,0,257,0,3763074,9,10,0,3068926,4,8,0,8922,0,0,0,0,0
0,4,0,0,0,0,1,5,6,256,1111,903947,15,16,0,0,0,0,0,0,0,0,0,0,0,512,0,3682982,0,0,0,3782429,4,12,0,17783,0,0,0,0,132,768,0,4998363,15,74,0,840,0,0,0,57,0,0,0,0,0,257,0,3770186,9,10,0,3075202,6,8,0,8941,0,0,0,0,0
0,4,0,0,0,0,1,5,6,256,1111,905913,15,16,0,0,0,0,0,0,0,0,0,0,0,512,0,3688926,0,0,0,3789079,4,12,0,17810,0,0,0,0,132,768,0,5008452,18,74,0,840,0,0,0,57,0,0,0,0,0,257,0,3776710,9,10,0,3081146,5,8,0,8958,0,0,0,0,0
0,4,0,0,0,0,1,5,6,256,1142,907827,15,16,0,0,0,0,0,0,0,0,0,0,0,512,0,3695102,0,0,0,3796876,4,12,0,17852,0,0,0,0,132,768,0,5019536,19,74,0,840,0,0,0,57,0,0,0,0,0,257,0,3784494,9,10,0,3087322,4,8,0,8976,0,0,0,0,0
0,4,0,0,0,0,1,5,6,256,1111,909907,15,16,0,0,0,0,0,0,0,0,0,0,0,512,0,3700902,0,0,0,3803264,4,12,0,17879,0,0,0,0,132,768,0,5029660,19,74,0,840,0,0,0,57,0,0,0,0,0,257,0,3791018,9,10,0,3093122,5,8,0,8992,0,0,0,0,0
0,4,0,0,0,0,1,5,6,256,1052,911871,15,16,0,0,0,0,0,0,0,0,0,0,0,512,0,3707078,0,0,0,3810247,4,12,0,17911,0,0,0,0,132,768,0,5039959,15,74,0,840,0,0,0,57,0,0,0,0,0,257,0,3797962,9,10,0,3099298,4,8,0,9010,0,0,0,0,0
0,4,0,0,0,0,1,5,6,256,1052,913846,15,16,0,0,0,0,0,0,0,0,0,0,0,512,0,3712878,0,0,0,3816762,4,12,0,17938,0,0,0,0,132,768,0,5050088,16,74,0,840,0,0,0,57,0,0,0,0,0,257,0,3804486,9,10,0,3105098,3,8,0,9026,0,0,0,0,0
0,4,0,0,0,0,1,5,6,256,1150,915779,15,16,0,0,0,0,0,0,0,0,0,0,0,512,0,3719054,0,0,0,3823751,5,12,0,17969,0,0,0,0,132,768,0,5060631,19,74,0,840,0,0,0,57,0,0,0,0,0,257,0,3811346,9,10,0,3111274,5,8,0,9044,0,0,0,0,0
0,4,0,0,0,0,1,5,6,256,1137,917830,15,16,0,0,0,0,0,0,0,0,0,0,0,512,0,3724998,0,0,0,3830277,5,12,0,17996,0,0,0,0,132,768,0,5070737,15,74,0,840,0,0,0,57,0,0,0,0,0,257,0,3817870,9,10,0,3117218,5,8,0,9061,0,0,0,0,0
0,4,0,0,0,0,1,5,6,256,1065,919820,15,16,0,0,0,0,0,0,0,0,0,0,0,512,0,3731030,0,0,0,3837313,5,12,0,18030,0,0,0,0,132,768,0,5081521,15,74,0,840,0,0,0,57,0,0,0,0,0,257,0,3824982,9,10,0,3123250,4,8,0,9078,0,0,0,0,0
0,4,0,0,0,0,1,5,6,256,1137,921766,15,16,0,0,0,0,0,0,0,0,0,0,0,512,0,3737206,0,0,0,3843795,4,12,0,18057,0,0,0,0,132,768,0,5091745,15,74,0,840,0,0,0,57,0,0,0,0,0,257,0,3831506,9,10,0,3129426,4,8,0,9096,0,0,0,0,0
0,4,0,0,0,0,1,5,6,256,1135,923756,15,16,0,0,0,0,0,0,0,0,0,0,0,512,0,3743382,0,0,0,3850969,4,12,0,18090,0,0,0,0,132,768,0,5102289,15,74,0,840,0,0,0,57,0,0,0,0,0,257,0,3838534,9,10,0,3135602,4,8,0,9114,0,0,0,0,0
0,4,0,0,0,0,1,5,6,256,1063,925744,15,16,0,0,0,0,0,0,0,0,0,0,0,512,0,3749182,0,0,0,3857386,4,12,0,18117,0,0,0,0,132,768,0,5112553,15,74,0,840,0,0,0,57,0,0,0,0,0,257,0,3845058,9,10,0,3141402,4,8,0,9130,0,0,0,0,0
0,4,0,0,0,0,1,5,6,256,1124,927721,15,16,0,0,0,0,0,0,0,0,0,0,0,512,0,3755358,0,0,0,3864452,4,12,0,18151,0,0,0,0,132,768,0,5123494,16,74,0,840,0,0,0,57,0,0,0,0,0,257,0,3852170,9,10,0,3147578,4,8,0,9148,0,0,0,0,0
0,4,0,0,0,0,1,5,6,256,1124,929728,15,16,0,0,0,0,0,0,0,0,0,0,0,512,0,3761302,0,0,0,3871413,4,12,0,18178,0,0,0,0,132,768,0,5133913,15,74,0,840,0,0,0,57,0,0,0,0,0,257,0,3858694,9,10,0,3153522,5,8,0,9165,0,0,0,0,0
0,4,0,0,0,0,1,5,6,256,1124,931663,15,16,0,0,0,0,0,0,0,0,0,0,0,512,0,3767334,0,0,0,3878975,5,12,0,18223,0,0,0,0,132,768,0,5145684,15,74,0,840,0,0,0,57,0,0,0,0,0,257,0,3866730,9,10,0,3159554,5,8,0,9182,0,0,0,0,0
0,4,0,0,0,0,1,5,6,256,1137,933712,15,16,0,0,0,0,0,0,0,0,0,0,0,512,0,3773526,0,0,0,3885497,6,12,0,18250,0,0,0,0,132,768,0,5156094,16,74,0,840,0,0,0,57,0,0,0,0,0,257,0,3873254,9,10,0,3165746,4,8,0,9200,0,0,0,0,0
0,4,0,0,0,0,1,5,6,256,1137,935737,15,16,0,0,0,0,0,0,0,0,0,0,0,512,0,3779702,0,0,0,3892952,4,12,0,18285,0,0,0,0,132,768,0,5166947,15,74,0,840,0,0,0,57,0,0,0,0,0,257,0,3880450,9,10,0,3171922,4,8,0,9218,0,0,0,0,0
0,4,0,0,0,0,1,5,6,256,1078,937740,15,16,0,0,0,0,0,0,0,0,0,0,0,512,0,3785502,0,0,0,3899274,5,12,0,18312,0,0,0,0,132,768,0,5177543,16,74,0,840,0,0,0,57,0,0,0,0,0,257,0,3886974,9,10,0,3177722,4,8,0,9234,0,0,0,0,0
0,4,0,0,0,0,1,5,6,256,1240,939778,15,16,0,0,0,0,0,0,0,0,0,0,0,512,0,3791678,0,0,0,3906575,4,12,0,18347,0,0,0,0,132,768,0,5188740,15,74,0,840,0,0,0,57,0,0,0,0,0,257,0,3894170,9,10,0,3183898,5,8,0,9252,0,0,0,0,0
0,4,0,0,0,0,1,5,6,256,1163,941790,15,16,0,0,0,0,0,0,0,0,0,0,0,512,0,3797478,0,0,0,3913043,5,12,0,18374,0,0,0,0,132,768,0,5199402,15,74,0,840,0,0,0,57,0,0,0,0,0,257,0,3900694,9,10,0,3189698,5,8,0,9268,0,0,0,0,0
0,4,0,0,0,0,1,5,6,256,1091,943828,15,16,0,0,0,0,0,0,0,0,0,0,0,512,0,3803654,0,0,0,3920251,5,12,0,18410,0,0,0,0,132,768,0,5210744,16,74,0,840,0,0,0,57,0,0,0,0,0,257,0,3907974,9,10,0,3195874,7,8,0,9286,0,0,0,0,0
0,4,0,0,0,0,1,5,6,256,1194,945807,15,16,0,0,0,0,0,0,0,0,0,0,0,512,0,3809830,0,0,0,3927132,4,12,0,18437,0,0,0,0,132,768,0,5221367,15,74,0,840,0,0,0,57,0,0,0,0,0,257,0,3914498,9,10,0,3202050,4,8,0,9304,0,0,0,0,0
0,4,0,0,0,0,1,5,6,256,1176,947930,15,16,0,0,0,0,0,0,0,0,0,0,0,512,0,3815862,0,0,0,3934363,5,12,0,18473,0,0,0,0,132,768,0,5232243,15,74,0,840,0,0,0,57,0,0,0,0,0,257,0,3921778,9,10,0,3208082,4,8,0,9321,0,0,0,0,0
0,4,0,0,0,0,1,5,6,256,1091,949981,15,16,0,0,0,0,0,0,0,0,0,0,0,512,0,3821806,0,0,0,3940581,5,12,0,18500,0,0,0,0,132,768,0,5242853,15,74,0,840,0,0,0,57,0,0,0,0,0,257,0,3928302,9,10,0,3214026,7,8,0,9338,0,0,0,0,0
0,4,0,0,0,0,1,5,6,256,1192,952030,15,16,0,0,0,0,0,0,0,0,0,0,0,512,0,3827982,0,0,0,3947967,5,12,0,18537,0,0,0,0,132,768,0,5254138,15,74,0,840,0,0,0,57,0,0,0,0,0,257,0,3935666,9,10,0,3220202,4,8,0,9356,0,0,0,0,0
0,4,0,0,0,0,1,5,6,256,1161,954079,15,16,0,0,0,0,0,0,0,0,0,0,0,512,0,3833782,0,0,0,3954672,5,12,0,18564,0,0,0,0,132,768,0,5264855,17,74,0,840,0,0,0,57,0,0,0,0,0,257,0,3942190,9,10,0,3226002,7,8,0,9372,0,0,0,0,0
0,4,0,0,0,0,1,5,6,256,1089,956128,15,16,0,0,0,0,0,0,0,0,0,0,0,512,0,3839726,0,0,0,3962734,4,12,0,18611,0,0,0,0,132,768,0,5276900,15,74,0,840,0,0,0,57,0,0,0,0,0,257,0,3950394,9,10,0,3231946,3,8,0,9389,0,0,0,0,0
0,4,0,0,0,0,1,5,6,256,1192,958118,15,16,0,0,0,0,0,0,0,0,0,0,0,512,0,3845902,0,0,0,3969258,4,12,0,18638,0,0,0,0,132,768,0,5287654,15,74,0,840,0,0,0,57,0,0,0,0,0,257,0,3956918,9,10,0,3238122,4,8,0,9407,0,0,0,0,0
0,4,0,0,0,0,1,5,6,256,1192,960180,15,16,0,0,0,0,0,0,0,0,0,0,0,512,0,3851978,0,0,0,3976482,4,12,0,18674,0,0,0,0,132,768,0,5298552,15,74,0,840,0,0,0,57,0,0,0,0,0,257,0,3964198,9,10,0,3244198,5,8,0,9425,0,0,0,0,0
0,4,0,0,0,0,1,5,6,256,1161,962229,15,16,0,0,0,0,0,0,0,0,0,0,0,512,0,3858022,0,0,0,3983143,4,12,0,18701,0,0,0,0,132,768,0,5309264,19,74,0,840,0,0,0,57,0,0,0,0,0,257,0,3970722,9,10,0,3250242,4,8,0,9443,0,0,0,0,0
0,4,0,0,0,0,1,5,6,256,1146,964291,15,16,0,0,0,0,0,0,0,0,0,0,0,512,0,3864054,0,0,0,3990378,5,12,0,18738,0,0,0,0,132,768,0,5320690,15,74,0,840,0,0,0,57,0,0,0,0,0,257,0,3978086,9,10,0,3256274,3,8,0,9460,0,0,0,0,0
0,4,0,0,0,0,1,5,6,256,1115,966379,15,16,0,0,0,0,0,0,0,0,0,0,0,512,0,3869998,0,0,0,3996900,4,12,0,18765,0,0,0,0,132,768,0,5331468,15,74,0,840,0,0,0,57,0,0,0,0,0,257,0,3984610,9,10,0,3262218,3,8,0,9477,0,0,0,0,0
0,4,0,0,0,0,1,5,6,256,1128,968323,15,16,0,0,0,0,0,0,0,0,0,0,0,512,0,3876030,0,0,0,4004567,5,12,0,18805,0,0,0,0,132,768,0,5343147,15,74,0,840,0,0,0,57,0,0,0,0,0,257,0,3992226,9,10,0,3268250,6,8,0,9494,0,0,0,0,0
0,4,0,0,0,0,1,5,6,256,1115,970424,15,16,0,0,0,0,0,0,0,0,0,0,0,512,0,3881742,0,0,0,4010992,4,12,0,18832,0,0,0,0,132,768,0,5353697,16,74,0,840,0,0,0,57,0,0,0,0,0,257,0,3998750,9,10,0,3273962,5,8,0,9510,0,0,0,0,0
0,4,0,0,0,0,1,5,6,256,1115,972427,15,16,0,0,0,0,0,0,0,0,0,0,0,512,0,3887918,0,0,0,4018203,4,12,0,18866,0,0,0,0,132,768,0,5364266,16,74,0,840,0,0,0,57,0,0,0,0,0,257,0,4005862,9,10,0,3280138,3,8,0,9528,0,0,0,0,0
0,4,0,0,0,0,1,5,6,256,1143,974386,15,16,0,0,0,0,0,0,0,0,0,0,0,512,0,3893718,0,0,0,4024805,4,12,0,18893,0,0,0,0,132,768,0,5374836,18,74,0,840,0,0,0,57,0,0,0,0,0,257,0,4012386,9,10,0,3285938,3,8,0,9544,0,0,0,0,0
0,4,0,0,0,0,1,5,6,256,1174,976430,15,16,0,0,0,0,0,0,0,0,0,0,0,512,0,3899894,0,0,0,4032175,4,12,0,18927,0,0,0,0,132,768,0,5385718,15,74,0,840,0,0,0,57,0,0,0,0,0,257,0,4019498,9,10,0,3292114,3,8,0,9562,0,0,0,0,0
0,4,0,0,0,0,1,5,6,256,1130,978461,15,16,0,0,0,0,0,0,0,0,0,0,0,512,0,3906070,0,0,0,4038419,4,12,0,18954,0,0,0,0,132,768,0,5396418,16,74,0,840,0,0,0,57,0,0,0,0,0,257,0,4026022,9,10,0,3298290,4,8,0,9580,0,0,0,0,0
0,4,0,0,0,0,1,5,6,256,1161,980448,15,16,0,0,0,0,0,0,0,0,0,0,0,512,0,3912246,0,0,0,4045830,5,12,0,18993,0,0,0,0,132,768,0,5407574,16,74,0,840,0,0,0,57,0,0,0,0,0,257,0,4033554,9,10,0,3304466,5,8,0,9598,0,0,0,0,0
0,4,0,0,0,0,1,5,6,256,1161,982484,15,16,0,0,0,0,0,0,0,0,0,0,0,512,0,3918190,0,0,0,4052491,4,12,0,19020,0,0,0,0,132,768,0,5418293,15,74,0,840,0,0,0,57,0,0,0,0,0,257,0,4040078,9,10,0,3310410,5,8,0,9615,0,0,0,0,0
0,4,0,0,0,0,1,5,6,256,1181,984489,15,16,0,0,0,0,0,0,0,0,0,0,0,512,0,3924366,0,0,0,4059956,4,12,0,19057,0,0,0,0,132,768,0,5429268,19,74,0,840,0,0,0,57,0,0,0,0,0,257,0,4047442,9,10,0,3316586,4,8,0,9633,0,0,0,0,0
