version,nBlocks,reserved0,blockId_01,jammingState_01,antStatus_01,antPower_01,postStatus_01,reserved1_01,noisePerMS_01,agcCnt_01,jamInd_01,ofsI_01,magI_01,ofsQ_01,magQ_01,reserved2_01,blockId_02,jammingState_02,antStatus_02,antPower_02,postStatus_02,reserved1_02,noisePerMS_02,agcCnt_02,jamInd_02,ofsI_02,magI_02,ofsQ_02,magQ_02,reserved2_02
0,2,0,0,0,1,2,0,0,93,5265,5,16,150,3,150,0,1,0,1,2,0,0,52,4563,6,15,190,15,203,0
0,2,0,0,0,1,2,0,0,93,5265,5,15,151,1,149,0,1,0,1,2,0,0,52,4563,5,8,163,16,142,0
0,2,0,0,0,1,2,0,0,93,5265,4,13,150,1,147,0,1,0,1,2,0,0,52,4563,3,27,162,20,197,0
0,2,0,0,0,1,2,0,0,92,5265,4,7,155,4,152,0,1,0,1,2,0,0,52,4563,6,6,215,-1,198,0
0,2,0,0,0,1,2,0,0,92,5265,6,11,151,3,146,0,1,0,1,2,0,0,52,4563,2,14,207,11,183,0
0,2,0,0,0,1,2,0,0,92,5265,5,-1,149,3,146,0,1,0,1,2,0,0,52,4563,6,20,167,23,169,0
0,2,0,0,0,1,2,0,0,92,5265,7,10,152,4,142,0,1,0,1,2,0,0,52,4563,5,5,180,17,169,0
0,2,0,0,0,1,2,0,0,92,5265,5,9,150,3,145,0,1,0,1,2,0,0,52,4563,5,28,202,7,183,0
0,2,0,0,0,1,2,0,0,92,5265,6,11,150,4,145,0,1,0,1,2,0,0,52,4563,7,21,209,10,204,0
0,2,0,0,0,1,2,0,0,91,5265,4,13,151,1,146,0,1,0,1,2,0,0,56,4563,3,10,230,10,174,0
0,2,0,0,0,1,2,0,0,91,5265,6,11,151,4,148,0,1,0,1,2,0,0,55,4563,2,23,170,21,158,0
0,2,0,0,0,1,2,0,0,91,5265,4,2,150,0,144,0,1,0,1,2,0,0,55,4563,5,27,145,10,140,0
0,2,0,0,0,1,2,0,0,91,5265,5,15,148,4,145,0,1,0,1,2,0,0,55,4563,5,29,164,28,136,0
0,2,0,0,0,1,2,0,0,91,5265,5,9,146,0,146,0,1,0,1,2,0,0,59,4563,7,26,191,11,160,0
0,2,0,0,0,1,2,0,0,91,5265,6,9,150,2,147,0,1,0,1,2,0,0,59,4563,6,19,168,19,168,0
0,2,0,0,0,1,2,0,0,91,5265,7,8,146,3,144,0,1,0,1,2,0,0,59,4563,3,24,147,23,151,0
0,2,0,0,0,1,2,0,0,91,5265,5,7,162,2,154,0,1,0,1,2,0,0,59,4563,5,23,221,-4,219,0
0,2,0,0,0,1,2,0,0,91,5265,6,11,148,6,149,0,1,0,1,2,0,0,55,4563,5,19,185,0,174,0
0,2,0,0,0,1,2,0,0,84,5265,5,11,156,6,148,0,1,0,1,2,0,0,55,4563,2,27,203,21,187,0
0,2,0,0,0,1,2,0,0,84,5265,7,9,166,0,153,0,1,0,1,2,0,0,51,4563,4,17,146,18,153,0
0,2,0,0,0,1,2,0,0,84,5265,5,9,164,-1,154,0,1,0,1,2,0,0,51,4563,4,25,131,18,140,0
0,2,0,0,0,1,2,0,0,84,5265,4,11,154,0,151,0,1,0,1,2,0,0,55,4914,3,12,153,3,158,0
0,2,0,0,0,1,2,0,0,84,5265,5,5,152,5,146,0,1,0,1,2,0,0,54,4914,3,12,170,6,170,0
0,2,0,0,0,1,2,0,0,84,5265,5,12,152,5,151,0,1,0,1,2,0,0,54,4914,8,13,199,7,201,0
0,2,0,0,0,1,2,0,0,84,5265,4,11,149,1,142,0,1,0,1,2,0,0,58,4914,7,18,162,6,180,0
0,2,0,0,0,1,2,0,0,84,5265,5,16,153,0,145,0,1,0,1,2,0,0,58,4914,4,16,158,10,178,0
0,2,0,0,0,1,2,0,0,83,5265,6,3,154,4,148,0,1,0,1,2,0,0,58,4914,11,9,180,6,167,0
0,2,0,0,0,1,2,0,0,83,5265,5,13,152,4,151,0,1,0,1,2,0,0,58,4914,4,14,158,7,154,0
0,2,0,0,0,1,2,0,0,83,5265,9,10,150,5,149,0,1,0,1,2,0,0,54,4914,4,16,162,13,174,0
0,2,0,0,0,1,2,0,0,83,5265,6,6,151,6,150,0,1,0,1,2,0,0,54,4914,8,19,163,4,156,0
0,2,0,0,0,1,2,0,0,83,5265,5,9,150,5,143,0,1,0,1,2,0,0,54,4914,4,20,167,1,186,0
0,2,0,0,0,1,2,0,0,83,5265,6,9,153,2,146,0,1,0,1,2,0,0,54,4914,6,13,202,13,200,0
0,2,0,0,0,1,2,0,0,83,5265,5,17,152,2,148,0,1,0,1,2,0,0,53,4914,7,7,179,4,157,0
0,2,0,0,0,1,2,0,0,83,5265,4,2,150,4,144,0,1,0,1,2,0,0,50,4914,6,21,158,11,166,0
0,2,0,0,0,1,2,0,0,83,5265,4,14,152,1,145,0,1,0,1,2,0,0,53,4914,6,15,152,9,147,0
0,2,0,0,0,1,2,0,0,83,5265,6,15,153,1,145,0,1,0,1,2,0,0,54,4914,5,17,181,3,163,0
0,2,0,0,0,1,2,0,0,83,5265,9,11,150,6,146,0,1,0,1,2,0,0,54,4914,3,14,175,10,143,0
0,2,0,0,0,1,2,0,0,83,5265,5,17,151,0,149,0,1,0,1,2,0,0,54,4914,7,16,175,10,168,0
0,2,0,0,0,1,2,0,0,83,5265,8,-2,150,5,142,0,1,0,1,2,0,0,54,4914,5,25,195,2,195,0
0,2,0,0,0,1,2,0,0,83,5265,4,14,148,2,151,0,1,0,1,2,0,0,54,4914,4,15,202,2,181,0
0,2,0,0,0,1,2,0,0,83,5265,4,15,151,2,147,0,1,0,1,2,0,0,54,4914,6,15,191,6,167,0
0,2,0,0,0,1,2,0,0,83,5265,5,14,150,0,146,0,1,0,1,2,0,0,58,4914,4,15,213,2,174,0
0,2,0,0,0,1,2,0,0,83,5265,5,11,149,3,144,0,1,0,1,2,0,0,57,4914,5,21,181,10,172,0
0,2,0,0,0,1,2,0,0,83,5265,5,16,151,0,145,0,1,0,1,2,0,0,57,4914,4,17,213,7,216,0
0,2,0,0,0,1,2,0,0,83,5265,5,11,146,4,144,0,1,0,1,2,0,0,50,4563,4,22,140,10,130,0
0,2,0,0,0,1,2,0,0,83,5265,6,11,148,5,143,0,1,0,1,2,0,0,50,4914,4,17,173,7,151,0
0,2,0,0,0,1,2,0,0,83,5265,5,12,146,0,145,0,1,0,1,2,0,0,50,4914,4,11,188,9,197,0
0,2,0,0,0,1,2,0,0,84,5265,5,15,149,4,145,0,1,0,1,2,0,0,54,4914,4,24,205,-2,212,0
0,2,0,0,0,1,2,0,0,84,5265,4,15,151,5,145,0,1,0,1,2,0,0,54,4914,4,15,202,3,194,0
0,2,0,0,0,1,2,0,0,84,5265,5,12,151,5,148,0,1,0,1,2,0,0,54,4914,4,11,199,3,187,0
0,2,0,0,0,1,2,0,0,84,5265,5,14,150,5,146,0,1,0,1,2,0,0,54,4563,3,20,199,-6,202,0
0,2,0,0,0,1,2,0,0,84,5265,4,14,150,4,141,0,1,0,1,2,0,0,50,4914,6,15,172,1,154,0
0,2,0,0,0,1,2,0,0,84,5265,5,12,150,4,143,0,1,0,1,2,0,0,54,4914,6,10,192,8,195,0
0,2,0,0,0,1,2,0,0,84,5265,4,17,152,8,148,0,1,0,1,2,0,0,57,4914,8,17,196,0,202,0
0,2,0,0,0,1,2,0,0,84,5265,6,2,149,4,146,0,1,0,1,2,0,0,57,4914,8,14,164,6,153,0
0,2,0,0,0,1,2,0,0,84,5265,5,10,148,1,147,0,1,0,1,2,0,0,57,4914,6,14,155,17,150,0
0,2,0,0,0,1,2,0,0,83,5265,5,12,148,5,145,0,1,0,1,2,0,0,57,4914,7,18,164,10,184,0
0,2,0,0,0,1,2,0,0,83,5265,5,10,149,2,146,0,1,0,1,2,0,0,53,4914,6,12,150,19,146,0
0,2,0,0,0,1,2,0,0,83,5265,5,8,149,9,147,0,1,0,1,2,0,0,53,4914,6,17,175,7,154,0
0,2,0,0,0,1,2,0,0,83,5265,5,14,152,3,147,0,1,0,1,2,0,0,54,4914,7,20,159,10,160,0
0,2,0,0,0,1,2,0,0,83,5265,4,5,148,3,145,0,1,0,1,2,0,0,57,4914,5,12,170,6,161,0
0,2,0,0,0,1,2,0,0,83,5265,4,9,148,8,144,0,1,0,1,2,0,0,57,4914,7,14,165,7,155,0
0,2,0,0,0,1,2,0,0,83,5265,7,6,152,5,146,0,1,0,1,2,0,0,57,4914,6,20,179,8,182,0
0,2,0,0,0,1,2,0,0,83,5265,6,7,147,1,142,0,1,0,1,2,0,0,57,4914,8,11,203,2,172,0
0,2,0,0,0,1,2,0,0,83,5265,4,4,151,0,144,0,1,0,1,2,0,0,53,4914,7,23,187,4,189,0
0,2,0,0,0,1,2,0,0,83,5265,4,1,149,4,143,0,1,0,1,2,0,0,50,4914,5,15,170,4,174,0
0,2,0,0,0,1,2,0,0,83,5265,6,18,150,1,151,0,1,0,1,2,0,0,50,4914,5,14,218,12,207,0
0,2,0,0,0,1,2,0,0,84,5265,8,16,150,2,146,0,1,0,1,2,0,0,50,4914,5,18,188,4,180,0
0,2,0,0,0,1,2,0,0,84,5265,6,14,151,6,148,0,1,0,1,2,0,0,50,4914,6,18,179,9,170,0
0,2,0,0,0,1,2,0,0,84,5265,7,14,155,2,149,0,1,0,1,2,0,0,50,4914,8,16,204,13,214,0
0,2,0,0,0,1,2,0,0,84,5265,4,6,149,1,147,0,1,0,1,2,0,0,53,4563,2,25,166,18,168,0
0,2,0,0,0,1,2,0,0,84,5265,6,12,152,2,148,0,1,0,1,2,0,0,50,4563,3,20,183,8,174,0
0,2,0,0,0,1,2,0,0,84,5265,7,15,151,9,144,0,1,0,1,2,0,0,50,4563,3,25,196,27,179,0
0,2,0,0,0,1,2,0,0,84,5265,7,15,151,3,146,0,1,0,1,2,0,0,50,4563,3,9,177,0,193,0
0,2,0,0,0,1,2,0,0,84,5265,6,13,152,3,146,0,1,0,1,2,0,0,50,4563,4,24,149,8,163,0
0,2,0,0,0,1,2,0,0,85,5265,6,13,153,4,151,0,1,0,1,2,0,0,50,4563,6,23,170,11,158,0
0,2,0,0,0,1,2,0,0,85,5265,5,13,152,6,145,0,1,0,1,2,0,0,50,4563,3,20,170,-6,164,0
0,2,0,0,0,1,2,0,0,85,5265,6,5,157,6,150,0,1,0,1,2,0,0,50,4563,3,22,193,14,203,0
0,2,0,0,0,1,2,0,0,85,5265,6,13,153,-4,146,0,1,0,1,2,0,0,50,4563,4,20,181,3,223,0
0,2,0,0,0,1,2,0,0,91,5265,6,11,162,2,161,0,1,0,1,2,0,0,50,4563,3,15,191,5,216,0
0,2,0,0,0,1,2,0,0,91,5265,5,8,153,3,147,0,1,0,1,2,0,0,54,4563,6,26,181,11,169,0
0,2,0,0,0,1,2,0,0,91,5265,4,13,154,2,155,0,1,0,1,2,0,0,54,4563,2,17,163,9,161,0
0,2,0,0,0,1,2,0,0,85,5265,4,12,151,3,149,0,1,0,1,2,0,0,54,4563,3,17,144,28,158,0
0,2,0,0,0,1,2,0,0,85,5265,4,11,154,-1,147,0,1,0,1,2,0,0,54,4563,4,16,196,6,188,0
0,2,0,0,0,1,2,0,0,85,5265,4,10,151,2,147,0,1,0,1,2,0,0,54,4563,4,24,161,4,179,0
0,2,0,0,0,1,2,0,0,85,5265,6,15,151,5,150,0,1,0,1,2,0,0,54,4563,3,19,189,12,181,0
0,2,0,0,0,1,2,0,0,85,5265,4,16,149,4,144,0,1,0,1,2,0,0,54,4563,2,18,158,21,136,0
0,2,0,0,0,1,2,0,0,85,5265,5,10,149,8,146,0,1,0,1,2,0,0,54,4563,3,22,172,16,189,0
0,2,0,0,0,1,2,0,0,85,5265,3,14,148,6,147,0,1,0,1,2,0,0,58,4563,5,20,164,16,165,0
0,2,0,0,0,1,2,0,0,85,5265,5,12,150,7,145,0,1,0,1,2,0,0,58,4563,4,26,169,19,143,0
0,2,0,0,0,1,2,0,0,86,5265,7,8,152,2,143,0,1,0,1,2,0,0,58,4563,2,17,187,10,171,0
0,2,0,0,0,1,2,0,0,86,5265,5,-1,147,0,147,0,1,0,1,2,0,0,58,4563,2,23,181,14,161,0
0,2,0,0,0,1,2,0,0,86,5265,7,11,156,5,148,0,1,0,1,2,0,0,57,4563,3,24,220,4,198,0
0,2,0,0,0,1,2,0,0,86,5265,7,10,156,0,146,0,1,0,1,2,0,0,57,4563,4,15,143,8,136,0
0,2,0,0,0,1,2,0,0,85,5265,5,14,154,6,149,0,1,0,1,2,0,0,53,4563,5,19,192,0,164,0
0,2,0,0,0,1,2,0,0,86,5265,5,15,154,1,148,0,1,0,1,2,0,0,54,4563,2,24,176,11,145,0
0,2,0,0,0,1,2,0,0,92,5265,5,10,153,1,155,0,1,0,1,2,0,0,57,4563,3,25,191,1,196,0
0,2,0,0,0,1,2,0,0,92,5265,6,5,154,1,151,0,1,0,1,2,0,0,57,4563,5,22,160,21,164,0
0,2,0,0,0,1,2,0,0,92,5265,5,14,155,1,146,0,1,0,1,2,0,0,57,4563,6,26,155,13,154,0
0,2,0,0,0,1,2,0,0,92,5265,4,12,154,2,159,0,1,0,1,2,0,0,58,4563,6,14,146,27,158,0
0,2,0,0,0,1,2,0,0,92,5265,4,10,156,3,146,0,1,0,1,2,0,0,58,4563,4,21,155,14,155,0
0,2,0,0,0,1,2,0,0,92,5265,8,13,152,1,145,0,1,0,1,2,0,0,58,4563,3,30,199,-1,203,0
0,2,0,0,0,1,2,0,0,91,5265,5,13,149,4,144,0,1,0,1,2,0,0,58,4563,5,17,165,17,164,0
0,2,0,0,0,1,2,0,0,91,5265,7,16,152,5,146,0,1,0,1,2,0,0,58,4563,6,22,164,-2,158,0
0,2,0,0,0,1,2,0,0,91,5265,6,10,151,0,143,0,1,0,1,2,0,0,58,4563,6,33,147,10,155,0
0,2,0,0,0,1,2,0,0,91,5265,7,10,150,1,153,0,1,0,1,2,0,0,58,4563,3,23,151,21,152,0
0,2,0,0,0,1,2,0,0,91,5265,5,8,151,5,148,0,1,0,1,2,0,0,58,4563,4,1,193,25,176,0
0,2,0,0,0,1,2,0,0,91,5265,5,10,149,2,145,0,1,0,1,2,0,0,57,4563,2,26,146,3,155,0
0,2,0,0,0,1,2,0,0,91,5265,5,9,155,3,141,0,1,0,1,2,0,0,58,4914,3,17,159,12,157,0
0,2,0,0,0,1,2,0,0,91,5265,7,6,154,2,149,0,1,0,1,2,0,0,58,4914,7,6,200,13,191,0
0,2,0,0,0,1,2,0,0,91,5265,6,16,151,4,149,0,1,0,1,2,0,0,58,4563,5,27,177,4,215,0
0,2,0,0,0,1,2,0,0,91,5265,8,15,154,2,148,0,1,0,1,2,0,0,54,4563,3,18,151,3,124,0
0,2,0,0,0,1,2,0,0,91,5265,5,2,148,2,149,0,1,0,1,2,0,0,50,4563,3,17,137,27,124,0
0,2,0,0,0,1,2,0,0,91,5265,6,10,150,2,147,0,1,0,1,2,0,0,50,4563,4,29,166,6,168,0
0,2,0,0,0,1,2,0,0,91,5265,4,9,152,2,145,0,1,0,1,2,0,0,50,4563,4,10,149,16,133,0
0,2,0,0,0,1,2,0,0,91,5265,7,5,148,4,145,0,1,0,1,2,0,0,54,4914,5,22,187,10,185,0
0,2,0,0,0,1,2,0,0,91,5265,5,13,150,2,145,0,1,0,1,2,0,0,57,4914,6,22,179,10,184,0
0,2,0,0,0,1,2,0,0,91,5265,6,9,148,4,144,0,1,0,1,2,0,0,57,4914,6,10,226,5,187,0
0,2,0,0,0,1,2,0,0,91,5265,5,4,154,7,147,0,1,0,1,2,0,0,53,4563,3,25,161,18,144,0
0,2,0,0,0,1,2,0,0,91,5265,5,16,151,4,145,0,1,0,1,2,0,0,50,4914,4,27,182,9,196,0
0,2,0,0,0,1,2,0,0,91,5265,5,15,152,6,145,0,1,0,1,2,0,0,53,4914,6,16,203,7,187,0
0,2,0,0,0,1,2,0,0,91,5265,7,13,149,3,147,0,1,0,1,2,0,0,53,4914,4,17,162,6,150,0
0,2,0,0,0,1,2,0,0,91,5265,4,9,150,3,145,0,1,0,1,2,0,0,53,4914,5,23,178,-2,174,0
0,2,0,0,0,1,2,0,0,91,5265,6,-1,150,6,144,0,1,0,1,2,0,0,53,4914,4,16,210,12,221,0
0,2,0,0,0,1,2,0,0,91,5265,5,13,147,0,144,0,1,0,1,2,0,0,53,4563,2,25,143,25,146,0
0,2,0,0,0,1,2,0,0,91,5265,6,13,148,0,147,0,1,0,1,2,0,0,49,4914,6,22,182,1,183,0
0,2,0,0,0,1,2,0,0,91,5265,4,16,150,5,141,0,1,0,1,2,0,0,49,4914,4,17,180,11,167,0
0,2,0,0,0,1,2,0,0,91,5265,5,10,148,2,144,0,1,0,1,2,0,0,53,4914,6,21,127,17,126,0
0,2,0,0,0,1,2,0,0,90,5265,10,14,148,7,146,0,1,0,1,2,0,0,53,4563,5,18,204,1,234,0
0,2,0,0,0,1,2,0,0,91,5265,6,10,149,4,146,0,1,0,1,2,0,0,49,4563,3,26,141,17,132,0
0,2,0,0,0,1,2,0,0,91,5265,7,15,149,6,146,0,1,0,1,2,0,0,49,4563,3,20,150,13,151,0
0,2,0,0,0,1,2,0,0,91,5265,10,9,147,5,146,0,1,0,1,2,0,0,49,4914,3,20,166,15,168,0
0,2,0,0,0,1,2,0,0,90,5265,7,18,151,3,143,0,1,0,1,2,0,0,56,4914,3,17,176,6,210,0
0,2,0,0,0,1,2,0,0,90,5265,5,17,149,5,147,0,1,0,1,2,0,0,52,4563,3,11,126,19,152,0
0,2,0,0,0,1,2,0,0,90,5265,6,14,148,3,146,0,1,0,1,2,0,0,52,4563,4,28,152,14,142,0
0,2,0,0,0,1,2,0,0,90,5265,8,2,150,8,145,0,1,0,1,2,0,0,52,4563,5,16,179,20,201,0
0,2,0,0,0,1,2,0,0,90,5265,14,12,150,1,144,0,1,0,1,2,0,0,52,4563,3,9,155,15,174,0
0,2,0,0,0,1,2,0,0,90,5265,13,6,149,9,147,0,1,0,1,2,0,0,52,4563,4,5,218,10,214,0
0,2,0,0,0,1,2,0,0,90,5265,16,13,150,4,149,0,1,0,1,2,0,0,52,4563,5,24,206,1,224,0
0,2,0,0,0,1,2,0,0,90,5265,16,0,150,5,146,0,1,0,1,2,0,0,48,4563,2,11,212,11,202,0
0,2,0,0,0,1,2,0,0,90,5265,9,9,148,3,146,0,1,0,1,2,0,0,48,4563,3,12,222,20,190,0
0,2,0,0,0,1,2,0,0,90,5265,12,16,151,2,145,0,1,0,1,2,0,0,48,4563,4,25,182,3,193,0
0,2,0,0,0,1,2,0,0,90,5265,9,16,150,9,147,0,1,0,1,2,0,0,48,4563,3,20,173,17,167,0
0,2,0,0,0,1,2,0,0,90,5265,11,14,153,7,148,0,1,0,1,2,0,0,51,4563,5,21,239,2,197,0
0,2,0,0,0,1,2,0,0,89,5265,7,7,151,1,152,0,1,0,1,2,0,0,51,4563,5,18,155,8,138,0
0,2,0,0,0,1,2,0,0,83,5265,13,10,154,3,152,0,1,0,1,2,0,0,51,4563,4,16,125,19,128,0
0,2,0,0,0,1,2,0,0,83,5265,14,15,154,5,151,0,1,0,1,2,0,0,51,4914,7,25,200,6,193,0
0,2,0,0,0,1,2,0,0,83,5265,5,12,158,2,155,0,1,0,1,2,0,0,51,4914,4,19,185,9,186,0
0,2,0,0,0,1,2,0,0,83,5265,5,12,150,0,146,0,1,0,1,2,0,0,51,4914,5,18,198,6,179,0
0,2,0,0,0,1,2,0,0,83,5265,4,14,151,5,146,0,1,0,1,2,0,0,51,4563,3,18,163,22,140,0
0,2,0,0,0,1,2,0,0,83,5265,6,9,152,3,147,0,1,0,1,2,0,0,51,4563,3,23,162,18,136,0
0,2,0,0,0,1,2,0,0,83,5265,4,14,156,1,149,0,1,0,1,2,0,0,55,4563,8,22,166,7,167,0
0,2,0,0,0,1,2,0,0,83,5265,6,11,158,0,152,0,1,0,1,2,0,0,55,4563,6,27,181,15,168,0
0,2,0,0,0,1,2,0,0,83,5265,5,15,149,4,140,0,1,0,1,2,0,0,55,4563,8,22,146,16,135,0
0,2,0,0,0,1,2,0,0,83,5265,6,5,152,-1,149,0,1,0,1,2,0,0,55,4563,3,16,129,18,126,0
0,2,0,0,0,1,2,0,0,83,5265,5,14,151,3,149,0,1,0,1,2,0,0,55,4914,7,16,181,1,189,0
0,2,0,0,0,1,2,0,0,83,5265,5,4,152,4,146,0,1,0,1,2,0,0,55,4914,5,12,226,-6,255,0
0,2,0,0,0,1,2,0,0,83,5265,8,10,151,9,145,0,1,0,1,2,0,0,51,4563,3,27,151,19,145,0
0,2,0,0,0,1,2,0,0,83,5265,6,13,153,0,148,0,1,0,1,2,0,0,51,4914,3,22,164,-3,171,0
0,2,0,0,0,1,2,0,0,83,5265,4,9,157,0,148,0,1,0,1,2,0,0,52,4914,4,15,156,7,153,0
0,2,0,0,0,1,2,0,0,82,5265,4,8,148,7,147,0,1,0,1,2,0,0,52,4914,6,8,197,4,200,0
0,2,0,0,0,1,2,0,0,82,5265,5,2,151,3,151,0,1,0,1,2,0,0,52,4914,3,17,172,1,191,0
0,2,0,0,0,1,2,0,0,83,5265,5,12,151,4,148,0,1,0,1,2,0,0,52,4914,4,4,157,6,150,0
0,2,0,0,0,1,2,0,0,83,5265,5,13,152,5,148,0,1,0,1,2,0,0,52,4914,6,15,163,12,151,0
0,2,0,0,0,1,2,0,0,83,5265,4,12,158,4,153,0,1,0,1,2,0,0,51,4914,7,23,182,7,204,0
0,2,0,0,0,1,2,0,0,83,5265,5,12,153,5,139,0,1,0,1,2,0,0,51,4914,4,8,188,4,168,0
0,2,0,0,0,1,2,0,0,83,5265,5,12,153,4,150,0,1,0,1,2,0,0,51,4914,4,14,185,8,174,0
0,2,0,0,0,1,2,0,0,83,5265,5,11,154,4,147,0,1,0,1,2,0,0,51,4914,6,17,193,12,195,0
0,2,0,0,0,1,2,0,0,83,5265,4,5,155,3,147,0,1,0,1,2,0,0,51,4914,4,12,164,12,156,0
0,2,0,0,0,1,2,0,0,83,5265,4,16,151,9,145,0,1,0,1,2,0,0,51,4914,7,8,173,18,161,0
0,2,0,0,0,1,2,0,0,83,5265,5,13,150,6,143,0,1,0,1,2,0,0,51,4914,4,17,172,6,165,0
0,2,0,0,0,1,2,0,0,83,5265,6,17,151,4,144,0,1,0,1,2,0,0,51,4914,7,15,175,10,157,0
0,2,0,0,0,1,2,0,0,84,5265,6,13,151,5,146,0,1,0,1,2,0,0,51,4914,8,21,166,3,165,0
0,2,0,0,0,1,2,0,0,84,5265,8,10,148,6,146,0,1,0,1,2,0,0,51,4914,7,22,169,5,174,0
0,2,0,0,0,1,2,0,0,84,5265,5,0,146,5,143,0,1,0,1,2,0,0,51,4914,6,19,168,17,159,0
0,2,0,0,0,1,2,0,0,84,5265,6,13,149,4,143,0,1,0,1,2,0,0,51,4914,7,19,167,10,158,0
0,2,0,0,0,1,2,0,0,84,5265,5,14,148,5,147,0,1,0,1,2,0,0,51,4914,6,18,197,7,190,0
0,2,0,0,0,1,2,0,0,84,5265,5,12,147,2,148,0,1,0,1,2,0,0,51,4914,7,18,188,2,178,0
0,2,0,0,0,1,2,0,0,84,5265,5,5,150,5,145,0,1,0,1,2,0,0,51,4914,3,14,164,9,164,0
0,2,0,0,0,1,2,0,0,84,5265,6,15,150,2,145,0,1,0,1,2,0,0,51,4914,5,24,168,9,161,0
0,2,0,0,0,1,2,0,0,84,5265,4,16,152,0,149,0,1,0,1,2,0,0,51,4914,3,17,183,8,169,0
0,2,0,0,0,1,2,0,0,84,5265,6,14,150,1,147,0,1,0,1,2,0,0,51,4914,3,17,158,0,171,0
0,2,0,0,0,1,2,0,0,84,5265,5,13,151,2,145,0,1,0,1,2,0,0,51,4914,5,16,162,3,166,0
0,2,0,0,0,1,2,0,0,84,5265,5,9,149,3,143,0,1,0,1,2,0,0,51,4914,5,17,152,13,143,0
0,2,0,0,0,1,2,0,0,84,5265,5,8,150,1,144,0,1,0,1,2,0,0,51,4914,6,13,180,1,178,0
0,2,0,0,0,1,2,0,0,84,5265,5,2,150,3,146,0,1,0,1,2,0,0,51,4914,7,17,177,2,172,0
0,2,0,0,0,1,2,0,0,84,5265,6,3,152,4,147,0,1,0,1,2,0,0,51,4914,6,19,163,11,176,0
0,2,0,0,0,1,2,0,0,83,5265,6,16,153,0,146,0,1,0,1,2,0,0,50,4914,6,16,159,7,167,0
0,2,0,0,0,1,2,0,0,83,5265,5,15,151,3,144,0,1,0,1,2,0,0,50,4914,6,21,169,5,158,0
0,2,0,0,0,1,2,0,0,83,5265,4,7,149,0,149,0,1,0,1,2,0,0,51,4914,14,16,165,0,159,0
0,2,0,0,0,1,2,0,0,83,5265,8,10,149,0,145,0,1,0,1,2,0,0,54,4914,13,14,189,13,198,0
0,2,0,0,0,1,2,0,0,83,5265,6,5,151,1,145,0,1,0,1,2,0,0,54,4914,12,12,192,4,180,0
0,2,0,0,0,1,2,0,0,84,5265,6,14,152,5,142,0,1,0,1,2,0,0,54,4914,4,15,202,2,224,0
0,2,0,0,0,1,2,0,0,84,5265,6,16,152,4,146,0,1,0,1,2,0,0,50,4563,4,24,189,14,194,0
0,2,0,0,0,1,2,0,0,89,5265,3,8,152,2,148,0,1,0,1,2,0,0,47,4563,3,11,184,22,155,0
0,2,0,0,0,1,2,0,0,89,5265,3,15,153,4,145,0,1,0,1,2,0,0,47,4563,2,18,128,27,135,0
0,2,0,0,0,1,2,0,0,89,5265,5,13,154,2,149,0,1,0,1,2,0,0,47,4563,3,22,186,21,179,0
0,2,0,0,0,1,2,0,0,90,5265,5,13,159,0,153,0,1,0,1,2,0,0,47,4563,4,20,156,4,136,0
0,2,0,0,0,1,2,0,0,96,5265,5,10,154,1,150,0,1,0,1,2,0,0,47,4563,5,21,157,24,149,0
0,2,0,0,0,1,2,0,0,96,5265,7,14,160,2,153,0,1,0,1,2,0,0,47,4563,3,21,136,20,131,0
0,2,0,0,0,1,2,0,0,96,5265,7,17,154,4,148,0,1,0,1,2,0,0,51,4563,2,23,167,18,154,0
0,2,0,0,0,1,2,0,0,95,5265,6,11,152,6,148,0,1,0,1,2,0,0,51,4563,2,20,184,11,172,0
0,2,0,0,0,1,2,0,0,95,5265,7,9,153,3,156,0,1,0,1,2,0,0,51,4563,3,24,178,9,162,0
0,2,0,0,0,1,2,0,0,89,5265,5,13,152,3,147,0,1,0,1,2,0,0,51,4563,4,24,162,21,135,0
0,2,0,0,0,1,2,0,0,95,5265,6,15,151,7,152,0,1,0,1,2,0,0,51,4563,2,23,125,25,121,0
0,2,0,0,0,1,2,0,0,94,5265,5,11,158,0,155,0,1,0,1,2,0,0,55,4914,3,10,229,8,231,0
0,2,0,0,0,1,2,0,0,88,5265,6,11,169,0,165,0,1,0,1,2,0,0,51,4563,2,26,226,0,191,0
0,2,0,0,0,1,2,0,0,88,5265,7,12,164,2,164,0,1,0,1,2,0,0,50,4563,2,14,214,11,185,0
0,2,0,0,0,1,2,0,0,77,5265,6,15,172,2,172,0,1,0,1,2,0,0,50,4563,2,15,138,28,140,0
0,2,0,0,0,1,2,0,0,76,5265,6,9,171,3,165,0,1,0,1,2,0,0,50,4563,3,27,164,12,170,0
0,2,0,0,0,1,2,0,0,82,5265,4,8,165,3,166,0,1,0,1,2,0,0,50,4563,2,21,168,16,168,0
0,2,0,0,0,1,2,0,0,82,5265,8,8,171,3,171,0,1,0,1,2,0,0,47,4563,6,18,159,2,161,0
0,2,0,0,0,1,2,0,0,76,5265,9,9,182,3,181,0,1,0,1,2,0,0,47,4563,8,18,190,-3,192,0
0,2,0,0,0,1,2,0,0,76,4914,10,12,164,4,158,0,1,0,1,2,0,0,47,4563,3,25,150,18,146,0
0,2,0,0,0,1,2,0,0,71,4914,3,11,156,4,154,0,1,0,1,2,0,0,51,4563,4,19,130,16,128,0
0,2,0,0,0,1,2,0,0,71,4914,3,10,161,7,158,0,1,0,1,2,0,0,51,4914,6,23,169,1,174,0
0,2,0,0,0,1,2,0,0,71,4914,6,10,165,0,154,0,1,0,1,2,0,0,54,4914,8,7,183,9,172,0
0,2,0,0,0,1,2,0,0,71,4914,7,7,160,9,153,0,1,0,1,2,0,0,54,4563,4,15,166,24,150,0
0,2,0,0,0,1,2,0,0,71,4914,5,6,143,3,137,0,1,0,1,2,0,0,51,4563,5,28,191,2,230,0
0,2,0,0,0,1,2,0,0,71,4914,7,12,138,1,139,0,1,0,1,2,0,0,54,4563,4,21,133,25,127,0
0,2,0,0,0,1,2,0,0,71,5265,5,-5,133,5,127,0,1,0,1,2,0,0,54,4914,4,14,226,10,187,0
0,2,0,0,0,1,2,0,0,87,5265,6,10,171,2,165,0,1,0,1,2,0,0,58,4914,9,24,167,0,174,0
0,2,0,0,0,1,2,0,0,87,5265,7,9,165,2,169,0,1,0,1,2,0,0,58,4914,4,6,213,1,192,0
0,2,0,0,0,1,2,0,0,87,5265,3,12,169,0,168,0,1,0,1,2,0,0,62,4914,9,14,167,14,154,0
0,2,0,0,0,1,2,0,0,87,5265,5,12,166,4,167,0,1,0,1,2,0,0,62,4914,9,22,216,4,224,0
0,2,0,0,0,1,2,0,0,87,5265,5,11,165,5,159,0,1,0,1,2,0,0,58,4563,4,12,209,11,166,0
0,2,0,0,0,1,2,0,0,87,5265,6,10,176,1,172,0,1,0,1,2,0,0,54,4563,4,21,197,17,179,0
0,2,0,0,0,1,2,0,0,86,5265,4,12,170,4,166,0,1,0,1,2,0,0,54,4563,3,29,199,10,190,0
0,2,0,0,0,1,2,0,0,81,5265,4,10,173,0,168,0,1,0,1,2,0,0,50,4563,3,25,149,8,125,0
0,2,0,0,0,1,2,0,0,81,5265,6,11,170,3,167,0,1,0,1,2,0,0,50,4563,2,25,154,21,143,0
0,2,0,0,0,1,2,0,0,81,5265,6,11,176,2,179,0,1,0,1,2,0,0,54,4563,5,24,196,3,191,0
0,2,0,0,0,1,2,0,0,81,5265,6,8,176,2,179,0,1,0,1,2,0,0,54,4563,4,30,130,23,122,0
0,2,0,0,0,1,2,0,0,81,5265,8,6,179,3,176,0,1,0,1,2,0,0,58,4914,8,24,141,24,143,0
0,2,0,0,0,1,2,0,0,81,5265,6,13,168,7,166,0,1,0,1,2,0,0,58,4563,3,18,227,0,216,0
0,2,0,0,0,1,2,0,0,75,4914,4,11,165,0,163,0,1,0,1,2,0,0,54,4563,4,21,163,28,154,0
0,2,0,0,0,1,2,0,0,75,4563,9,8,182,2,184,0,1,0,1,2,0,0,53,4914,7,21,130,19,141,0
0,2,0,0,0,1,2,0,0,65,4563,3,12,160,0,162,0,1,0,1,2,0,0,54,4914,7,20,171,1,201,0
0,2,0,0,0,1,2,0,0,65,4563,7,16,148,5,139,0,1,0,1,2,0,0,54,4914,6,15,156,14,161,0
0,2,0,0,0,1,2,0,0,74,4914,5,11,163,0,158,0,1,0,1,2,0,0,54,4914,7,9,206,2,198,0
0,2,0,0,0,1,2,0,0,74,4914,6,14,153,1,139,0,1,0,1,2,0,0,58,4914,7,22,181,4,174,0
0,2,0,0,0,1,2,0,0,74,4914,7,13,145,10,139,0,1,0,1,2,0,0,57,4914,8,21,165,13,198,0
0,2,0,0,0,1,2,0,0,74,4914,5,14,146,5,137,0,1,0,1,2,0,0,53,4563,5,25,130,20,154,0
0,2,0,0,0,1,2,0,0,75,5265,6,11,159,3,159,0,1,0,1,2,0,0,50,4914,8,13,214,1,197,0
0,2,0,0,0,1,2,0,0,85,5265,6,13,164,3,158,0,1,0,1,2,0,0,53,4563,4,16,204,11,223,0
0,2,0,0,0,1,2,0,0,85,5265,8,11,176,2,176,0,1,0,1,2,0,0,53,4563,3,12,205,16,220,0
