iTOW,version,posCovValid,velCovValid,reserved0,posCovNN,posCovNE,posCovND,posCovEE,posCovED,posCovDD,velCovNN,velCovNE,velCovND,velCovEE,velCovED,velCovDD
94417000,0,1,1,1171368248954360692736,0.23157240450382233,-0.09265606105327606,0.23241493105888367,0.3777649998664856,-0.20491158962249756,1.440195083618164,0.00591748021543026,-0.0020181313157081604,0.003964453469961882,0.007948250509798527,0.0006764722056686878,0.022386502474546432
94418000,0,1,1,1171368248954360692736,0.23000666499137878,-0.09372468292713165,0.23028181493282318,0.37546199560165405,-0.2086898684501648,1.4268145561218262,0.0065275514498353004,-0.001972051104530692,0.004196501802653074,0.009636112488806248,-0.002311891410499811,0.0257972851395607
94419000,0,1,1,1171368248954360692736,0.22770698368549347,-0.0939665138721466,0.22804726660251617,0.37283629179000854,-0.21287080645561218,1.409184455871582,0.006292788311839104,-0.0020095801446586847,0.004338040016591549,0.008355035446584225,-0.0008669875096529722,0.023963570594787598
94420000,0,1,1,1171368248954360692736,0.2254038155078888,-0.0941615179181099,0.22548799216747284,0.3696892559528351,-0.2140861451625824,1.3921232223510742,0.005825411062687635,-0.0018301407108083367,0.0038312580436468124,0.00779232382774353,1.4167744666337967e-06,0.022198205813765526
94421000,0,1,1,1171368248954360692736,0.2261800765991211,-0.09512872248888016,0.22740209102630615,0.3682355284690857,-0.21543391048908234,1.388269066810608,0.0066407048143446445,-0.0022743940353393555,0.0045739770866930485,0.008955308236181736,-0.0015853724908083677,0.02468414604663849
94422000,0,1,1,1171368248954360692736,0.2261144518852234,-0.09529273211956024,0.2276824712753296,0.36606159806251526,-0.21832504868507385,1.3795642852783203,0.006413847208023071,-0.0017971615307033062,0.004151859320700169,0.008273938670754433,-0.000945383682847023,0.023532260209321976
94423000,0,1,1,1171368248954360692736,0.22608773410320282,-0.09490431100130081,0.23003607988357544,0.36424416303634644,-0.21984997391700745,1.3736388683319092,0.006003874819725752,-0.0017293824348598719,0.004674208350479603,0.00846504420042038,-0.00022987392731010914,0.023794502019882202
94424000,0,1,1,1171368248954360692736,0.2279890477657318,-0.09444169700145721,0.23733508586883545,0.36167678236961365,-0.22219768166542053,1.3803658485412598,0.006123640574514866,-0.0013886173255741596,0.0050422316417098045,0.008165624924004078,-0.0010351506061851978,0.025221403688192368
94425000,0,1,1,1171368248954360692736,0.2293504774570465,-0.0939028188586235,0.24313335120677948,0.35984277725219727,-0.22332479059696198,1.3835183382034302,0.006327175535261631,-0.0013907179236412048,0.00525082228705287,0.008614855818450451,-0.00034535210579633713,0.02538319118320942
94426000,0,1,1,1171368248954360692736,0.23158688843250275,-0.09321881830692291,0.25049281120300293,0.35999560356140137,-0.22602970898151398,1.3994401693344116,0.006475392729043961,-0.0013638713862746954,0.0051358104683458805,0.011207527481019497,-0.0026754960417747498,0.031173747032880783
94427000,0,1,1,1171368248954360692736,0.23429885506629944,-0.09356151521205902,0.25713327527046204,0.36062437295913696,-0.2311692237854004,1.4201793670654297,0.007613426074385643,-0.001857109135016799,0.0069007184356451035,0.009938518516719341,-0.0031475136056542397,0.03457771986722946
94428000,0,1,1,1171368248954360692736,0.23521167039871216,-0.09263256937265396,0.2609727382659912,0.3587181270122528,-0.23531493544578552,1.4332146644592285,0.006099778227508068,-0.0013512568548321724,0.004807164892554283,0.009308027103543282,-0.0012066776398569345,0.030839215964078903
94429000,0,1,1,1171368248954360692736,0.23698899149894714,-0.0924120545387268,0.26774516701698303,0.36025798320770264,-0.2361576408147812,1.4549757242202759,0.006481322925537825,-0.0013804319314658642,0.006342017091810703,0.010607514530420303,-0.001585151068866253,0.0333205871284008
94430000,0,1,1,1171368248954360692736,0.23881790041923523,-0.09363405406475067,0.2729121446609497,0.36385858058929443,-0.23953239619731903,1.4733729362487793,0.0067847915925085545,-0.0024688453413546085,0.006057670805603266,0.011871043592691422,-0.0034948040265589952,0.03398923948407173
94431000,0,1,1,1171368248954360692736,0.2406449317932129,-0.09476957470178604,0.2784799337387085,0.36726313829421997,-0.24497513473033905,1.489235520362854,0.006390842143446207,-0.0017810864374041557,0.0058085317723453045,0.011426468379795551,-0.0031228414736688137,0.03231832757592201
94432000,0,1,1,1171368248954360692736,0.24397502839565277,-0.09637579321861267,0.2831842005252838,0.3685034215450287,-0.24633413553237915,1.4995661973953247,0.00821626652032137,-0.0025410715024918318,0.006303800735622644,0.010122590698301792,3.509386442601681e-05,0.02925002947449684
94433000,0,1,1,1171368248954360692736,0.24689525365829468,-0.09752737730741501,0.28743457794189453,0.3724164366722107,-0.2432851791381836,1.5152146816253662,0.007684575393795967,-0.0020453089382499456,0.006240302696824074,0.012886999174952507,-0.001103776739910245,0.033207762986421585
94434000,0,1,1,1171368248954360692736,0.25331568717956543,-0.10041086375713348,0.2943386435508728,0.3803645074367523,-0.24831189215183258,1.5443503856658936,0.009980246424674988,-0.003650980070233345,0.006418338045477867,0.015123570337891579,-0.004439071752130985,0.03717481717467308
94435000,0,1,1,1171368248954360692736,0.25840628147125244,-0.10521043092012405,0.2926271855831146,0.3917231559753418,-0.2469557523727417,1.5583868026733398,0.009529035538434982,-0.00416609738022089,0.004880155902355909,0.015235918574035168,-0.001947331242263317,0.033954136073589325
94436000,0,1,1,1171368248954360692736,0.2754807770252228,-0.11046905815601349,0.30753302574157715,0.4052172899246216,-0.26149341464042664,1.6143054962158203,0.01636471226811409,-0.0037675341591238976,0.009582246653735638,0.01907145045697689,-0.008554832078516483,0.045226700603961945
94437000,0,1,1,1171368248954360692736,0.29152563214302063,-0.11189977824687958,0.3205867409706116,0.42031583189964294,-0.2769768238067627,1.6726067066192627,0.012309904210269451,-0.00018704915419220924,0.008027875795960426,0.01933685503900051,-0.007748682517558336,0.04714692756533623
94438000,0,1,1,1171368248954360692736,0.30458247661590576,-0.11124108731746674,0.32897138595581055,0.4328928589820862,-0.29030612111091614,1.7173629999160767,0.012413372285664082,-0.0009202673099935055,0.006435174494981766,0.01620096154510975,-0.005930072162300348,0.04145052656531334
94439000,0,1,1,1171368248954360692736,0.3050074577331543,-0.11296793818473816,0.31834840774536133,0.4407026767730713,-0.2938151955604553,1.711404800415039,0.007256133947521448,-0.003056907095015049,0.002030148869380355,0.014230054803192616,-0.004652649164199829,0.03239889070391655
94440000,0,1,1,1171368248954360692736,0.30424606800079346,-0.11515834927558899,0.30225270986557007,0.45645296573638916,-0.3015980124473572,1.7160383462905884,0.008679757826030254,-0.0015935051487758756,0.0003639564383774996,0.018760085105895996,-0.005912783555686474,0.03811665624380112
94441000,0,1,1,1171368248954360692736,0.30174338817596436,-0.11784204840660095,0.2816241979598999,0.4605739712715149,-0.3107556700706482,1.6952093839645386,0.008066121488809586,-0.0025832620449364185,0.0007702735019847751,0.013463374227285385,-0.005066765006631613,0.03318840265274048
94442000,0,1,1,1171368248954360692736,0.30085045099258423,-0.12169182300567627,0.27009284496307373,0.4665648937225342,-0.32580071687698364,1.6876897811889648,0.00908594112843275,-0.004194479435682297,0.0035668695345520973,0.016979388892650604,-0.00872583407908678,0.03619227930903435
94443000,0,1,1,1171368248954360692736,0.300938218832016,-0.12552741169929504,0.2632249593734741,0.4699828326702118,-0.3379582166671753,1.683374047279358,0.008289427496492863,-0.0026992708444595337,0.0028641927056014538,0.015128882601857185,-0.007440815679728985,0.03468914330005646
94444000,0,1,1,1171368248954360692736,0.2979140877723694,-0.12637166678905487,0.2534462809562683,0.47261500358581543,-0.3488421142101288,1.6796289682388306,0.00861295685172081,-0.0036002472043037415,0.0024005884770303965,0.01586216874420643,-0.007041273172944784,0.03525790199637413
94445000,0,1,1,1171368248954360692736,0.29363104701042175,-0.12564913928508759,0.24365133047103882,0.4746556282043457,-0.35897278785705566,1.6734927892684937,0.008325522765517235,-0.002257133135572076,0.004430428147315979,0.013383865356445312,-0.008056413382291794,0.03642711043357849
94446000,0,1,1,1171368248954360692736,0.28930744528770447,-0.12516146898269653,0.23506861925125122,0.4713476896286011,-0.3597947955131531,1.6659049987792969,0.008008911274373531,-0.0031373552046716213,0.0029053008183836937,0.014237988740205765,-0.00330440909601748,0.03535959869623184
94447000,0,1,1,1171368248954360692736,0.2841464877128601,-0.12398799508810043,0.22773468494415283,0.4704951345920563,-0.3624970316886902,1.6632943153381348,0.007590427994728088,-0.00290311174467206,0.0036601803731173277,0.013644042424857616,-0.007504940032958984,0.03606656938791275
94448000,0,1,1,1171368248954360692736,0.2776457965373993,-0.12208475172519684,0.22112537920475006,0.4690892696380615,-0.36933404207229614,1.663106918334961,0.006637390237301588,-0.0016483748331665993,0.0025758862029761076,0.01578458771109581,-0.008327839896082878,0.0396260991692543
94449000,0,1,1,1171368248954360692736,0.27155590057373047,-0.11775197088718414,0.21397756040096283,0.4679730534553528,-0.37172290682792664,1.6617412567138672,0.006134092342108488,-0.0013501608045771718,0.0023055560886859894,0.01383114606142044,-0.005938542075455189,0.0359894260764122
94450000,0,1,1,1171368248954360692736,0.2664601802825928,-0.11174782365560532,0.2033223807811737,0.46679258346557617,-0.3742268681526184,1.6677685976028442,0.006496158428490162,0.0005772770382463932,9.87491657724604e-05,0.012949539348483086,-0.005357818212360144,0.03825787082314491
94451000,0,1,1,1171368248954360692736,0.25890281796455383,-0.10522688180208206,0.19494791328907013,0.4571540057659149,-0.3629482388496399,1.6442945003509521,0.005769071634858847,-0.0006362333660945296,0.002530899131670594,0.011054901406168938,-0.002848765579983592,0.030741866677999496
94452000,0,1,1,1171368248954360692736,0.248971089720726,-0.0935622900724411,0.17939618229866028,0.4417300224304199,-0.3462180495262146,1.6104857921600342,0.005672051105648279,-4.66126948595047e-06,0.0019247612217441201,0.01024786476045847,-0.0038112662732601166,0.030633779242634773
94453000,0,1,1,1171368248954360692736,0.23595057427883148,-0.07894328236579895,0.15471544861793518,0.4231843948364258,-0.32107141613960266,1.5580270290374756,0.005059430841356516,0.0008048460585996509,0.0010386687936261296,0.009486810304224491,-0.002610569354146719,0.0299624502658844
94454000,0,1,1,1171368248954360692736,0.22365032136440277,-0.06730352342128754,0.13345369696617126,0.4030400514602661,-0.29750803112983704,1.5086777210235596,0.004718650598078966,-4.357134457677603e-06,0.0006978538585826755,0.008633049204945564,-0.0019590703304857016,0.02942907251417637
94455000,0,1,1,1171368248954360692736,0.210477814078331,-0.0565786212682724,0.11112137138843536,0.38011008501052856,-0.26641014218330383,1.4450095891952515,0.0038148064631968737,0.0004417618038132787,-5.544814484892413e-05,0.007159069180488586,0.0001777741126716137,0.02612004429101944
94456000,0,1,1,1171368248954360692736,0.20038390159606934,-0.04544781893491745,0.09229302406311035,0.35979461669921875,-0.24153341352939606,1.393987774848938,0.0040818569250404835,0.0007661397685296834,0.00019476027227938175,0.006773496046662331,-0.0004967491840943694,0.025423377752304077
94457000,0,1,1,1171368248954360692736,0.19177484512329102,-0.0368431881070137,0.07734797894954681,0.3424578011035919,-0.2190985381603241,1.347826361656189,0.00392420869320631,0.0008129418711178005,0.0003945120261050761,0.006747999228537083,-0.0007377569563686848,0.02493009716272354
94458000,0,1,1,1171368248954360692736,0.1842089593410492,-0.029598303139209747,0.06635546684265137,0.3291220963001251,-0.19823656976222992,1.3108446598052979,0.004026361741125584,0.0010539117502048612,0.0004161106771789491,0.007686253171414137,0.0009852440562099218,0.025925958529114723
94459000,0,1,1,1171368248954360692736,0.17889274656772614,-0.024053119122982025,0.05565923452377319,0.3196007013320923,-0.1827954649925232,1.2852097749710083,0.004231751896440983,0.0009973132982850075,-0.00030593841802328825,0.007115502841770649,0.00016218097880482674,0.025961918756365776
94460000,0,1,1,1171368248954360692736,0.1745378077030182,-0.019231516867876053,0.046001553535461426,0.3114571273326874,-0.16847112774848938,1.2633728981018066,0.0044985488057136536,0.0008779814816080034,-2.787426274153404e-05,0.00772159593179822,0.0006438542623072863,0.027158569544553757
94461000,0,1,1,1171368248954360692736,0.16954344511032104,-0.014624250121414661,0.03794141858816147,0.30283322930336,-0.15752267837524414,1.2401196956634521,0.0036574213299900293,0.0008718433091416955,-0.00046977258170954883,0.006474749185144901,-0.0001370615791529417,0.02475084736943245
94462000,0,1,1,1171368248954360692736,0.1642371267080307,-0.011049837805330753,0.03139679133892059,0.2941295802593231,-0.14634442329406738,1.2166967391967773,0.003636080538854003,0.000697559502441436,-0.00011400951188988984,0.006249915808439255,0.0002092036884278059,0.023154012858867645
94463000,0,1,1,1171368248954360692736,0.16040049493312836,-0.007737287320196629,0.024427520111203194,0.2885437607765198,-0.13814757764339447,1.2060691118240356,0.004009920638054609,0.0005817649071104825,-9.205889364238828e-05,0.006828718353062868,0.00105763110332191,0.025441832840442657
94464000,0,1,1,1171368248954360692736,0.15817609429359436,-0.004951704293489456,0.0176385547965765,0.28507810831069946,-0.13084851205348969,1.2046974897384644,0.003821571357548237,0.0005451460601761937,0.00034979506745003164,0.007616114802658558,0.0015645730309188366,0.026470912620425224
94465000,0,1,1,1171368248954360692736,0.1573401391506195,-0.0015098713338375092,0.014286532998085022,0.2832934558391571,-0.12524357438087463,1.2118510007858276,0.004523002542555332,0.0008565190364606678,0.0007312724483199418,0.008061736822128296,0.0012844931334257126,0.02870924025774002
94466000,0,1,1,1171368248954360692736,0.15594902634620667,0.0018276488408446312,0.013686850666999817,0.2796357274055481,-0.12176509201526642,1.2105717658996582,0.004202676936984062,0.0006667065899819136,0.0013338859425857663,0.0057824342511594296,0.00037115358281880617,0.024258527904748917
94467000,0,1,1,1171368248954360692736,0.1546710729598999,0.004535182379186153,0.014562705531716347,0.27684295177459717,-0.11921071261167526,1.2107515335083008,0.004341338761150837,0.0014113755896687508,0.0009357819799333811,0.006452767178416252,-0.0012139147147536278,0.024710120633244514
94468000,0,1,1,1171368248954360692736,0.15376192331314087,0.008323529735207558,0.014696764759719372,0.27470141649246216,-0.12007534503936768,1.2115871906280518,0.004481980577111244,0.00148405646905303,0.0007980854716151953,0.007530723698437214,-0.0010187131119892001,0.02610485441982746
94469000,0,1,1,1171368248954360692736,0.15421700477600098,0.010802320204675198,0.015884729102253914,0.27502450346946716,-0.12083975970745087,1.2219305038452148,0.005824695341289043,0.0013114240719005466,0.0013385493075475097,0.008770941756665707,-0.002329465700313449,0.03014686517417431
94470000,0,1,1,1171368248954360692736,0.1586848944425583,0.011808430776000023,0.024553779512643814,0.2787235975265503,-0.12368552386760712,1.2481220960617065,0.00789226870983839,0.0015032674418762326,0.003929974045604467,0.010305364616215229,-0.001508838962763548,0.03408832475543022
94471000,0,1,1,1171368248954360692736,0.16382691264152527,0.01506728120148182,0.03106258437037468,0.2879863679409027,-0.12071549892425537,1.2762788534164429,0.007047839462757111,0.0029152564238756895,0.00198275875300169,0.011891872622072697,0.00031375489197671413,0.03533487766981125
94472000,0,1,1,1171368248954360692736,0.1658669412136078,0.019704073667526245,0.03648637235164642,0.29673659801483154,-0.10908161103725433,1.3079321384429932,0.0064423275180161,0.00265018199570477,0.0036088209599256516,0.011460008099675179,0.003155831480398774,0.037877343595027924
94473000,0,1,1,1171368248954360692736,0.17069393396377563,0.022627655416727066,0.04957941174507141,0.3084203600883484,-0.09935027360916138,1.3545317649841309,0.007572164759039879,0.002499931026250124,0.0054265172220766544,0.013713259249925613,0.002380816265940666,0.04171633720397949
94474000,0,1,1,1171368248954360692736,0.17621766030788422,0.027501186355948448,0.06047211214900017,0.31980136036872864,-0.08351986110210419,1.387608289718628,0.00808174442499876,0.003506783861666918,0.004255305975675583,0.012280017137527466,0.005889104679226875,0.03869328647851944
94475000,0,1,1,1171368248954360692736,0.18158695101737976,0.03395502269268036,0.0672963336110115,0.32850784063339233,-0.0628703162074089,1.4146056175231934,0.00826790276914835,0.00408351793885231,0.004375515505671501,0.011691296473145485,0.0076776957139372826,0.03794575482606888
94476000,0,1,1,1171368248954360692736,0.18705222010612488,0.040789149701595306,0.07764239609241486,0.33728334307670593,-0.04082505404949188,1.4423693418502808,0.00900618638843298,0.004178315866738558,0.006257657427340746,0.012713015079498291,0.007370373234152794,0.04014044255018234
94477000,0,1,1,1171368248954360692736,0.19626519083976746,0.04857080429792404,0.09401237964630127,0.3486977815628052,-0.019875336438417435,1.4836288690567017,0.011254359968006611,0.005755458027124405,0.007190558593720198,0.01383293978869915,0.008044455200433731,0.044614776968955994
94478000,0,1,1,1171368248954360692736,0.20815515518188477,0.056735213845968246,0.112401083111763,0.35932856798171997,0.0018274225294589996,1.523939609527588,0.011331270448863506,0.004758320748806,0.009010558016598225,0.01232091523706913,0.00976552814245224,0.043987810611724854
94479000,0,1,1,1171368248954360692736,0.22169417142868042,0.06358613073825836,0.13304290175437927,0.36664828658103943,0.02061036229133606,1.5574619770050049,0.010853476822376251,0.004667707718908787,0.009129295125603676,0.010725644417107105,0.009041327983140945,0.03903768211603165
94480000,0,1,1,1171368248954360692736,0.2346961945295334,0.07045379281044006,0.1530628502368927,0.3756261169910431,0.04456319287419319,1.5966650247573853,0.010720973834395409,0.004812818486243486,0.007764449343085289,0.013698296621441841,0.011171565391123295,0.04301059618592262
94481000,0,1,1,1171368248954360692736,0.24303364753723145,0.0762249082326889,0.16832377016544342,0.3837037682533264,0.06767282634973526,1.6224836111068726,0.008986793458461761,0.00461167236790061,0.007112489081919193,0.013032686896622181,0.009926564991474152,0.04001611843705177
94482000,0,1,1,1171368248954360692736,0.24624782800674438,0.08131152391433716,0.1762429028749466,0.3926789164543152,0.09058224409818649,1.6390583515167236,0.008016928099095821,0.004027392715215683,0.006118242163211107,0.013560537248849869,0.010244041681289673,0.03902250528335571
94483000,0,1,1,1171368248954360692736,0.24505499005317688,0.08578856289386749,0.17670224606990814,0.40551018714904785,0.11408793926239014,1.6506096124649048,0.007609094958752394,0.004231583327054977,0.005385715514421463,0.015605192631483078,0.009011229500174522,0.0388774648308754
94484000,0,1,1,1171368248954360692736,0.24974331259727478,0.08943628519773483,0.18850332498550415,0.41900211572647095,0.1398295909166336,1.6865580081939697,0.009142749942839146,0.00333578884601593,0.0071524884551763535,0.015202119015157223,0.011062621138989925,0.04286004230380058
94485000,0,1,1,1171368248954360692736,0.25659477710723877,0.0913032591342926,0.20157921314239502,0.4298315942287445,0.16603776812553406,1.7266395092010498,0.009258795529603958,0.003969493322074413,0.006102243438363075,0.015147186815738678,0.012276509776711464,0.043183840811252594
94486000,0,1,1,1171368248954360692736,0.26195797324180603,0.09365376085042953,0.2108146846294403,0.4415168762207031,0.19236543774604797,1.7651088237762451,0.010018580593168736,0.0033507272601127625,0.006615867372602224,0.014912504702806473,0.01177923008799553,0.043188560754060745
94487000,0,1,1,1171368248954360692736,0.26024359464645386,0.09155700355768204,0.21100366115570068,0.44713595509529114,0.21277762949466705,1.7700791358947754,0.00778744462877512,0.002062351442873478,0.0061872899532318115,0.013012122362852097,0.011127175763249397,0.0382821261882782
94488000,0,1,1,1171368248954360692736,0.2543182373046875,0.08820167183876038,0.2057081162929535,0.4536484479904175,0.23248623311519623,1.7723727226257324,0.006541469134390354,0.0021347012370824814,0.004080404527485371,0.015254229307174683,0.011436302214860916,0.03879233077168465
94489000,0,1,1,1171368248954360692736,0.24995121359825134,0.08408084511756897,0.20158883929252625,0.46000343561172485,0.24700529873371124,1.7741127014160156,0.006343119777739048,0.001566609600558877,0.002870537806302309,0.014710267074406147,0.008776118978857994,0.035871461033821106
94490000,0,1,1,1171368248954360692736,0.24770641326904297,0.08028387278318405,0.20040826499462128,0.46737831830978394,0.26215553283691406,1.7787864208221436,0.008050396107137203,0.0010295251850038767,0.005745162256062031,0.016282835975289345,0.010472048074007034,0.038161344826221466
94491000,0,1,1,1171368248954360692736,0.24320143461227417,0.07609612494707108,0.1957024335861206,0.4726375937461853,0.2759900391101837,1.7706999778747559,0.0061703394167125225,0.0011848070425912738,0.0040218159556388855,0.013541189953684807,0.01019548624753952,0.03590187430381775
94492000,0,1,1,1171368248954360692736,0.24027732014656067,0.07343042641878128,0.1963828057050705,0.47627711296081543,0.29053032398223877,1.7767086029052734,0.006827476434409618,0.0016129815485328436,0.005473670549690723,0.013882813975214958,0.010763044469058514,0.03746993467211723
94493000,0,1,1,1171368248954360692736,0.24306130409240723,0.07175987213850021,0.20709514617919922,0.4798341989517212,0.3073204457759857,1.8053829669952393,0.00936970766633749,0.0014580301940441132,0.008251664228737354,0.013122971169650555,0.011468318291008472,0.04244035854935646
94494000,0,1,1,1171368248954360692736,0.2429487705230713,0.07026317715644836,0.2083139419555664,0.4840526282787323,0.3196309208869934,1.8099972009658813,0.00726019823923707,0.0020063905976712704,0.005715503357350826,0.015204955823719501,0.010459011420607567,0.03620320186018944
94495000,0,1,1,1171368248954360692736,0.24180270731449127,0.06988587975502014,0.20959362387657166,0.4918632209300995,0.33415326476097107,1.8260326385498047,0.006941246334463358,0.002284425310790539,0.005962274502962828,0.013858995400369167,0.010843856260180473,0.03938917815685272
94496000,0,1,1,1171368248954360692736,0.2514764964580536,0.07084247469902039,0.23100046813488007,0.4987981915473938,0.35457950830459595,1.8833820819854736,0.010792209766805172,0.0022685490548610687,0.009437337517738342,0.014668742194771767,0.011976290494203568,0.04298616945743561
94497000,0,1,1,1171368248954360692736,0.2608017921447754,0.07327499985694885,0.24351075291633606,0.5080783367156982,0.3757553994655609,1.9296494722366333,0.010077027603983879,0.003472407814115286,0.007649828679859638,0.015878746286034584,0.013405374251306057,0.043331578373909
94498000,0,1,1,1171368248954360692736,0.2671884596347809,0.07504258304834366,0.2515168786048889,0.5170396566390991,0.3964330554008484,1.9616224765777588,0.009683349169790745,0.0027317125350236893,0.006889392621815205,0.017023218795657158,0.013146787881851196,0.04093122109770775
94499000,0,1,1,1171368248954360692736,0.26337671279907227,0.0749085396528244,0.23998712003231049,0.5207982063293457,0.40382328629493713,1.9420225620269775,0.006779531016945839,0.0032589840702712536,0.003222753293812275,0.012641862034797668,0.008312358520925045,0.03253648057579994
94500000,0,1,1,1171368248954360692736,0.252715528011322,0.07157794386148453,0.21681900322437286,0.5208028554916382,0.40793341398239136,1.908494472503662,0.003791764145717025,0.0010262937285006046,-1.9638420781120658e-05,0.013123382814228535,0.008053643628954887,0.02789267711341381
94501000,0,1,1,1171368248954360692736,0.24290362000465393,0.06759785860776901,0.19421285390853882,0.5199700593948364,0.41103100776672363,1.8819451332092285,0.004006244707852602,0.000775880878791213,-0.0011501400731503963,0.009441155940294266,0.008017512038350105,0.031118636950850487
94502000,0,1,1,1171368248954360692736,0.23283788561820984,0.0636616200208664,0.17592264711856842,0.5160878896713257,0.41199326515197754,1.842896819114685,0.00365207577124238,0.0013161629904061556,0.0028856885619461536,0.012827141210436821,0.00974719226360321,0.027461227029561996
94503000,0,1,1,1171368248954360692736,0.2307681441307068,0.06536222249269485,0.16712327301502228,0.5302515029907227,0.4258033037185669,1.8581264019012451,0.012269924394786358,0.006079221609979868,0.004686795175075531,0.027472272515296936,0.01512308418750763,0.06004653871059418
94504000,0,1,1,1171368248954360692736,0.2583657205104828,0.06639105826616287,0.17978692054748535,0.5807657241821289,0.4602304995059967,1.9883090257644653,0.038227956742048264,-0.0058151716366410255,0.01718328520655632,0.055472537875175476,0.021350162103772163,0.09541254490613937
94505000,0,1,1,1171368248954360692736,0.26788753271102905,0.057314589619636536,0.1677047312259674,0.6045650243759155,0.4566764235496521,1.9492825269699097,0.004795913118869066,0.0018194543663412333,0.0022743006702512503,0.014314720407128334,0.01031431369483471,0.03459039703011513
94506000,0,1,1,1171368248954360692736,0.2607467770576477,0.05685381591320038,0.16235819458961487,0.6004846096038818,0.463656485080719,1.9426181316375732,0.0072053358890116215,0.0029353052377700806,0.005414701532572508,0.014727717265486717,0.012502997182309628,0.0404219813644886
94507000,0,1,1,1171368248954360692736,0.25897377729415894,0.05732479691505432,0.16132676601409912,0.5972813963890076,0.4706036448478699,1.9471789598464966,0.007972926832735538,0.003223372157663107,0.0033376228529959917,0.01604488678276539,0.01245202962309122,0.0420803539454937
94508000,0,1,1,1171368248954360692736,0.26545798778533936,0.05767785385251045,0.16729173064231873,0.5957351922988892,0.48267579078674316,1.9754912853240967,0.010317850857973099,0.0037840690929442644,0.005358648952096701,0.016020018607378006,0.01525958627462387,0.04568836838006973
94509000,0,1,1,1171368248954360692736,0.2763231694698334,0.059043847024440765,0.18210698664188385,0.5926425457000732,0.49080055952072144,2.004850387573242,0.011809658259153366,0.0026585222221910954,0.0094814607873559,0.014234978705644608,0.013122305274009705,0.04433932155370712
94510000,0,1,1,1171368248954360692736,0.28721556067466736,0.059743523597717285,0.20061805844306946,0.5883709192276001,0.4983384311199188,2.0330090522766113,0.012292280793190002,0.002923180814832449,0.009669994935393333,0.011872144415974617,0.011548787355422974,0.044253598898649216
94511000,0,1,1,1171368248954360692736,0.29808878898620605,0.061822064220905304,0.22253376245498657,0.584123432636261,0.5046221613883972,2.064418315887451,0.01080110389739275,0.003285232000052929,0.010696347802877426,0.013214198872447014,0.014453800395131111,0.04771088808774948
94512000,0,1,1,1171368248954360692736,0.31390392780303955,0.06338005512952805,0.2578699588775635,0.5784528851509094,0.5079621076583862,2.1108338832855225,0.016821760684251785,0.0022154850885272026,0.01969325914978981,0.012601791881024837,0.010721514001488686,0.05293795466423035
94513000,0,1,1,1171368248954360692736,0.3285694122314453,0.06340673565864563,0.2914077639579773,0.5712579488754272,0.5014675855636597,2.1400463581085205,0.013049241155385971,0.002553887665271759,0.01429666019976139,0.014378679916262627,0.011458361521363258,0.04984467476606369
94514000,0,1,1,1171368248954360692736,0.33420461416244507,0.0632467269897461,0.3075474798679352,0.5614138841629028,0.4862116575241089,2.133302927017212,0.009534693323075771,0.0026523142587393522,0.009784141555428505,0.012017417699098587,0.009166406467556953,0.04171013832092285
94515000,0,1,1,1171368248954360692736,0.33619213104248047,0.06270882487297058,0.32371121644973755,0.5469666719436646,0.46661853790283203,2.125253438949585,0.009544514119625092,0.002738984301686287,0.010013708844780922,0.010303087532520294,0.008792119100689888,0.04048805683851242
94516000,0,1,1,1171368248954360692736,0.3419802784919739,0.0638696551322937,0.3428519666194916,0.5313286185264587,0.4469112753868103,2.115434169769287,0.01173441018909216,0.0036963066086173058,0.012359464541077614,0.009874858893454075,0.0091834282502532,0.042141400277614594
94517000,0,1,1,1171368248954360692736,0.33836808800697327,0.06604743003845215,0.34750908613204956,0.5172207355499268,0.4282676875591278,2.082454204559326,0.009792853146791458,0.003290349617600441,0.010635939426720142,0.010688060894608498,0.00777145940810442,0.03807252272963524
94518000,0,1,1,1171368248954360692736,0.34368714690208435,0.06709222495555878,0.3673143684864044,0.5043632388114929,0.40997982025146484,2.0761682987213135,0.011100838892161846,0.0031084720976650715,0.01256781816482544,0.010512281209230423,0.008645782247185707,0.04123502969741821
94519000,0,1,1,1171368248954360692736,0.34048324823379517,0.0657387524843216,0.372002512216568,0.49183130264282227,0.3925209641456604,2.0533220767974854,0.008994078263640404,0.002305653877556324,0.008900155313313007,0.009424222633242607,0.007989429868757725,0.037534698843955994
94520000,0,1,1,1171368248954360692736,0.32836419343948364,0.06461547315120697,0.36068981885910034,0.482246071100235,0.3772839307785034,2.009082794189453,0.008494997397065163,0.002653525909408927,0.007854566909372807,0.01113809458911419,0.0072184354066848755,0.03821972385048866
94521000,0,1,1,1171368248954360692736,0.318108469247818,0.06402115523815155,0.3483927845954895,0.47306549549102783,0.3624098300933838,1.961998701095581,0.00804701168090105,0.0030243941582739353,0.007858810015022755,0.009058335795998573,0.007142400834709406,0.03425082191824913
94522000,0,1,1,1171368248954360692736,0.3151211440563202,0.06492678076028824,0.3502195179462433,0.4636731743812561,0.35085105895996094,1.9368994235992432,0.008547854609787464,0.002994634211063385,0.008566084317862988,0.009247612208127975,0.006593999452888966,0.033432960510253906
94523000,0,1,1,1171368248954360692736,0.3121398389339447,0.0663815289735794,0.3481598198413849,0.45378944277763367,0.33914637565612793,1.902345895767212,0.008507858961820602,0.00284462608397007,0.008582083508372307,0.008138645440340042,0.006206322927027941,0.030973069369792938
94524000,0,1,1,1171368248954360692736,0.31315380334854126,0.06744000315666199,0.3557075560092926,0.44455862045288086,0.32793956995010376,1.885521650314331,0.009069581516087055,0.0029366575181484222,0.00958471279591322,0.008165912702679634,0.007340339943766594,0.03463058918714523
94525000,0,1,1,1171368248954360692736,0.30374401807785034,0.0673612505197525,0.34490737318992615,0.43800151348114014,0.3207009434700012,1.8515281677246094,0.00741991214454174,0.002452587243169546,0.006631373427808285,0.010087553411722183,0.008263196796178818,0.03631453216075897
94526000,0,1,1,1171368248954360692736,0.3055954873561859,0.0674896240234375,0.35395342111587524,0.4349847435951233,0.318250834941864,1.8653323650360107,0.009438829496502876,0.002587549854069948,0.009678472764790058,0.01053890585899353,0.007779223844408989,0.03948810324072838
94527000,0,1,1,1171368248954360692736,0.30167603492736816,0.06774471700191498,0.34926941990852356,0.42901262640953064,0.3101866841316223,1.8413468599319458,0.008331336081027985,0.0030633907299488783,0.00802299939095974,0.01017143577337265,0.007435578852891922,0.034761637449264526
94528000,0,1,1,1171368248954360692736,0.2951839864253998,0.06915506720542908,0.3400033116340637,0.4239838719367981,0.3038147985935211,1.81052565574646,0.007945663295686245,0.0034789966885000467,0.007323653902858496,0.009557308629155159,0.007219141814857721,0.03198505938053131
94529000,0,1,1,1171368248954360692736,0.2830199599266052,0.06986963003873825,0.32064396142959595,0.4165208637714386,0.2953876554965973,1.7599265575408936,0.005905772093683481,0.003279258729889989,0.0038416075985878706,0.008760500699281693,0.005959454923868179,0.028814323246479034
94530000,0,1,1,1171368248954360692736,0.2759246528148651,0.06960223615169525,0.3115798532962799,0.40963929891586304,0.28540873527526855,1.7254672050476074,0.0065156202763319016,0.002328077331185341,0.006059296429157257,0.00880381278693676,0.005296339746564627,0.02880333922803402
94531000,0,1,1,1171368248954360692736,0.26172932982444763,0.06566694378852844,0.2893388867378235,0.40048152208328247,0.2708660364151001,1.6684014797210693,0.005083654075860977,0.0015602204948663712,0.003516308730468154,0.007987403310835361,0.00430336082354188,0.027749186381697655
94532000,0,1,1,1171368248954360692736,0.24907994270324707,0.0627966895699501,0.26932454109191895,0.39245250821113586,0.2575662136077881,1.6202998161315918,0.005111646838486195,0.002026177942752838,0.0038861187640577555,0.00819096714258194,0.00487180519849062,0.028967469930648804
94533000,0,1,1,1171368248954360692736,0.2505553662776947,0.06307101994752884,0.2642472982406616,0.3908400535583496,0.24070027470588684,1.619858741760254,0.020477185025811195,0.0054442002438008785,0.013033045455813408,0.01977422833442688,-0.00037572113797068596,0.06031595170497894
94534000,0,1,1,1171368248954360692736,0.24851202964782715,0.059666913002729416,0.24828873574733734,0.3795129954814911,0.20880290865898132,1.5619382858276367,0.0057435063645243645,0.0016193041810765862,0.0056658098474144936,0.006928339134901762,0.004101335071027279,0.028776630759239197
94535000,0,1,1,1171368248954360692736,0.24041199684143066,0.05588169023394585,0.23757675290107727,0.3617744445800781,0.1833745539188385,1.5076299905776978,0.0054284329526126385,0.0019486517412588,0.004349228460341692,0.006923573557287455,0.0018803474958986044,0.02778558060526848
94536000,0,1,1,1171368248954360692736,0.22980380058288574,0.05215796083211899,0.21968916058540344,0.345174103975296,0.16053266823291779,1.442458152770996,0.004522351082414389,0.0015180523041635752,0.003319090697914362,0.005710158497095108,0.0026938372757285833,0.023842714726924896
94537000,0,1,1,1171368248954360692736,0.22203755378723145,0.049308642745018005,0.20875659584999084,0.3328624367713928,0.145387664437294,1.4006348848342896,0.005219715181738138,0.0018370860489085317,0.004156910348683596,0.006771659478545189,0.002873264020308852,0.026000168174505234
94538000,0,1,1,1171368248954360692736,0.2145077884197235,0.04899585247039795,0.19951263070106506,0.3290008306503296,0.14203307032585144,1.373475193977356,0.005306990817189217,0.0020868051797151566,0.0038339889142662287,0.007587670814245939,0.004176708869636059,0.027411876246333122
94539000,0,1,1,1171368248954360692736,0.2063395082950592,0.048063091933727264,0.18702036142349243,0.3229040801525116,0.13599823415279388,1.338332176208496,0.004753792658448219,0.0017307258676737547,0.0027421345002949238,0.006782779470086098,0.0031428467482328415,0.025286363437771797
94540000,0,1,1,1171368248954360692736,0.200677290558815,0.047683246433734894,0.17885413765907288,0.31737130880355835,0.13162124156951904,1.3163282871246338,0.0053011770360171795,0.001973080914467573,0.003712357021868229,0.007047431543469429,0.004097138997167349,0.0288725346326828
94541000,0,1,1,1171368248954360692736,0.19732855260372162,0.04843106120824814,0.17429912090301514,0.3144810199737549,0.12856993079185486,1.3014025688171387,0.005371104460209608,0.0020196037366986275,0.004053559619933367,0.007571259047836065,0.003375781700015068,0.028836850076913834
94542000,0,1,1,1171368248954360692736,0.19331149756908417,0.0488135889172554,0.1694137454032898,0.31023064255714417,0.12559738755226135,1.2799484729766846,0.004847177304327488,0.0019539939239621162,0.003642353694885969,0.006195038091391325,0.003761223517358303,0.024464460089802742
94543000,0,1,1,1171368248954360692736,0.1902042031288147,0.049602314829826355,0.16639748215675354,0.30676308274269104,0.12459510564804077,1.268493890762329,0.005414875689893961,0.0024780314415693283,0.004066364839673042,0.007325262762606144,0.004320824984461069,0.02812313847243786
94544000,0,1,1,1171368248954360692736,0.18687468767166138,0.0502299889922142,0.16165819764137268,0.3022279739379883,0.12119487673044205,1.247957706451416,0.004994709510356188,0.0023250230588018894,0.0033974244724959135,0.006743983365595341,0.0036028921604156494,0.025462210178375244
94545000,0,1,1,1171368248954360692736,0.18490469455718994,0.05116776376962662,0.1595088541507721,0.2997440695762634,0.12073907256126404,1.2354764938354492,0.005319562740623951,0.002127118641510606,0.004232166334986687,0.0070313019677996635,0.003356920089572668,0.026115521788597107
94546000,0,1,1,1171368248954360692736,0.18169215321540833,0.051517926156520844,0.15571440756320953,0.29683518409729004,0.11810052394866943,1.2162476778030396,0.00480279978364706,0.001918711932376027,0.0037848821375519037,0.007016417570412159,0.003130560740828514,0.02520260028541088
94547000,0,1,1,1171368248954360692736,0.18072247505187988,0.05248569697141647,0.1545862853527069,0.29617851972579956,0.11818856745958328,1.2094061374664307,0.005785162560641766,0.002579739782959223,0.0036176335997879505,0.007826928980648518,0.004040820524096489,0.026945559307932854
94548000,0,1,1,1171368248954360692736,0.17877838015556335,0.0530020147562027,0.15160444378852844,0.2950475811958313,0.11583086103200912,1.1972520351409912,0.004977501463145018,0.0019222644623368979,0.003406320698559284,0.007356590591371059,0.0026501023676246405,0.02567707560956478
94549000,0,1,1,1171368248954360692736,0.17624419927597046,0.05162743851542473,0.14732664823532104,0.2887648046016693,0.10712914168834686,1.1764492988586426,0.005117084830999374,0.0013790999073535204,0.0038366212975233793,0.005933796986937523,0.0017507547745481133,0.024138258770108223
94550000,0,1,1,1171368248954360692736,0.17279645800590515,0.05074484646320343,0.14286267757415771,0.28580033779144287,0.10337124019861221,1.1609009504318237,0.003701102687045932,0.0015939271543174982,0.002313020173460245,0.006587896030396223,0.0025031964760273695,0.022724708542227745
94551000,0,1,1,1171368248954360692736,0.16906648874282837,0.05066835880279541,0.1384473294019699,0.2838675379753113,0.10154496878385544,1.1472039222717285,0.0039257388561964035,0.0015313224866986275,0.0027995817363262177,0.006342872511595488,0.0026984342839568853,0.02393384277820587
94552000,0,1,1,1171368248954360692736,0.16616663336753845,0.0507788322865963,0.13492415845394135,0.28311586380004883,0.10080217570066452,1.140178918838501,0.004278015810996294,0.0018744408152997494,0.0027203261852264404,0.00783039815723896,0.0034405358601361513,0.027795298025012016
94553000,0,1,1,1171368248954360692736,0.1623542606830597,0.0493391677737236,0.12868639826774597,0.27994248270988464,0.097496397793293,1.1295173168182373,0.0037918167654424906,0.0012261876836419106,0.0020100874826312065,0.006515888497233391,0.0026704445481300354,0.025298576802015305
94554000,0,1,1,1171368248954360692736,0.15928909182548523,0.04770372435450554,0.12243908643722534,0.28193405270576477,0.10002397745847702,1.1329152584075928,0.003861477132886648,0.0012486581690609455,0.0020754211582243443,0.009351184591650963,0.004268812946975231,0.02968313917517662
94555000,0,1,1,1171368248954360692736,0.15664644539356232,0.04483567923307419,0.11592216789722443,0.2847749590873718,0.09926296770572662,1.1382814645767212,0.004594995640218258,0.0006551349069923162,0.0023412646260112524,0.010472932830452919,0.0026356824673712254,0.03153109923005104
94556000,0,1,1,1171368248954360692736,0.1564292311668396,0.042342659085989,0.11675461381673813,0.29080191254615784,0.10166408121585846,1.1567933559417725,0.005039062816649675,0.0005006801802664995,0.0046890354715287685,0.011222537606954575,0.004433550871908665,0.03196687996387482
94557000,0,1,1,1171368248954360692736,0.1588403731584549,0.03904275968670845,0.12233886122703552,0.29927772283554077,0.10490897297859192,1.181347370147705,0.006272336468100548,-0.0007690996862947941,0.005753973498940468,0.012911040335893631,0.003684587776660919,0.032772548496723175
94558000,0,1,1,1171368248954360692736,0.16248655319213867,0.031578999012708664,0.1261901706457138,0.3010375201702118,0.09170131385326385,1.1936089992523193,0.006594919599592686,-0.0018770722672343254,0.004669918213039637,0.013043255545198917,0.0012340233661234379,0.034668516367673874
94559000,0,1,1,1171368248954360692736,0.16687509417533875,0.021296175196766853,0.13022536039352417,0.3087807893753052,0.07584558427333832,1.2138450145721436,0.0076270936988294125,-0.00403958186507225,0.005707556381821632,0.016188841313123703,-0.002277066232636571,0.03532694652676582
94560000,0,1,1,1171368248954360692736,0.17331795394420624,0.009516293182969093,0.12970182299613953,0.31841373443603516,0.05343714728951454,1.2414618730545044,0.009821273386478424,-0.003855544375255704,0.0019873306155204773,0.01611415296792984,-0.004407168366014957,0.038353968411684036
94561000,0,1,1,1171368248954360692736,0.1850883662700653,0.001555195078253746,0.12837070226669312,0.3333300054073334,0.016950935125350952,1.2834093570709229,0.012084169313311577,-0.0009906732011586428,0.002403105143457651,0.021263808012008667,-0.011207684874534607,0.04392107576131821
94562000,0,1,1,1171368248954360692736,0.20629741251468658,-0.00740417093038559,0.14328357577323914,0.3589201867580414,-0.018255293369293213,1.3721301555633545,0.019105026498436928,-0.00498688779771328,0.008922979235649109,0.021640148013830185,-0.012976703234016895,0.0522032231092453
94563000,0,1,1,1171368248954360692736,0.23491987586021423,-0.02038617990911007,0.16605722904205322,0.36946162581443787,-0.05675249546766281,1.44386625289917,0.02231465093791485,-0.004765195306390524,0.010197876021265984,0.014430182985961437,-0.008879229426383972,0.049778539687395096
94564000,0,1,1,1171368248954360692736,0.256616473197937,-0.02744748629629612,0.17418596148490906,0.36759740114212036,-0.07799764722585678,1.472580909729004,0.014014674350619316,-0.0006842839065939188,0.0022532071452587843,0.00993798766285181,-0.0022006710059940815,0.039379511028528214
94565000,0,1,1,1171368248954360692736,0.2706505060195923,-0.03395778313279152,0.18003900349140167,0.36524102091789246,-0.0976920872926712,1.4970729351043701,0.012403013184666634,-0.002195086795836687,0.005118756089359522,0.011010401882231236,-0.005188350565731525,0.03905123099684715
94566000,0,1,1,1171368248954360692736,0.28954529762268066,-0.045269351452589035,0.19957435131072998,0.3663369417190552,-0.12682786583900452,1.5307042598724365,0.018119852989912033,-0.005823222454637289,0.011454715393483639,0.013546932488679886,-0.009715369902551174,0.04558144509792328
94567000,0,1,1,1171368248954360692736,0.3111422061920166,-0.058133404701948166,0.21799111366271973,0.3725466728210449,-0.16096346080303192,1.5811498165130615,0.01741696707904339,-0.004491667728871107,0.0071814944967627525,0.015284284017980099,-0.012272795662283897,0.05085378140211105
94568000,0,1,1,1171368248954360692736,0.3335036635398865,-0.07131670415401459,0.24442125856876373,0.3810526728630066,-0.1937510073184967,1.6328333616256714,0.017860904335975647,-0.006366340443491936,0.013288429006934166,0.015690261498093605,-0.010930288583040237,0.047118399292230606
94569000,0,1,1,1171368248954360692736,0.3496382236480713,-0.08160337805747986,0.2625613808631897,0.38699501752853394,-0.2145335078239441,1.668192744255066,0.01403027307242155,-0.00339348241686821,0.006922215223312378,0.013223102316260338,-0.006528722587972879,0.04230872541666031
94570000,0,1,1,1171368248954360692736,0.35952767729759216,-0.08703279495239258,0.2712664008140564,0.3909470736980438,-0.22666221857070923,1.6855370998382568,0.012436478398740292,-0.001813429407775402,0.004053842276334763,0.012845116667449474,-0.004167262464761734,0.03709639608860016
94571000,0,1,1,1171368248954360692736,0.3666805326938629,-0.09299513697624207,0.27283167839050293,0.3958444595336914,-0.24393600225448608,1.6983085870742798,0.012558069080114365,-0.002693895250558853,0.0028217656072229147,0.013858569785952568,-0.008699353784322739,0.0387580506503582
94572000,0,1,1,1171368248954360692736,0.3646220564842224,-0.09734401106834412,0.26336467266082764,0.39935633540153503,-0.25927647948265076,1.684928297996521,0.00839176680892706,-0.001933853724040091,0.001302276155911386,0.012519259937107563,-0.006360575556755066,0.03519856557250023
94573000,0,1,1,1171368248954360692736,0.3594667315483093,-0.10152751207351685,0.252288281917572,0.4084055721759796,-0.27197110652923584,1.6792128086090088,0.00853588804602623,-0.0032239696010947227,0.00042235502041876316,0.016068823635578156,-0.007084117271006107,0.035341981798410416
94574000,0,1,1,1171368248954360692736,0.35083845257759094,-0.1052049994468689,0.2374083548784256,0.4131605625152588,-0.28280648589134216,1.6531745195388794,0.007210667245090008,-0.003007567021995783,0.0009229396237060428,0.012308166362345219,-0.005200363229960203,0.0302616897970438
94575000,0,1,1,1171368248954360692736,0.3392307758331299,-0.10747788101434708,0.22278472781181335,0.4171665608882904,-0.2849937081336975,1.6248847246170044,0.0069404845125973225,-0.0027574163395911455,2.011377364397049e-05,0.012545415200293064,-0.003293748013675213,0.02969370223581791
94576000,0,1,1,1171368248954360692736,0.3314823508262634,-0.10881859064102173,0.2062397450208664,0.42342233657836914,-0.2938239276409149,1.6099759340286255,0.008031807839870453,-0.0027733107563108206,0.0011251983232796192,0.015133879147469997,-0.007084171287715435,0.03362637013196945
94577000,0,1,1,1171368248954360692736,0.3225407600402832,-0.11069610714912415,0.19577983021736145,0.4285714030265808,-0.3014078736305237,1.5999280214309692,0.007708857301622629,-0.0032592269126325846,0.0026786059606820345,0.015206889249384403,-0.006096549332141876,0.0353798009455204
94578000,0,1,1,1171368248954360692736,0.3141869902610779,-0.1133459061384201,0.18838253617286682,0.4337536096572876,-0.3090789318084717,1.5875955820083618,0.006799239665269852,-0.0022137314081192017,0.0029045799747109413,0.013358518481254578,-0.0077207875438034534,0.03381108492612839
94579000,0,1,1,1171368248954360692736,0.3063041567802429,-0.112297922372818,0.17916731536388397,0.4391801357269287,-0.31968390941619873,1.587960958480835,0.006766823120415211,-0.0010001420741900802,0.0009110047249123454,0.012054395861923695,-0.00870163831859827,0.03819802775979042
94580000,0,1,1,1171368248954360692736,0.29971498250961304,-0.11170410364866257,0.17311421036720276,0.4458785653114319,-0.3263798654079437,1.5884946584701538,0.007360388059169054,-0.0024446556344628334,0.002174929715692997,0.01611444354057312,-0.005770290270447731,0.035029467195272446
94581000,0,1,1,1171368248954360692736,0.2916509807109833,-0.1113075464963913,0.16789531707763672,0.45541292428970337,-0.3328699469566345,1.5839488506317139,0.006501350086182356,-0.002191473264247179,0.002826504409313202,0.016243889927864075,-0.007189082447439432,0.034471120685338974
94582000,0,1,1,1171368248954360692736,0.2851099967956543,-0.10927172005176544,0.1578330099582672,0.4594270586967468,-0.34272119402885437,1.5857653617858887,0.006436244118958712,-0.0017805538373067975,-0.00024163693888112903,0.013433597981929779,-0.008604882284998894,0.036066748201847076
94583000,0,1,1,1171368248954360692736,0.2783169448375702,-0.10753896832466125,0.14631563425064087,0.4565466046333313,-0.34678131341934204,1.5789034366607666,0.007165697868913412,-0.0016342459712177515,-0.0007191752665676177,0.012232894077897072,-0.0062475609593093395,0.035715050995349884
94584000,0,1,1,1171368248954360692736,0.27295640110969543,-0.10556823760271072,0.139349102973938,0.4539288282394409,-0.3529908061027527,1.581165075302124,0.007078548893332481,-0.0006281955866143107,0.0011147195473313332,0.012735962867736816,-0.008661343716084957,0.038494352251291275
94585000,0,1,1,1171368248954360692736,0.2580663561820984,-0.09187284111976624,0.1260676234960556,0.43974363803863525,-0.34081512689590454,1.540618896484375,0.004903401248157024,0.0003266658168286085,0.0011394134489819407,0.009851474314928055,-0.004372721537947655,0.029348790645599365
94586000,0,1,1,1171368248954360692736,0.2407941073179245,-0.07527415454387665,0.10557866096496582,0.4167947769165039,-0.31553319096565247,1.4839001893997192,0.004290211014449596,0.0008256540168076754,-0.00031637423671782017,0.007576096337288618,-0.0034363307058811188,0.02616054192185402
94587000,0,1,1,1171368248954360692736,0.22431150078773499,-0.06021127849817276,0.0871770828962326,0.39437225461006165,-0.2906578779220581,1.4238951206207275,0.004223106894642115,0.0014938258100301027,-0.00047735197586007416,0.007664997596293688,-0.0024997061118483543,0.02573762834072113
94588000,0,1,1,1171368248954360692736,0.21135002374649048,-0.04633195325732231,0.07027184218168259,0.3754580616950989,-0.26704224944114685,1.3727837800979614,0.004548138473182917,0.0017754461150616407,-0.0005089101614430547,0.00838848203420639,-0.0015519789885729551,0.02797168307006359
94589000,0,1,1,1171368248954360692736,0.20150519907474518,-0.03684809431433678,0.05526240915060043,0.3611138164997101,-0.24335132539272308,1.333651065826416,0.00424678111448884,0.0012998714810237288,-0.0003932288382202387,0.007227293215692043,-0.0008602584712207317,0.024001916870474815
94590000,0,1,1,1171368248954360692736,0.19392114877700806,-0.02955353446304798,0.04296479374170303,0.34701335430145264,-0.22301319241523743,1.303737998008728,0.0043749623000621796,0.0012228324776515365,-0.001297040842473507,0.0073811947368085384,0.0002075512893497944,0.025957200676202774
94591000,0,1,1,1171368248954360692736,0.18617385625839233,-0.022540699690580368,0.0328061543405056,0.3354448676109314,-0.20542435348033905,1.2774957418441772,0.00410816352814436,0.0011499414686113596,-0.0009977100417017937,0.006772411055862904,0.00010324479080736637,0.026835311204195023
94592000,0,1,1,1171368248954360692736,0.1817101538181305,-0.01567520946264267,0.02099422551691532,0.3296535611152649,-0.19225703179836273,1.2727068662643433,0.005007117986679077,0.0015317522920668125,-0.0009210002608597279,0.0078108529560267925,0.00020153122022747993,0.027983512729406357
94593000,0,1,1,1171368248954360692736,0.1771230697631836,-0.008614235557615757,0.014819559641182423,0.31997227668762207,-0.18179962038993835,1.2593001127243042,0.004593648482114077,0.0015265432884916663,-8.672301191836596e-06,0.0067116268910467625,0.0017406931146979332,0.02462403103709221
94594000,0,1,1,1171368248954360692736,0.17372311651706696,-0.003180800937116146,0.010955579578876495,0.3131323456764221,-0.16905172169208527,1.2549289464950562,0.004088673274964094,0.0010258975671604276,0.00026619239361025393,0.007062570191919804,0.002503379248082638,0.02494865283370018
94595000,0,1,1,1171368248954360692736,0.17108319699764252,0.0021181125193834305,0.0088967802003026,0.3078567385673523,-0.16157759726047516,1.249688982963562,0.0040758042596280575,0.000812691287137568,0.0009531596442684531,0.005431937985122204,0.0010167558211833239,0.022916773334145546
94596000,0,1,1,1171368248954360692736,0.1692114770412445,0.007589426357299089,0.008315715938806534,0.30491313338279724,-0.15379033982753754,1.249263882637024,0.004834951367229223,0.00205501401796937,0.000763250864110887,0.008315356448292732,0.0011174918618053198,0.02664288878440857
94597000,0,1,1,1171368248954360692736,0.16812245547771454,0.01361023262143135,0.00827802624553442,0.30514758825302124,-0.14939230680465698,1.2573639154434204,0.005472964141517878,0.0025002763140946627,0.0005176695995032787,0.009132417850196362,-0.0002603614702820778,0.030288461595773697
94598000,0,1,1,1171368248954360692736,0.16799089312553406,0.019709426909685135,0.008587047457695007,0.30810409784317017,-0.14862582087516785,1.2705309391021729,0.005519255064427853,0.0025192692410200834,0.0013204842107370496,0.011018677614629269,-0.0007158378139138222,0.032068219035863876
94599000,0,1,1,1171368248954360692736,0.16740480065345764,0.0242798812687397,0.012326838448643684,0.3144286274909973,-0.14066806435585022,1.2835650444030762,0.005677330307662487,0.0024024932645261288,0.002313164295628667,0.011287291534245014,0.0017370888963341713,0.03334677964448929
94600000,0,1,1,1171368248954360692736,0.17061954736709595,0.028269954025745392,0.0166893620043993,0.32264021039009094,-0.13098230957984924,1.3143336772918701,0.007164637092500925,0.0027214435394853354,0.002397742588073015,0.011456221342086792,0.002816231222823262,0.036413922905921936
94601000,0,1,1,1171368248954360692736,0.1748657077550888,0.03348321467638016,0.024397052824497223,0.33307957649230957,-0.11631637811660767,1.3436142206192017,0.00811245571821928,0.0034400010481476784,0.004131201654672623,0.013859061524271965,0.004545825999230146,0.037190843373537064
94602000,0,1,1,1171368248954360692736,0.1793360412120819,0.0377914234995842,0.03433014452457428,0.3438897132873535,-0.0991068184375763,1.3738449811935425,0.007973806001245975,0.002946557244285941,0.004812038503587246,0.013809582218527794,0.0048744590021669865,0.03769534081220627
94603000,0,1,1,1171368248954360692736,0.18290311098098755,0.04229724779725075,0.04662427306175232,0.3550567030906677,-0.08227423578500748,1.40470552444458,0.007469833362847567,0.0029202026780694723,0.005500288680195808,0.01372712105512619,0.005293923895806074,0.038129519671201706
94604000,0,1,1,1171368248954360692736,0.1902318298816681,0.04755083844065666,0.06558116525411606,0.3659266531467438,-0.0639973059296608,1.4438642263412476,0.00991076324135065,0.003810698166489601,0.008136572316288948,0.014009205624461174,0.006377377547323704,0.04044859856367111
94605000,0,1,1,1171368248954360692736,0.19786879420280457,0.05341707170009613,0.08054335415363312,0.37327516078948975,-0.04168953001499176,1.4693262577056885,0.009102236479520798,0.004422650672495365,0.0072396015748381615,0.012298060581088066,0.00940224900841713,0.03778553381562233
94606000,0,1,1,1171368248954360692736,0.2076287716627121,0.06055993586778641,0.09616700559854507,0.38186904788017273,-0.017033547163009644,1.5035836696624756,0.009610657580196857,0.005731114652007818,0.00536957336589694,0.015011806041002274,0.009051965549588203,0.04270042106509209
94607000,0,1,1,1171368248954360692736,0.21500259637832642,0.0670863687992096,0.10801681876182556,0.3909909725189209,0.009792108088731766,1.5360801219940186,0.008659458719193935,0.004247731063514948,0.004792709834873676,0.013206152245402336,0.010102628730237484,0.041799552738666534
94608000,0,1,1,1171368248954360692736,0.22226756811141968,0.07177543640136719,0.1231851726770401,0.39801889657974243,0.03626813739538193,1.566633939743042,0.008912386372685432,0.003561231540516019,0.007521357387304306,0.012856405228376389,0.010163523256778717,0.04076622426509857
94609000,0,1,1,1171368248954360692736,0.22554081678390503,0.07485532760620117,0.13589346408843994,0.40624135732650757,0.06731972098350525,1.586578130722046,0.007633334957063198,0.0036253584548830986,0.00599522702395916,0.015634838491678238,0.011063769459724426,0.04045248031616211
94610000,0,1,1,1171368248954360692736,0.2233651578426361,0.07485109567642212,0.13941895961761475,0.4123426079750061,0.0956115648150444,1.5876771211624146,0.0059920079074800014,0.0020871153101325035,0.004927887115627527,0.012141445651650429,0.010482730343937874,0.036058057099580765
94611000,0,1,1,1171368248954360692736,0.2196604609489441,0.07364387810230255,0.14036020636558533,0.4167865514755249,0.12051842361688614,1.5851538181304932,0.005792141426354647,0.001923810807056725,0.004795333836227655,0.012507240287959576,0.010595181956887245,0.03441605344414711
94612000,0,1,1,1171368248954360692736,0.21548202633857727,0.07222753763198853,0.13940446078777313,0.4228147566318512,0.1421196460723877,1.5792126655578613,0.004852220416069031,0.0016354669351130724,0.003502994542941451,0.013612848706543446,0.01015463750809431,0.03455439582467079
94613000,0,1,1,1171368248954360692736,0.21223512291908264,0.06992538273334503,0.13683462142944336,0.4299246072769165,0.16285789012908936,1.5839507579803467,0.00600848626345396,0.0016848527593538165,0.0027972108218818903,0.014988691546022892,0.010703773237764835,0.03864055499434471
94614000,0,1,1,1171368248954360692736,0.21276439726352692,0.06881149113178253,0.14066576957702637,0.43667319416999817,0.18500374257564545,1.6042617559432983,0.00795550923794508,0.002389510627835989,0.005775436758995056,0.012573260813951492,0.01170022040605545,0.0416700579226017
94615000,0,1,1,1171368248954360692736,0.21859149634838104,0.06815609335899353,0.15418219566345215,0.44133663177490234,0.20659871399402618,1.6359103918075562,0.009620425291359425,0.0019546758849173784,0.008831363171339035,0.012990451417863369,0.011576103046536446,0.044174470007419586
94616000,0,1,1,1171368248954360692736,0.22504712641239166,0.06706445664167404,0.1664060801267624,0.4440077543258667,0.22509747743606567,1.6605660915374756,0.008456856943666935,0.002446023980155587,0.0070719108916819096,0.011763433925807476,0.01089373417198658,0.03844883665442467
94617000,0,1,1,1171368248954360692736,0.22994886338710785,0.0693943202495575,0.17601388692855835,0.4491100311279297,0.24475644528865814,1.680881381034851,0.007906930521130562,0.004491125233471394,0.005820645019412041,0.014005940407514572,0.012901464477181435,0.04028696194291115
94618000,0,1,1,1171368248954360692736,0.23759254813194275,0.07098458707332611,0.18946127593517303,0.45238780975341797,0.26409733295440674,1.7175073623657227,0.009406866505742073,0.0029043490067124367,0.00639537675306201,0.011959328316152096,0.01133525650948286,0.042380452156066895
94619000,0,1,1,1171368248954360692736,0.2473120093345642,0.07304644584655762,0.20636382699012756,0.45323288440704346,0.27941542863845825,1.7453408241271973,0.00995607953518629,0.003609311766922474,0.008961477316915989,0.009503373876214027,0.009791156277060509,0.03735837712883949
94620000,0,1,1,1171368248954360692736,0.25871655344963074,0.0764399915933609,0.22702577710151672,0.4558006525039673,0.29365628957748413,1.7801570892333984,0.011400455608963966,0.004663156345486641,0.00915715005248785,0.01338990405201912,0.010252469219267368,0.04148762673139572
94621000,0,1,1,1171368248954360692736,0.2731263041496277,0.07973635196685791,0.2521372437477112,0.460930734872818,0.31019502878189087,1.832891821861267,0.012710627168416977,0.004374249838292599,0.013222714886069298,0.014323391951620579,0.013395864516496658,0.047122303396463394
94622000,0,1,1,1171368248954360692736,0.288657009601593,0.083676777780056,0.282682865858078,0.46965470910072327,0.3296948969364166,1.9045761823654175,0.013458953239023685,0.0042157480493187904,0.011664236895740032,0.016418486833572388,0.012312338687479496,0.055483799427747726
94623000,0,1,1,1171368248954360692736,0.3009904623031616,0.08470096439123154,0.30459463596343994,0.4739823639392853,0.3362850844860077,1.944218397140503,0.011489322409033775,0.0024596017319709063,0.010401923209428787,0.013827361166477203,0.0107691939920187,0.046295225620269775
94624000,0,1,1,1171368248954360692736,0.3182006776332855,0.08417906612157822,0.33244258165359497,0.4768369495868683,0.33848023414611816,1.9940475225448608,0.016092291101813316,0.001006856095045805,0.015236022882163525,0.011475460603833199,0.007435709238052368,0.048619113862514496
94625000,0,1,1,1171368248954360692736,0.3377619981765747,0.08337806165218353,0.3688202202320099,0.4751918315887451,0.338966965675354,2.0452613830566406,0.016095193102955818,0.00239946274086833,0.017577849328517914,0.013942370191216469,0.01036322396248579,0.05385886877775192
94626000,0,1,1,1171368248954360692736,0.35659605264663696,0.08172279596328735,0.4019339680671692,0.4739420413970947,0.3385443091392517,2.0985615253448486,0.016077920794487,0.0023493412882089615,0.015075132250785828,0.015945423394441605,0.011657435446977615,0.055486489087343216
94627000,0,1,1,1171368248954360692736,0.373462438583374,0.0828268975019455,0.4322003424167633,0.4759298264980316,0.34063780307769775,2.14923095703125,0.014267398975789547,0.0038824176881462336,0.0141764460131526,0.015464656054973602,0.012492992915213108,0.05580037832260132
94628000,0,1,1,1171368248954360692736,0.390247106552124,0.08328978717327118,0.4645625352859497,0.47297966480255127,0.3385607600212097,2.194579839706421,0.01575244963169098,0.002794520929455757,0.01650073751807213,0.012348792515695095,0.010932477191090584,0.05391343683004379
94629000,0,1,1,1171368248954360692736,0.41213566064834595,0.08675456047058105,0.496919184923172,0.4754173457622528,0.34141314029693604,2.2565863132476807,0.016339460387825966,0.003769353497773409,0.0165771022439003,0.013164163567125797,0.009694933891296387,0.05469120293855667
94630000,0,1,1,1171368248954360692736,0.42894452810287476,0.09012099355459213,0.5260528922080994,0.47596558928489685,0.34389472007751465,2.307206392288208,0.015614399686455727,0.004991896450519562,0.016873035579919815,0.010828599333763123,0.01221529021859169,0.05460233986377716
94631000,0,1,1,1171368248954360692736,0.4221910238265991,0.08891601115465164,0.5196593403816223,0.4705073833465576,0.3377775251865387,2.2859253883361816,0.012476526200771332,0.0031986101530492306,0.012529298663139343,0.012240626849234104,0.008956419304013252,0.04605918005108833
94632000,0,1,1,1171368248954360692736,0.4283517003059387,0.08880939334630966,0.5354166030883789,0.46457022428512573,0.32696372270584106,2.2863354682922363,0.012497248128056526,0.004173788242042065,0.013698705472052097,0.01198752224445343,0.009853110648691654,0.04707085341215134
94633000,0,1,1,1171368248954360692736,0.42457789182662964,0.08888252079486847,0.5345309972763062,0.46172475814819336,0.3203425705432892,2.268601179122925,0.010103226639330387,0.003385161515325308,0.009530752897262573,0.012602814473211765,0.008473217487335205,0.04084089398384094
94634000,0,1,1,1171368248954360692736,0.40383243560791016,0.08654755353927612,0.5024926662445068,0.4532190263271332,0.3037365972995758,2.177851676940918,0.007899239659309387,0.003412326332181692,0.00808046292513609,0.009474837221205235,0.007069318555295467,0.03151509538292885
94635000,0,1,1,1171368248954360692736,0.3976055681705475,0.08400776982307434,0.4979666471481323,0.4413946866989136,0.28666266798973083,2.133411407470703,0.008779997937381268,0.0034778984263539314,0.007741159293800592,0.009310955181717873,0.006718643009662628,0.03243504464626312
94636000,0,1,1,1171368248954360692736,0.3764113187789917,0.0819149762392044,0.4636017680168152,0.4299336075782776,0.2710704803466797,2.035484790802002,0.006984550505876541,0.0026907098945230246,0.0059497905895113945,0.008346306160092354,0.006415260024368763,0.029330898076295853
94637000,0,1,1,1171368248954360692736,0.35249263048171997,0.07921941578388214,0.4255288243293762,0.4170578718185425,0.25584274530410767,1.9354374408721924,0.007295229006558657,0.0027158523444086313,0.005942179821431637,0.006856407970190048,0.006602926645427942,0.030219148844480515
94638000,0,1,1,1171368248954360692736,0.34518057107925415,0.07829941809177399,0.4151585102081299,0.40757113695144653,0.24642924964427948,1.8908464908599854,0.007891803979873657,0.0030461293645203114,0.006979943253099918,0.009550554677844048,0.007016234565526247,0.03282532840967178
94639000,0,1,1,1171368248954360692736,0.34092971682548523,0.07716257870197296,0.4124755263328552,0.40015286207199097,0.23654517531394958,1.859603762626648,0.007974332198500633,0.002497418550774455,0.007738268002867699,0.008594786748290062,0.007054195739328861,0.03274919092655182
94640000,0,1,1,1171368248954360692736,0.3355270326137543,0.07452717423439026,0.4040743112564087,0.39059001207351685,0.22389402985572815,1.8216338157653809,0.007211418356746435,0.002689201384782791,0.005863810423761606,0.008565302938222885,0.005588190630078316,0.032019659876823425
94641000,0,1,1,1171368248954360692736,0.32195162773132324,0.07523085176944733,0.3829497992992401,0.3857119679450989,0.21746014058589935,1.77455735206604,0.0076542566530406475,0.0035271046217530966,0.005630110390484333,0.009945737197995186,0.005455846898257732,0.033439476042985916
94642000,0,1,1,1171368248954360692736,0.31824973225593567,0.07432247698307037,0.37863779067993164,0.3791927695274353,0.2084560990333557,1.7470697164535522,0.006957728415727615,0.0025881913024932146,0.006013618316501379,0.008023228496313095,0.0055817291140556335,0.029143523424863815
94643000,0,1,1,1171368248954360692736,0.317915678024292,0.07388204336166382,0.37667131423950195,0.37373286485671997,0.198879674077034,1.7225611209869385,0.007972262799739838,0.0029647680930793285,0.005823025479912758,0.008804458193480968,0.004027994349598885,0.0278630368411541
94644000,0,1,1,1171368248954360692736,0.30318164825439453,0.07219263911247253,0.3516122102737427,0.36845818161964417,0.1876242309808731,1.6681137084960938,0.006931900046765804,0.002428421750664711,0.004437480587512255,0.009214082732796669,0.0034578244667500257,0.03028886392712593
94645000,0,1,1,1171368248954360692736,0.2908296585083008,0.06585495918989182,0.33013153076171875,0.35563361644744873,0.1635841727256775,1.6046135425567627,0.006448297295719385,0.001864542835392058,0.004894824232906103,0.008518189191818237,0.0034786653704941273,0.028118478134274483
94646000,0,1,1,1171368248954360692736,0.28344085812568665,0.06320947408676147,0.3168860971927643,0.34965336322784424,0.1507822871208191,1.5638132095336914,0.006375410594046116,0.0022720792330801487,0.004431317560374737,0.008202871307730675,0.004282892681658268,0.0289353858679533
94647000,0,1,1,1171368248954360692736,0.2806977927684784,0.06316682696342468,0.3115841746330261,0.3476880192756653,0.14724291861057281,1.546236276626587,0.006560974288731813,0.002909202827140689,0.005484601017087698,0.009249657392501831,0.00626066979020834,0.030795438215136528
94648000,0,1,1,1171368248954360692736,0.27694976329803467,0.060052648186683655,0.30563193559646606,0.34294140338897705,0.1392045021057129,1.5254056453704834,0.0069643971510231495,0.0018720662919804454,0.0058709969744086266,0.008256765082478523,0.004727611783891916,0.03066035732626915
94649000,0,1,1,1171368248954360692736,0.2744804620742798,0.055898699909448624,0.3018700182437897,0.3351640999317169,0.12809400260448456,1.4982692003250122,0.0068885935470461845,0.0014163890155032277,0.0062143150717020035,0.007209478877484798,0.004616875201463699,0.027439530938863754
94650000,0,1,1,1171368248954360692736,0.2746709883213043,0.05316657945513725,0.29601672291755676,0.33387091755867004,0.1232476532459259,1.4909569025039673,0.007141925860196352,0.001731403754092753,0.0052778031677007675,0.008602538146078587,0.004233212675899267,0.03203391283750534
94651000,0,1,1,1171368248954360692736,0.2765449285507202,0.050524335354566574,0.29155510663986206,0.33106306195259094,0.1128142923116684,1.4844732284545898,0.007667010184377432,0.0019108483102172613,0.004609683994203806,0.00763070210814476,0.0019150045700371265,0.0296383835375309
94652000,0,1,1,1171368248954360692736,0.278123676776886,0.049820199608802795,0.28643369674682617,0.3339587450027466,0.109107106924057,1.4900648593902588,0.007679482456296682,0.0013674815418198705,0.005099067464470863,0.009068697690963745,0.002494539599865675,0.03326915204524994
94653000,0,1,1,1171368248954360692736,0.280587762594223,0.05045134574174881,0.2863350510597229,0.33733657002449036,0.11110946536064148,1.4945993423461914,0.009109758771955967,0.0021225442178547382,0.009249080903828144,0.008066627196967602,0.0055274879559874535,0.030493753030896187
94654000,0,1,1,1171368248954360692736,0.2686319053173065,0.04678305611014366,0.2680846154689789,0.32431721687316895,0.1007971316576004,1.442866325378418,0.005237755831331015,0.001607961836270988,0.003582082921639085,0.004785980097949505,0.0045671164989471436,0.02252301573753357
94655000,0,1,1,1171368248954360692736,0.26733940839767456,0.04523158073425293,0.2670202851295471,0.3215823173522949,0.1016259714961052,1.437255859375,0.008282724767923355,0.0007531449664384127,0.007758306339383125,0.007687241770327091,0.0035431459546089172,0.029392458498477936
94656000,0,1,1,1171368248954360692736,0.2638587951660156,0.04364969581365585,0.2617661952972412,0.32147371768951416,0.10637540370225906,1.4264631271362305,0.00632464000955224,0.0015111669199541211,0.005291426554322243,0.007932627573609352,0.006908084731549025,0.028885966166853905
94657000,0,1,1,1171368248954360692736,0.2553574740886688,0.042551178485155106,0.2481098771095276,0.3204056918621063,0.10831660777330399,1.4044047594070435,0.005836204160004854,0.0015823502326384187,0.004395106341689825,0.007441336289048195,0.0035948259755969048,0.02852223627269268
94658000,0,1,1,1171368248954360692736,0.24532708525657654,0.04229040443897247,0.2339603304862976,0.31747883558273315,0.10624206066131592,1.37223219871521,0.005567537620663643,0.001515901880338788,0.0043608760461211205,0.007613224908709526,0.003590316977351904,0.02771601639688015
94659000,0,1,1,1171368248954360692736,0.23143768310546875,0.04019496962428093,0.21346011757850647,0.30573904514312744,0.09517534077167511,1.3119566440582275,0.0029140973929315805,0.0009268323192372918,0.002090633613988757,0.0051521845161914825,0.0030352631583809853,0.018636422231793404
94660000,0,1,1,1171368248954360692736,0.22062328457832336,0.038020022213459015,0.1974470317363739,0.30093395709991455,0.09422288835048676,1.2765835523605347,0.0041917129419744015,0.000838920590467751,0.003070726292207837,0.006934319157153368,0.0038431300781667233,0.02385518327355385
94661000,0,1,1,1171368248954360692736,0.2127152681350708,0.033555589616298676,0.17952735722064972,0.29457738995552063,0.08830398321151733,1.2458884716033936,0.004374385811388493,1.3861572369933128e-06,0.0006843558512628078,0.006497703958302736,0.00316999782808125,0.02467155270278454
