version,tmirCoeff,tmirExp,plPosValid,plPosFrame,plVelValid,plVelFrame,plTimeValid,reserved,iTOW,plPos1,plPos2,plPos3,plVel1,plVel2,plVel3,plPosHorizOrient,plVelHorizOrient,plTime,reserved2
1,5,0,1,1,0,0,0,0,94417000,1776,2268,4428,0,0,0,0,0,0,0
1,5,0,1,1,0,0,0,0,94418000,1770,2261,4408,0,0,0,0,0,0,0
1,5,0,1,1,0,0,0,0,94419000,1761,2253,4380,0,0,0,0,0,0,0
1,5,0,1,1,0,0,0,0,94420000,1752,2244,4354,0,0,0,0,0,0,0
1,5,0,1,1,0,0,0,0,94421000,1755,2239,4348,0,0,0,0,0,0,0
1,5,0,1,1,0,0,0,0,94422000,1755,2233,4334,0,0,0,0,0,0,0
1,5,0,1,1,0,0,0,0,94423000,1755,2227,4325,0,0,0,0,0,0,0
1,5,0,1,1,0,0,0,0,94424000,1762,2219,4335,0,0,0,0,0,0,0
1,5,0,1,1,0,0,0,0,94425000,1767,2214,4340,0,0,0,0,0,0,0
1,5,0,1,1,0,0,0,0,94426000,1776,2214,4365,0,0,0,0,0,0,0
1,5,0,1,1,0,0,0,0,94427000,1786,2216,4397,0,0,0,0,0,0,0
1,5,0,1,1,0,0,0,0,94428000,1790,2210,4418,0,0,0,0,0,0,0
1,5,0,1,1,0,0,0,0,94429000,1796,2215,4451,0,0,0,0,0,0,0
1,5,0,1,1,0,0,0,0,94430000,1803,2226,4479,0,0,0,0,0,0,0
1,5,0,1,1,0,0,0,0,94431000,1810,2236,4503,0,0,0,0,0,0,0
1,5,0,1,1,0,0,0,0,94432000,1823,2240,4519,0,0,0,0,0,0,0
1,5,0,1,1,0,0,0,0,94433000,1834,2252,4542,0,0,0,0,0,0,0
1,5,0,1,1,0,0,0,0,94434000,1857,2276,4586,0,0,0,0,0,0,0
1,5,0,1,1,0,0,0,0,94435000,1876,2309,4606,0,0,0,0,0,0,0
1,5,0,1,1,0,0,0,0,94436000,1937,2349,4688,0,0,0,0,0,0,0
1,5,0,1,1,0,0,0,0,94437000,1992,2392,4772,0,0,0,0,0,0,0
1,5,0,1,1,0,0,0,0,94438000,2036,2428,4836,0,0,0,0,0,0,0
1,5,0,1,1,0,0,0,0,94439000,2038,2450,4827,0,0,0,0,0,0,0
1,5,0,1,1,0,0,0,0,94440000,2035,2493,4834,0,0,0,0,0,0,0
1,5,0,1,1,0,0,0,0,94441000,2027,2504,4804,0,0,0,0,0,0,0
1,5,0,1,1,0,0,0,0,94442000,2024,2520,4794,0,0,0,0,0,0,0
1,5,0,1,1,0,0,0,0,94443000,2013,2516,4762,0,0,0,0,0,0,0
1,5,0,1,1,0,0,0,0,94444000,2014,2537,4782,0,0,0,0,0,0,0
1,5,0,1,1,0,0,0,0,94445000,2000,2542,4774,0,0,0,0,0,0,0
1,5,0,1,1,0,0,0,0,94446000,1985,2533,4763,0,0,0,0,0,0,0
1,5,0,1,1,0,0,0,0,94447000,1956,2517,4733,0,0,0,0,0,0,0
1,5,0,1,1,0,0,0,0,94448000,1944,2527,4759,0,0,0,0,0,0,0
1,5,0,1,1,0,0,0,0,94449000,1923,2524,4757,0,0,0,0,0,0,0
1,5,0,1,1,0,0,0,0,94450000,1905,2521,4765,0,0,0,0,0,0,0
1,5,0,1,1,0,0,0,0,94451000,1878,2495,4732,0,0,0,0,0,0,0
1,5,0,1,1,0,0,0,0,94452000,1841,2452,4683,0,0,0,0,0,0,0
1,5,0,1,1,0,0,0,0,94453000,1792,2400,4606,0,0,0,0,0,0,0
1,5,0,1,1,0,0,0,0,94454000,1736,2330,4508,0,0,0,0,0,0,0
1,5,0,1,1,0,0,0,0,94455000,1684,2263,4412,0,0,0,0,0,0,0
1,5,0,1,1,0,0,0,0,94456000,1652,2213,4357,0,0,0,0,0,0,0
1,5,0,1,1,0,0,0,0,94457000,1616,2159,4284,0,0,0,0,0,0,0
1,5,0,1,1,0,0,0,0,94458000,1575,2105,4202,0,0,0,0,0,0,0
1,5,0,1,1,0,0,0,0,94459000,1561,2086,4183,0,0,0,0,0,0,0
1,5,0,1,1,0,0,0,0,94460000,1542,2059,4148,0,0,0,0,0,0,0
1,5,0,1,1,0,0,0,0,94461000,1519,2031,4109,0,0,0,0,0,0,0
1,5,0,1,1,0,0,0,0,94462000,1495,2001,4070,0,0,0,0,0,0,0
1,5,0,1,1,0,0,0,0,94463000,1478,1982,4052,0,0,0,0,0,0,0
1,5,0,1,1,0,0,0,0,94464000,1468,1970,4050,0,0,0,0,0,0,0
1,5,0,1,1,0,0,0,0,94465000,1464,1964,4062,0,0,0,0,0,0,0
1,5,0,1,1,0,0,0,0,94466000,1457,1951,4060,0,0,0,0,0,0,0
1,5,0,1,1,0,0,0,0,94467000,1451,1942,4060,0,0,0,0,0,0,0
1,5,0,1,1,0,0,0,0,94468000,1447,1934,4062,0,0,0,0,0,0,0
1,5,0,1,1,0,0,0,0,94469000,1449,1935,4079,0,0,0,0,0,0,0
1,5,0,1,1,0,0,0,0,94470000,1470,1948,4122,0,0,0,0,0,0,0
1,5,0,1,1,0,0,0,0,94471000,1494,1980,4169,0,0,0,0,0,0,0
1,5,0,1,1,0,0,0,0,94472000,1503,2010,4220,0,0,0,0,0,0,0
1,5,0,1,1,0,0,0,0,94473000,1525,2049,4295,0,0,0,0,0,0,0
1,5,0,1,1,0,0,0,0,94474000,1549,2087,4347,0,0,0,0,0,0,0
1,5,0,1,1,0,0,0,0,94475000,1572,2115,4389,0,0,0,0,0,0,0
1,5,0,1,1,0,0,0,0,94476000,1605,2155,4456,0,0,0,0,0,0,0
1,5,0,1,1,0,0,0,0,94477000,1644,2191,4519,0,0,0,0,0,0,0
1,5,0,1,1,0,0,0,0,94478000,1702,2236,4605,0,0,0,0,0,0,0
1,5,0,1,1,0,0,0,0,94479000,1756,2259,4655,0,0,0,0,0,0,0
1,5,0,1,1,0,0,0,0,94480000,1807,2286,4713,0,0,0,0,0,0,0
1,5,0,1,1,0,0,0,0,94481000,1839,2311,4751,0,0,0,0,0,0,0
1,5,0,1,1,0,0,0,0,94482000,1851,2337,4775,0,0,0,0,0,0,0
1,5,0,1,1,0,0,0,0,94483000,1866,2401,4844,0,0,0,0,0,0,0
1,5,0,1,1,0,0,0,0,94484000,1884,2440,4896,0,0,0,0,0,0,0
1,5,0,1,1,0,0,0,0,94485000,1889,2445,4901,0,0,0,0,0,0,0
1,5,0,1,1,0,0,0,0,94486000,1919,2492,4982,0,0,0,0,0,0,0
1,5,0,1,1,0,0,0,0,94487000,1939,2541,5056,0,0,0,0,0,0,0
1,5,0,1,1,0,0,0,0,94488000,1916,2559,5059,0,0,0,0,0,0,0
1,5,0,1,1,0,0,0,0,94489000,1875,2543,4995,0,0,0,0,0,0,0
1,5,0,1,1,0,0,0,0,94490000,1891,2598,5068,0,0,0,0,0,0,0
1,5,0,1,1,0,0,0,0,94491000,1889,2633,5096,0,0,0,0,0,0,0
1,5,0,1,1,0,0,0,0,94492000,1877,2643,5105,0,0,0,0,0,0,0
1,5,0,1,1,0,0,0,0,94493000,1903,2674,5186,0,0,0,0,0,0,0
1,5,0,1,1,0,0,0,0,94494000,1858,2623,5072,0,0,0,0,0,0,0
1,5,0,1,1,0,0,0,0,94495000,1869,2665,5135,0,0,0,0,0,0,0
1,5,0,1,1,0,0,0,0,94496000,1921,2705,5256,0,0,0,0,0,0,0
1,5,0,1,1,0,0,0,0,94497000,1941,2709,5279,0,0,0,0,0,0,0
1,5,0,1,1,0,0,0,0,94498000,1949,2711,5280,0,0,0,0,0,0,0
1,5,0,1,1,0,0,0,0,94499000,1966,2764,5337,0,0,0,0,0,0,0
1,5,0,1,1,0,0,0,0,94500000,1925,2764,5291,0,0,0,0,0,0,0
1,5,0,1,1,0,0,0,0,94501000,1902,2783,5295,0,0,0,0,0,0,0
1,5,0,1,1,0,0,0,0,94502000,1863,2773,5240,0,0,0,0,0,0,0
1,5,0,1,1,0,0,0,0,94503000,1873,2840,5316,0,0,0,0,0,0,0
1,5,0,1,1,0,0,0,0,94504000,2003,3003,5556,0,0,0,0,0,0,0
1,5,0,1,1,0,0,0,0,94505000,1967,2955,5305,0,0,0,0,0,0,0
1,5,0,1,1,0,0,0,0,94506000,1940,2945,5296,0,0,0,0,0,0,0
1,5,0,1,1,0,0,0,0,94507000,1934,2937,5303,0,0,0,0,0,0,0
1,5,0,1,1,0,0,0,0,94508000,1958,2933,5341,0,0,0,0,0,0,0
1,5,0,1,1,0,0,0,0,94509000,1998,2925,5381,0,0,0,0,0,0,0
1,5,0,1,1,0,0,0,0,94510000,2053,2938,5461,0,0,0,0,0,0,0
1,5,0,1,1,0,0,0,0,94511000,2075,2904,5460,0,0,0,0,0,0,0
1,5,0,1,1,0,0,0,0,94512000,2112,2867,5477,0,0,0,0,0,0,0
1,5,0,1,1,0,0,0,0,94513000,2161,2849,5515,0,0,0,0,0,0,0
1,5,0,1,1,0,0,0,0,94514000,2197,2847,5550,0,0,0,0,0,0,0
1,5,0,1,1,0,0,0,0,94515000,2203,2810,5540,0,0,0,0,0,0,0
1,5,0,1,1,0,0,0,0,94516000,2205,2748,5483,0,0,0,0,0,0,0
1,5,0,1,1,0,0,0,0,94517000,2193,2711,5440,0,0,0,0,0,0,0
1,5,0,1,1,0,0,0,0,94518000,2198,2663,5403,0,0,0,0,0,0,0
1,5,0,1,1,0,0,0,0,94519000,2188,2630,5374,0,0,0,0,0,0,0
1,5,0,1,1,0,0,0,0,94520000,2160,2618,5344,0,0,0,0,0,0,0
1,5,0,1,1,0,0,0,0,94521000,2115,2579,5253,0,0,0,0,0,0,0
1,5,0,1,1,0,0,0,0,94522000,2105,2554,5219,0,0,0,0,0,0,0
1,5,0,1,1,0,0,0,0,94523000,2106,2540,5200,0,0,0,0,0,0,0
1,5,0,1,1,0,0,0,0,94524000,2087,2487,5122,0,0,0,0,0,0,0
1,5,0,1,1,0,0,0,0,94525000,2067,2482,5103,0,0,0,0,0,0,0
1,5,0,1,1,0,0,0,0,94526000,2073,2473,5122,0,0,0,0,0,0,0
1,5,0,1,1,0,0,0,0,94527000,2060,2456,5089,0,0,0,0,0,0,0
1,5,0,1,1,0,0,0,0,94528000,2037,2442,5046,0,0,0,0,0,0,0
1,5,0,1,1,0,0,0,0,94529000,1984,2407,4948,0,0,0,0,0,0,0
1,5,0,1,1,0,0,0,0,94530000,1959,2387,4900,0,0,0,0,0,0,0
1,5,0,1,1,0,0,0,0,94531000,1898,2348,4792,0,0,0,0,0,0,0
1,5,0,1,1,0,0,0,0,94532000,1852,2324,4722,0,0,0,0,0,0,0
1,5,0,1,1,0,0,0,0,94533000,1867,2332,4747,0,0,0,0,0,0,0
1,5,0,1,1,0,0,0,0,94534000,1849,2286,4637,0,0,0,0,0,0,0
1,5,0,1,1,0,0,0,0,94535000,1819,2231,4555,0,0,0,0,0,0,0
1,5,0,1,1,0,0,0,0,94536000,1769,2168,4432,0,0,0,0,0,0,0
1,5,0,1,1,0,0,0,0,94537000,1739,2129,4367,0,0,0,0,0,0,0
1,5,0,1,1,0,0,0,0,94538000,1709,2117,4325,0,0,0,0,0,0,0
1,5,0,1,1,0,0,0,0,94539000,1676,2097,4269,0,0,0,0,0,0,0
1,5,0,1,1,0,0,0,0,94540000,1653,2079,4234,0,0,0,0,0,0,0
1,5,0,1,1,0,0,0,0,94541000,1639,2069,4210,0,0,0,0,0,0,0
1,5,0,1,1,0,0,0,0,94542000,1622,2055,4175,0,0,0,0,0,0,0
1,5,0,1,1,0,0,0,0,94543000,1609,2044,4156,0,0,0,0,0,0,0
1,5,0,1,1,0,0,0,0,94544000,1595,2029,4122,0,0,0,0,0,0,0
1,5,0,1,1,0,0,0,0,94545000,1587,2020,4102,0,0,0,0,0,0,0
1,5,0,1,1,0,0,0,0,94546000,1573,2010,4069,0,0,0,0,0,0,0
1,5,0,1,1,0,0,0,0,94547000,1569,2008,4058,0,0,0,0,0,0,0
1,5,0,1,1,0,0,0,0,94548000,1560,2004,4038,0,0,0,0,0,0,0
1,5,0,1,1,0,0,0,0,94549000,1549,1983,4002,0,0,0,0,0,0,0
1,5,0,1,1,0,0,0,0,94550000,1534,1973,3976,0,0,0,0,0,0,0
1,5,0,1,1,0,0,0,0,94551000,1517,1966,3952,0,0,0,0,0,0,0
1,5,0,1,1,0,0,0,0,94552000,1504,1963,3940,0,0,0,0,0,0,0
1,5,0,1,1,0,0,0,0,94553000,1487,1952,3922,0,0,0,0,0,0,0
1,5,0,1,1,0,0,0,0,94554000,1473,1959,3928,0,0,0,0,0,0,0
1,5,0,1,1,0,0,0,0,94555000,1460,1969,3937,0,0,0,0,0,0,0
1,5,0,1,1,0,0,0,0,94556000,1459,1990,3969,0,0,0,0,0,0,0
1,5,0,1,1,0,0,0,0,94557000,1471,2019,4011,0,0,0,0,0,0,0
1,5,0,1,1,0,0,0,0,94558000,1487,2025,4031,0,0,0,0,0,0,0
1,5,0,1,1,0,0,0,0,94559000,1507,2050,4065,0,0,0,0,0,0,0
1,5,0,1,1,0,0,0,0,94560000,1536,2082,4111,0,0,0,0,0,0,0
1,5,0,1,1,0,0,0,0,94561000,1579,2119,4158,0,0,0,0,0,0,0
1,5,0,1,1,0,0,0,0,94562000,1676,2211,4322,0,0,0,0,0,0,0
1,5,0,1,1,0,0,0,0,94563000,1788,2243,4434,0,0,0,0,0,0,0
1,5,0,1,1,0,0,0,0,94564000,1859,2225,4454,0,0,0,0,0,0,0
1,5,0,1,1,0,0,0,0,94565000,1909,2218,4490,0,0,0,0,0,0,0
1,5,0,1,1,0,0,0,0,94566000,1975,2221,4541,0,0,0,0,0,0,0
1,5,0,1,1,0,0,0,0,94567000,2047,2240,4615,0,0,0,0,0,0,0
1,5,0,1,1,0,0,0,0,94568000,2131,2278,4715,0,0,0,0,0,0,0
1,5,0,1,1,0,0,0,0,94569000,2182,2296,4766,0,0,0,0,0,0,0
1,5,0,1,1,0,0,0,0,94570000,2213,2307,4791,0,0,0,0,0,0,0
1,5,0,1,1,0,0,0,0,94571000,2234,2322,4809,0,0,0,0,0,0,0
1,5,0,1,1,0,0,0,0,94572000,2228,2332,4790,0,0,0,0,0,0,0
1,5,0,1,1,0,0,0,0,94573000,2212,2358,4782,0,0,0,0,0,0,0
1,5,0,1,1,0,0,0,0,94574000,2186,2372,4744,0,0,0,0,0,0,0
1,5,0,1,1,0,0,0,0,94575000,2149,2383,4704,0,0,0,0,0,0,0
1,5,0,1,1,0,0,0,0,94576000,2124,2401,4682,0,0,0,0,0,0,0
1,5,0,1,1,0,0,0,0,94577000,2107,2429,4693,0,0,0,0,0,0,0
1,5,0,1,1,0,0,0,0,94578000,2080,2443,4675,0,0,0,0,0,0,0
1,5,0,1,1,0,0,0,0,94579000,2042,2445,4650,0,0,0,0,0,0,0
1,5,0,1,1,0,0,0,0,94580000,2031,2477,4676,0,0,0,0,0,0,0
1,5,0,1,1,0,0,0,0,94581000,2004,2504,4669,0,0,0,0,0,0,0
1,5,0,1,1,0,0,0,0,94582000,1981,2515,4672,0,0,0,0,0,0,0
1,5,0,1,1,0,0,0,0,94583000,1947,2493,4637,0,0,0,0,0,0,0
1,5,0,1,1,0,0,0,0,94584000,1928,2486,4640,0,0,0,0,0,0,0
1,5,0,1,1,0,0,0,0,94585000,1875,2447,4580,0,0,0,0,0,0,0
1,5,0,1,1,0,0,0,0,94586000,1811,2382,4495,0,0,0,0,0,0,0
1,5,0,1,1,0,0,0,0,94587000,1757,2330,4427,0,0,0,0,0,0,0
1,5,0,1,1,0,0,0,0,94588000,1706,2273,4347,0,0,0,0,0,0,0
1,5,0,1,1,0,0,0,0,94589000,1665,2229,4284,0,0,0,0,0,0,0
1,5,0,1,1,0,0,0,0,94590000,1625,2174,4213,0,0,0,0,0,0,0
1,5,0,1,1,0,0,0,0,94591000,1592,2137,4171,0,0,0,0,0,0,0
1,5,0,1,1,0,0,0,0,94592000,1573,2119,4163,0,0,0,0,0,0,0
1,5,0,1,1,0,0,0,0,94593000,1553,2087,4141,0,0,0,0,0,0,0
1,5,0,1,1,0,0,0,0,94594000,1538,2065,4134,0,0,0,0,0,0,0
1,5,0,1,1,0,0,0,0,94595000,1526,2047,4125,0,0,0,0,0,0,0
1,5,0,1,1,0,0,0,0,94596000,1518,2038,4124,0,0,0,0,0,0,0
1,5,0,1,1,0,0,0,0,94597000,1513,2038,4138,0,0,0,0,0,0,0
1,5,0,1,1,0,0,0,0,94598000,1512,2048,4159,0,0,0,0,0,0,0
1,5,0,1,1,0,0,0,0,94599000,1510,2069,4181,0,0,0,0,0,0,0
1,5,0,1,1,0,0,0,0,94600000,1524,2096,4230,0,0,0,0,0,0,0
1,5,0,1,1,0,0,0,0,94601000,1543,2130,4277,0,0,0,0,0,0,0
1,5,0,1,1,0,0,0,0,94602000,1571,2176,4349,0,0,0,0,0,0,0
1,5,0,1,1,0,0,0,0,94603000,1578,2199,4373,0,0,0,0,0,0,0
1,5,0,1,1,0,0,0,0,94604000,1618,2244,4458,0,0,0,0,0,0,0
1,5,0,1,1,0,0,0,0,94605000,1650,2267,4497,0,0,0,0,0,0,0
1,5,0,1,1,0,0,0,0,94606000,1700,2305,4574,0,0,0,0,0,0,0
1,5,0,1,1,0,0,0,0,94607000,1720,2320,4598,0,0,0,0,0,0,0
1,5,0,1,1,0,0,0,0,94608000,1768,2366,4694,0,0,0,0,0,0,0
1,5,0,1,1,0,0,0,0,94609000,1771,2377,4698,0,0,0,0,0,0,0
1,5,0,1,1,0,0,0,0,94610000,1753,2382,4675,0,0,0,0,0,0,0
1,5,0,1,1,0,0,0,0,94611000,1739,2395,4671,0,0,0,0,0,0,0
1,5,0,1,1,0,0,0,0,94612000,1741,2438,4713,0,0,0,0,0,0,0
1,5,0,1,1,0,0,0,0,94613000,1728,2459,4720,0,0,0,0,0,0,0
1,5,0,1,1,0,0,0,0,94614000,1730,2478,4750,0,0,0,0,0,0,0
1,5,0,1,1,0,0,0,0,94615000,1763,2505,4822,0,0,0,0,0,0,0
1,5,0,1,1,0,0,0,0,94616000,1788,2512,4858,0,0,0,0,0,0,0
1,5,0,1,1,0,0,0,0,94617000,1798,2513,4862,0,0,0,0,0,0,0
1,5,0,1,1,0,0,0,0,94618000,1828,2522,4915,0,0,0,0,0,0,0
1,5,0,1,1,0,0,0,0,94619000,1865,2525,4954,0,0,0,0,0,0,0
1,5,0,1,1,0,0,0,0,94620000,1918,2545,5030,0,0,0,0,0,0,0
1,5,0,1,1,0,0,0,0,94621000,1986,2580,5145,0,0,0,0,0,0,0
1,5,0,1,1,0,0,0,0,94622000,2015,2570,5175,0,0,0,0,0,0,0
1,5,0,1,1,0,0,0,0,94623000,2057,2582,5229,0,0,0,0,0,0,0
1,5,0,1,1,0,0,0,0,94624000,2115,2590,5295,0,0,0,0,0,0,0
1,5,0,1,1,0,0,0,0,94625000,2168,2571,5334,0,0,0,0,0,0,0
1,5,0,1,1,0,0,0,0,94626000,2227,2568,5403,0,0,0,0,0,0,0
1,5,0,1,1,0,0,0,0,94627000,2279,2573,5468,0,0,0,0,0,0,0
1,5,0,1,1,0,0,0,0,94628000,2330,2565,5526,0,0,0,0,0,0,0
1,5,0,1,1,0,0,0,0,94629000,2395,2572,5603,0,0,0,0,0,0,0
1,5,0,1,1,0,0,0,0,94630000,2456,2587,5696,0,0,0,0,0,0,0
1,5,0,1,1,0,0,0,0,94631000,2424,2559,5639,0,0,0,0,0,0,0
1,5,0,1,1,0,0,0,0,94632000,2441,2542,5640,0,0,0,0,0,0,0
1,5,0,1,1,0,0,0,0,94633000,2443,2548,5648,0,0,0,0,0,0,0
1,5,0,1,1,0,0,0,0,94634000,2370,2511,5505,0,0,0,0,0,0,0
1,5,0,1,1,0,0,0,0,94635000,2352,2478,5448,0,0,0,0,0,0,0
1,5,0,1,1,0,0,0,0,94636000,2276,2433,5293,0,0,0,0,0,0,0
1,5,0,1,1,0,0,0,0,94637000,2191,2383,5134,0,0,0,0,0,0,0
1,5,0,1,1,0,0,0,0,94638000,2191,2381,5129,0,0,0,0,0,0,0
1,5,0,1,1,0,0,0,0,94639000,2155,2334,5032,0,0,0,0,0,0,0
1,5,0,1,1,0,0,0,0,94640000,2149,2319,5007,0,0,0,0,0,0,0
1,5,0,1,1,0,0,0,0,94641000,2105,2304,4942,0,0,0,0,0,0,0
1,5,0,1,1,0,0,0,0,94642000,2093,2285,4904,0,0,0,0,0,0,0
1,5,0,1,1,0,0,0,0,94643000,2092,2268,4869,0,0,0,0,0,0,0
1,5,0,1,1,0,0,0,0,94644000,2043,2252,4792,0,0,0,0,0,0,0
1,5,0,1,1,0,0,0,0,94645000,2001,2212,4700,0,0,0,0,0,0,0
1,5,0,1,1,0,0,0,0,94646000,1975,2194,4639,0,0,0,0,0,0,0
1,5,0,1,1,0,0,0,0,94647000,1966,2188,4613,0,0,0,0,0,0,0
1,5,0,1,1,0,0,0,0,94648000,1942,2161,4557,0,0,0,0,0,0,0
1,5,0,1,1,0,0,0,0,94649000,1944,2148,4541,0,0,0,0,0,0,0
1,5,0,1,1,0,0,0,0,94650000,1944,2144,4530,0,0,0,0,0,0,0
1,5,0,1,1,0,0,0,0,94651000,1940,2123,4496,0,0,0,0,0,0,0
1,5,0,1,1,0,0,0,0,94652000,1957,2144,4529,0,0,0,0,0,0,0
1,5,0,1,1,0,0,0,0,94653000,1965,2155,4536,0,0,0,0,0,0,0
1,5,0,1,1,0,0,0,0,94654000,1913,2101,4432,0,0,0,0,0,0,0
1,5,0,1,1,0,0,0,0,94655000,1918,2104,4448,0,0,0,0,0,0,0
1,5,0,1,1,0,0,0,0,94656000,1906,2104,4431,0,0,0,0,0,0,0
1,5,0,1,1,0,0,0,0,94657000,1875,2100,4397,0,0,0,0,0,0,0
1,5,0,1,1,0,0,0,0,94658000,1838,2090,4346,0,0,0,0,0,0,0
1,5,0,1,1,0,0,0,0,94659000,1775,2040,4227,0,0,0,0,0,0,0
1,5,0,1,1,0,0,0,0,94660000,1733,2024,4169,0,0,0,0,0,0,0
1,5,0,1,1,0,0,0,0,94661000,1702,2003,4119,0,0,0,0,0,0,0
