iTOW,ecefVX,ecefVY,ecefVZ,sAcc
94417000,0,1,-3,7
94418000,3,-7,-1,16
94419000,-2,-7,7,9
94420000,0,-1,-1,12
94421000,1,-1,-2,14
94422000,2,4,2,12
94423000,5,-3,-1,14
94424000,0,-5,2,14
94425000,3,0,-2,11
94426000,-9,-9,-13,10
94427000,-5,5,-11,11
94428000,5,0,2,11
94429000,-1,4,1,19
94430000,0,-1,-1,13
94431000,4,2,-2,10
94432000,5,-4,12,10
94433000,2,8,1,16
94434000,7,-1,12,11
94435000,3,-5,21,10
94436000,4,-16,25,14
94437000,-7,-13,27,11
94438000,-8,-17,18,12
94439000,-9,-16,30,8
94440000,-27,-23,24,12
94441000,-28,-21,34,10
94442000,-34,-23,28,11
94443000,-40,-37,34,10
94444000,-26,-39,31,9
94445000,-45,-53,36,9
94446000,-41,-36,34,10
94447000,-49,-48,39,9
94448000,-40,-40,35,10
94449000,-57,-40,42,10
94450000,-45,-42,43,10
94451000,-46,-41,43,9
94452000,-51,-53,42,9
94453000,-58,-52,53,9
94454000,-48,-55,40,9
94455000,-46,-38,37,8
94456000,-53,-53,41,8
94457000,-52,-52,45,8
94458000,-41,-57,43,9
94459000,-49,-42,35,9
94460000,-47,-43,36,9
94461000,-49,-53,42,8
94462000,-42,-40,44,8
94463000,-51,-65,45,9
94464000,-52,-52,41,9
94465000,-63,-53,30,9
94466000,-59,-42,29,8
94467000,-65,-41,33,8
94468000,-74,-65,26,9
94469000,-63,-48,9,10
94470000,-67,-40,-9,10
94471000,-68,-45,-16,11
94472000,-85,-49,-18,11
94473000,-83,-40,-36,11
94474000,-84,-19,-37,9
94475000,-77,-10,-50,8
94476000,-65,-27,-44,10
94477000,-72,-25,-47,10
94478000,-72,-10,-60,9
94479000,-64,-4,-66,8
94480000,-55,0,-63,9
94481000,-57,-1,-67,8
94482000,-54,-3,-64,8
94483000,-63,-6,-72,8
94484000,-62,-8,-75,9
94485000,-52,8,-66,9
94486000,-34,13,-75,9
94487000,-26,9,-76,8
94488000,-33,3,-74,8
94489000,-18,11,-86,8
94490000,-19,20,-88,9
94491000,-7,27,-78,8
94492000,6,20,-68,8
94493000,-4,9,-62,9
94494000,-8,7,-69,8
94495000,9,3,-58,9
94496000,11,-2,-30,10
94497000,12,-2,-14,11
94498000,11,0,-4,11
94499000,15,-1,18,8
94500000,15,-9,22,6
94501000,10,-45,23,13
94502000,63,6,22,9
94503000,60,5,34,12
94504000,70,39,18,25
94505000,75,42,2,13
94506000,74,37,-12,12
94507000,24,38,1,19
94508000,20,35,2,20
94509000,16,34,-10,19
94510000,16,21,0,17
94511000,14,14,-5,16
94512000,23,28,-21,15
94513000,30,41,-5,18
94514000,21,42,-6,18
94515000,18,32,-16,16
94516000,22,42,-10,18
94517000,26,39,-16,16
94518000,40,32,-5,13
94519000,30,39,-28,13
94520000,33,32,-32,12
94521000,32,36,-18,13
94522000,33,35,-8,13
94523000,35,24,-13,10
94524000,35,11,-3,8
94525000,38,42,-26,13
94526000,44,35,-28,12
94527000,50,47,-18,13
94528000,61,39,-16,11
94529000,68,54,-30,11
94530000,64,36,-37,9
94531000,68,54,-17,10
94532000,61,48,-36,10
94533000,67,39,-50,15
94534000,62,52,-52,9
94535000,73,45,-42,9
94536000,67,53,-34,9
94537000,71,60,-34,9
94538000,61,56,-44,10
94539000,81,65,-49,9
94540000,84,42,-49,8
94541000,76,63,-37,10
94542000,67,46,-24,9
94543000,69,37,-33,9
94544000,77,52,-30,9
94545000,92,46,-30,9
94546000,69,38,-17,9
94547000,87,48,-4,9
94548000,78,35,-12,9
94549000,65,28,-2,8
94550000,79,31,9,8
94551000,56,27,17,8
94552000,80,30,26,8
94553000,87,21,26,7
94554000,86,24,28,9
94555000,85,24,22,10
94556000,74,25,26,10
94557000,73,15,43,11
94558000,70,5,51,11
94559000,63,3,63,12
94560000,51,-11,60,13
94561000,18,-19,65,11
94562000,9,-46,60,15
94563000,17,-64,85,17
94564000,-14,-64,50,13
94565000,-61,-34,33,10
94566000,-49,-51,51,10
94567000,-58,-47,49,11
94568000,-54,-52,60,10
94569000,-54,-63,53,10
94570000,-59,-61,54,10
94571000,-68,-54,38,10
94572000,-54,-55,42,9
94573000,-56,-64,42,10
94574000,-64,-57,51,9
94575000,-61,-52,63,9
94576000,-53,-68,57,9
94577000,-53,-54,55,9
94578000,-57,-49,42,9
94579000,-42,-69,47,9
94580000,-56,-62,62,10
94581000,-52,-61,73,9
94582000,-36,-60,67,8
94583000,-39,-60,52,8
94584000,-77,-42,37,11
94585000,-63,-54,30,9
94586000,-66,-50,45,9
94587000,-68,-53,55,9
94588000,-70,-75,36,10
94589000,-66,-70,49,9
94590000,-68,-64,58,9
94591000,-67,-53,48,8
94592000,-80,-57,39,9
94593000,-74,-65,35,9
94594000,-74,-61,34,9
94595000,-85,-57,41,8
94596000,-81,-55,41,10
94597000,-83,-72,13,10
94598000,-97,-71,-14,11
94599000,-96,-53,-29,11
94600000,-99,-21,-50,9
94601000,-88,-29,-60,10
94602000,-73,-19,-58,10
94603000,-81,-15,-45,10
94604000,-77,-6,-60,9
94605000,-68,-16,-78,9
94606000,-59,-9,-73,8
94607000,-52,-1,-75,8
94608000,-41,9,-75,8
94609000,-37,9,-90,8
94610000,-37,28,-97,7
94611000,-23,38,-95,8
94612000,-22,24,-93,7
94613000,-17,33,-102,8
94614000,8,43,-109,9
94615000,24,44,-93,10
94616000,51,38,-65,10
94617000,66,32,-12,12
94618000,25,26,-7,15
94619000,18,40,21,18
94620000,20,33,-8,18
94621000,16,37,-20,19
94622000,20,47,-5,22
94623000,20,27,-2,17
94624000,9,40,-7,21
94625000,15,20,-6,18
94626000,24,27,-18,16
94627000,24,50,-10,21
94628000,36,45,-1,18
94629000,28,32,-21,16
94630000,44,32,-19,13
94631000,45,27,-29,11
94632000,50,31,-28,12
94633000,39,45,-5,16
94634000,36,31,-4,12
94635000,34,31,-14,12
94636000,54,32,-32,10
94637000,60,44,-20,10
94638000,56,47,-34,11
94639000,52,53,-36,12
94640000,58,40,-42,10
94641000,60,53,-16,12
94642000,68,42,-34,10
94643000,63,56,-37,11
94644000,70,35,-40,10
94645000,60,44,-27,10
94646000,75,45,-22,10
94647000,71,57,-35,11
94648000,67,52,-38,10
94649000,66,39,-46,8
94650000,69,42,-33,10
94651000,67,52,-36,10
94652000,67,34,-22,10
94653000,76,54,-24,10
94654000,82,53,-31,8
94655000,76,32,-28,8
94656000,81,45,-25,9
94657000,69,62,-20,10
94658000,78,37,2,9
94659000,75,25,20,7
94660000,72,11,39,7
94661000,39,-1,41,7
