iTOW,qzssTow,fQzssTow,qzssWno,leapS,qzssTowValid,qzssWnoValid,leapSValid,tAcc
94417000,94417,-452436,2390,18,1,1,1,16
94418000,94418,-452504,2390,18,1,1,1,16
94419000,94419,-452573,2390,18,1,1,1,16
94420000,94420,-452642,2390,18,1,1,1,16
94421000,94421,-452711,2390,18,1,1,1,16
94422000,94422,-452780,2390,18,1,1,1,16
94423000,94423,-452848,2390,18,1,1,1,16
94424000,94424,-452918,2390,18,1,1,1,16
94425000,94425,-452988,2390,18,1,1,1,16
94426000,94426,-453058,2390,18,1,1,1,16
94427000,94427,-453129,2390,18,1,1,1,16
94428000,94428,-453199,2390,18,1,1,1,16
94429000,94429,-453269,2390,18,1,1,1,16
94430000,94430,-453338,2390,18,1,1,1,16
94431000,94431,-453408,2390,18,1,1,1,16
94432000,94432,-453477,2390,18,1,1,1,16
94433000,94433,-453547,2390,18,1,1,1,16
94434000,94434,-453616,2390,18,1,1,1,16
94435000,94435,-453686,2390,18,1,1,1,16
94436000,94436,-453757,2390,18,1,1,1,17
94437000,94437,-453828,2390,18,1,1,1,17
94438000,94438,-453898,2390,18,1,1,1,17
94439000,94439,-453968,2390,18,1,1,1,17
94440000,94440,-454038,2390,18,1,1,1,17
94441000,94441,-454108,2390,18,1,1,1,17
94442000,94442,-454176,2390,18,1,1,1,17
94443000,94443,-454244,2390,18,1,1,1,17
94444000,94444,-454314,2390,18,1,1,1,17
94445000,94445,-454383,2390,18,1,1,1,17
94446000,94446,-454453,2390,18,1,1,1,17
94447000,94447,-454522,2390,18,1,1,1,17
94448000,94448,-454592,2390,18,1,1,1,17
94449000,94449,-454661,2390,18,1,1,1,17
94450000,94450,-454729,2390,18,1,1,1,17
94451000,94451,-454798,2390,18,1,1,1,16
94452000,94452,-454867,2390,18,1,1,1,16
94453000,94453,-454936,2390,18,1,1,1,16
94454000,94454,-455006,2390,18,1,1,1,16
94455000,94455,-455075,2390,18,1,1,1,16
94456000,94456,-455144,2390,18,1,1,1,16
94457000,94457,-455214,2390,18,1,1,1,16
94458000,94458,-455285,2390,18,1,1,1,16
94459000,94459,-455355,2390,18,1,1,1,16
94460000,94460,-455425,2390,18,1,1,1,16
94461000,94461,-455495,2390,18,1,1,1,16
94462000,94462,-455565,2390,18,1,1,1,16
94463000,94463,-455635,2390,18,1,1,1,16
94464000,94464,-455705,2390,18,1,1,1,16
94465000,94465,-455776,2390,18,1,1,1,16
94466000,94466,-455846,2390,18,1,1,1,16
94467000,94467,-455916,2390,18,1,1,1,16
94468000,94468,-455987,2390,18,1,1,1,16
94469000,94469,-456058,2390,18,1,1,1,16
94470000,94470,-456129,2390,18,1,1,1,16
94471000,94471,-456200,2390,18,1,1,1,16
94472000,94472,-456272,2390,18,1,1,1,16
94473000,94473,-456344,2390,18,1,1,1,16
94474000,94474,-456414,2390,18,1,1,1,16
94475000,94475,-456485,2390,18,1,1,1,16
94476000,94476,-456556,2390,18,1,1,1,16
94477000,94477,-456626,2390,18,1,1,1,16
94478000,94478,-456697,2390,18,1,1,1,16
94479000,94479,-456768,2390,18,1,1,1,16
94480000,94480,-456839,2390,18,1,1,1,16
94481000,94481,-456910,2390,18,1,1,1,16
94482000,94482,-456981,2390,18,1,1,1,16
94483000,94483,-457053,2390,18,1,1,1,16
94484000,94484,-457124,2390,18,1,1,1,16
94485000,94485,-457195,2390,18,1,1,1,17
94486000,94486,-457267,2390,18,1,1,1,17
94487000,94487,-457338,2390,18,1,1,1,17
94488000,94488,-457410,2390,18,1,1,1,17
94489000,94489,-457482,2390,18,1,1,1,17
94490000,94490,-457555,2390,18,1,1,1,17
94491000,94491,-457628,2390,18,1,1,1,17
94492000,94492,-457700,2390,18,1,1,1,17
94493000,94493,-457772,2390,18,1,1,1,17
94494000,94494,-457845,2390,18,1,1,1,17
94495000,94495,-457917,2390,18,1,1,1,17
94496000,94496,-457990,2390,18,1,1,1,17
94497000,94497,-458063,2390,18,1,1,1,17
94498000,94498,-458136,2390,18,1,1,1,17
94499000,94499,-458210,2390,18,1,1,1,17
94500000,94500,-458285,2390,18,1,1,1,17
94501000,94501,-458359,2390,18,1,1,1,17
94502000,94502,-458434,2390,18,1,1,1,17
94503000,94503,-458509,2390,18,1,1,1,17
94504000,94504,-458584,2390,18,1,1,1,17
94505000,94505,-458655,2390,18,1,1,1,17
94506000,94506,-458724,2390,18,1,1,1,17
94507000,94507,-458793,2390,18,1,1,1,17
94508000,94508,-458862,2390,18,1,1,1,17
94509000,94509,-458932,2390,18,1,1,1,17
94510000,94510,-459002,2390,18,1,1,1,17
94511000,94511,-459073,2390,18,1,1,1,17
94512000,94512,-459144,2390,18,1,1,1,17
94513000,94513,-459216,2390,18,1,1,1,17
94514000,94514,-459287,2390,18,1,1,1,17
94515000,94515,-459358,2390,18,1,1,1,17
94516000,94516,-459428,2390,18,1,1,1,17
94517000,94517,-459499,2390,18,1,1,1,17
94518000,94518,-459568,2390,18,1,1,1,17
94519000,94519,-459636,2390,18,1,1,1,17
94520000,94520,-459702,2390,18,1,1,1,17
94521000,94521,-459769,2390,18,1,1,1,17
94522000,94522,-459835,2390,18,1,1,1,17
94523000,94523,-459901,2390,18,1,1,1,17
94524000,94524,-459968,2390,18,1,1,1,17
94525000,94525,-460034,2390,18,1,1,1,17
94526000,94526,-460100,2390,18,1,1,1,17
94527000,94527,-460165,2390,18,1,1,1,17
94528000,94528,-460230,2390,18,1,1,1,17
94529000,94529,-460295,2390,18,1,1,1,17
94530000,94530,-460361,2390,18,1,1,1,17
94531000,94531,-460426,2390,18,1,1,1,16
94532000,94532,-460489,2390,18,1,1,1,16
94533000,94533,-460554,2390,18,1,1,1,16
94534000,94534,-460618,2390,18,1,1,1,16
94535000,94535,-460682,2390,18,1,1,1,16
94536000,94536,-460745,2390,18,1,1,1,16
94537000,94537,-460809,2390,18,1,1,1,16
94538000,94538,-460873,2390,18,1,1,1,16
94539000,94539,-460936,2390,18,1,1,1,16
94540000,94540,-460998,2390,18,1,1,1,16
94541000,94541,-461062,2390,18,1,1,1,16
94542000,94542,-461125,2390,18,1,1,1,16
94543000,94543,-461188,2390,18,1,1,1,16
94544000,94544,-461252,2390,18,1,1,1,16
94545000,94545,-461315,2390,18,1,1,1,16
94546000,94546,-461379,2390,18,1,1,1,16
94547000,94547,-461442,2390,18,1,1,1,16
94548000,94548,-461505,2390,18,1,1,1,16
94549000,94549,-461569,2390,18,1,1,1,16
94550000,94550,-461633,2390,18,1,1,1,16
94551000,94551,-461696,2390,18,1,1,1,16
94552000,94552,-461759,2390,18,1,1,1,16
94553000,94553,-461822,2390,18,1,1,1,16
94554000,94554,-461886,2390,18,1,1,1,16
94555000,94555,-461949,2390,18,1,1,1,16
94556000,94556,-462012,2390,18,1,1,1,16
94557000,94557,-462076,2390,18,1,1,1,16
94558000,94558,-462140,2390,18,1,1,1,16
94559000,94559,-462205,2390,18,1,1,1,16
94560000,94560,-462269,2390,18,1,1,1,16
94561000,94561,-462333,2390,18,1,1,1,16
94562000,94562,-462399,2390,18,1,1,1,16
94563000,94563,-462466,2390,18,1,1,1,16
94564000,94564,-462531,2390,18,1,1,1,16
94565000,94565,-462595,2390,18,1,1,1,16
94566000,94566,-462659,2390,18,1,1,1,16
94567000,94567,-462723,2390,18,1,1,1,16
94568000,94568,-462787,2390,18,1,1,1,17
94569000,94569,-462851,2390,18,1,1,1,17
94570000,94570,-462915,2390,18,1,1,1,17
94571000,94571,-462980,2390,18,1,1,1,17
94572000,94572,-463044,2390,18,1,1,1,17
94573000,94573,-463108,2390,18,1,1,1,17
94574000,94574,-463172,2390,18,1,1,1,17
94575000,94575,-463237,2390,18,1,1,1,17
94576000,94576,-463300,2390,18,1,1,1,16
94577000,94577,-463364,2390,18,1,1,1,16
94578000,94578,-463427,2390,18,1,1,1,16
94579000,94579,-463491,2390,18,1,1,1,16
94580000,94580,-463555,2390,18,1,1,1,16
94581000,94581,-463620,2390,18,1,1,1,16
94582000,94582,-463685,2390,18,1,1,1,16
94583000,94583,-463750,2390,18,1,1,1,16
94584000,94584,-463815,2390,18,1,1,1,16
94585000,94585,-463880,2390,18,1,1,1,16
94586000,94586,-463945,2390,18,1,1,1,16
94587000,94587,-464010,2390,18,1,1,1,16
94588000,94588,-464076,2390,18,1,1,1,16
94589000,94589,-464141,2390,18,1,1,1,16
94590000,94590,-464207,2390,18,1,1,1,16
94591000,94591,-464273,2390,18,1,1,1,16
94592000,94592,-464339,2390,18,1,1,1,16
94593000,94593,-464405,2390,18,1,1,1,16
94594000,94594,-464471,2390,18,1,1,1,16
94595000,94595,-464537,2390,18,1,1,1,16
94596000,94596,-464603,2390,18,1,1,1,16
94597000,94597,-464670,2390,18,1,1,1,16
94598000,94598,-464738,2390,18,1,1,1,16
94599000,94599,-464805,2390,18,1,1,1,16
94600000,94600,-464872,2390,18,1,1,1,16
94601000,94601,-464939,2390,18,1,1,1,16
94602000,94602,-465005,2390,18,1,1,1,16
94603000,94603,-465072,2390,18,1,1,1,16
94604000,94604,-465140,2390,18,1,1,1,16
94605000,94605,-465209,2390,18,1,1,1,16
94606000,94606,-465277,2390,18,1,1,1,16
94607000,94607,-465347,2390,18,1,1,1,16
94608000,94608,-465417,2390,18,1,1,1,16
94609000,94609,-465486,2390,18,1,1,1,16
94610000,94610,-465554,2390,18,1,1,1,16
94611000,94611,-465623,2390,18,1,1,1,16
94612000,94612,-465692,2390,18,1,1,1,16
94613000,94613,-465761,2390,18,1,1,1,16
94614000,94614,-465828,2390,18,1,1,1,16
94615000,94615,-465895,2390,18,1,1,1,16
94616000,94616,-465963,2390,18,1,1,1,17
94617000,94617,-466030,2390,18,1,1,1,17
94618000,94618,-466098,2390,18,1,1,1,17
94619000,94619,-466166,2390,18,1,1,1,17
94620000,94620,-466234,2390,18,1,1,1,17
94621000,94621,-466301,2390,18,1,1,1,17
94622000,94622,-466367,2390,18,1,1,1,17
94623000,94623,-466433,2390,18,1,1,1,17
94624000,94624,-466499,2390,18,1,1,1,17
94625000,94625,-466566,2390,18,1,1,1,17
94626000,94626,-466633,2390,18,1,1,1,17
94627000,94627,-466699,2390,18,1,1,1,17
94628000,94628,-466766,2390,18,1,1,1,17
94629000,94629,-466832,2390,18,1,1,1,17
94630000,94630,-466898,2390,18,1,1,1,17
94631000,94631,-466966,2390,18,1,1,1,17
94632000,94632,-467033,2390,18,1,1,1,17
94633000,94633,-467101,2390,18,1,1,1,17
94634000,94634,-467168,2390,18,1,1,1,17
94635000,94635,-467235,2390,18,1,1,1,17
94636000,94636,-467303,2390,18,1,1,1,17
94637000,94637,-467371,2390,18,1,1,1,17
94638000,94638,-467438,2390,18,1,1,1,17
94639000,94639,-467505,2390,18,1,1,1,17
94640000,94640,-467572,2390,18,1,1,1,17
94641000,94641,-467640,2390,18,1,1,1,17
94642000,94642,-467707,2390,18,1,1,1,17
94643000,94643,-467774,2390,18,1,1,1,17
94644000,94644,-467841,2390,18,1,1,1,16
94645000,94645,-467908,2390,18,1,1,1,16
94646000,94646,-467975,2390,18,1,1,1,16
94647000,94647,-468042,2390,18,1,1,1,16
94648000,94648,-468107,2390,18,1,1,1,16
94649000,94649,-468172,2390,18,1,1,1,16
94650000,94650,-468238,2390,18,1,1,1,16
94651000,94651,-468304,2390,18,1,1,1,16
94652000,94652,-468371,2390,18,1,1,1,16
94653000,94653,-468438,2390,18,1,1,1,16
94654000,94654,-468504,2390,18,1,1,1,16
94655000,94655,-468574,2390,18,1,1,1,16
94656000,94656,-468644,2390,18,1,1,1,16
94657000,94657,-468710,2390,18,1,1,1,16
94658000,94658,-468772,2390,18,1,1,1,16
94659000,94659,-468836,2390,18,1,1,1,16
94660000,94660,-468899,2390,18,1,1,1,16
94661000,94661,-468963,2390,18,1,1,1,16
