iTOW,velN,velE,velD,speed,gSpeed,heading,sAcc,cAcc
94417000,-3,0,1,3,3,207.31728,7,180.0
94418000,2,0,7,8,2,207.31728,16,180.0
94419000,9,5,2,10,10,207.31728,9,55.17269
94420000,-1,0,1,2,1,207.31728,12,180.0
94421000,-1,-1,2,3,1,207.31728,14,180.0
94422000,1,-3,-3,4,3,207.31728,12,136.15924
94423000,1,-3,5,6,3,207.31728,14,127.92428
94424000,3,2,4,6,4,207.31728,14,130.76442
94425000,-2,-2,2,4,3,207.31728,11,180.0
94426000,-11,12,9,19,16,130.69702,10,29.90318
94427000,-13,2,-2,13,13,169.45944,11,42.03923
94428000,2,-4,1,5,5,181.75346,11,87.3689
94429000,0,0,-4,4,0,181.75346,19,180.0
94430000,-1,0,1,2,1,181.75346,13,180.0
94431000,-2,-5,1,6,5,181.75346,10,96.44884
94432000,13,-3,0,14,14,349.20476,10,39.93138
94433000,-2,-5,-6,8,5,269.92336,16,116.0109
94434000,12,-6,-1,14,14,331.89322,11,43.60799
94435000,22,-1,-3,22,22,357.28424,10,32.07686
94436000,29,2,6,30,29,4.70166,14,27.67239
94437000,29,11,-2,31,31,21.7268,11,25.3672
94438000,21,15,5,26,26,34.93826,12,27.85166
94439000,32,15,-1,35,35,24.92307,8,20.23912
94440000,26,34,0,42,42,52.26911,12,15.96157
94441000,34,34,-6,49,48,44.64657,10,13.75492
94442000,29,40,-5,50,50,54.48953,11,14.49083
94443000,38,52,3,64,64,53.91214,10,10.26783
94444000,38,39,11,56,55,45.70153,9,13.07881
94445000,45,63,14,79,77,54.39986,9,8.18004
94446000,37,52,1,64,64,54.26955,10,10.23325
94447000,45,64,8,79,79,55.04978,9,8.08516
94448000,40,53,5,67,66,52.88177,10,9.27004
94449000,44,68,-3,81,81,57.43469,10,6.93073
94450000,47,59,2,76,75,51.00422,10,6.99334
94451000,46,59,1,75,75,51.81546,9,7.01742
94452000,49,69,9,85,85,54.24713,9,5.75479
94453000,58,74,2,94,94,52.00197,9,4.71654
94454000,48,66,13,83,82,54.0141,9,5.43713
94455000,40,58,0,70,70,54.93948,8,5.46511
94456000,48,70,9,85,85,55.33631,8,4.39438
94457000,51,68,7,86,85,53.14804,8,4.32228
94458000,53,61,16,82,81,48.74166,9,4.80366
94459000,39,62,4,74,74,57.59309,9,5.01569
94460000,41,61,4,73,73,55.93258,9,5.36296
94461000,50,66,11,83,83,53.18821,8,4.28761
94462000,49,55,1,74,73,48.67603,8,4.98224
94463000,56,73,18,94,92,52.32074,9,4.16132
94464000,48,69,9,84,84,55.14749,9,4.61737
94465000,36,79,9,88,87,65.3548,9,4.40151
94466000,32,71,2,78,78,65.65875,8,4.61978
94467000,35,76,-3,84,84,65.29984,8,4.13186
94468000,35,94,17,102,100,69.89409,9,3.55645
94469000,15,77,14,80,79,78.80761,10,5.38105
94470000,-5,78,12,79,78,93.76626,10,6.61494
94471000,-10,81,18,83,81,97.06026,11,6.23688
94472000,-12,98,16,100,98,97.28996,11,4.93968
94473000,-32,92,16,99,98,109.30582,11,5.81653
94474000,-41,84,-1,94,94,115.7031,9,6.58528
94475000,-55,75,-2,93,93,126.13608,8,7.1394
94476000,-41,70,15,83,81,120.60886,10,8.21328
94477000,-46,76,11,90,89,121.14082,10,8.40637
94478000,-63,70,3,94,94,132.0262,9,7.81187
94479000,-70,60,4,92,92,139.3499,8,7.75572
94480000,-67,50,3,83,83,143.05294,9,9.02753
94481000,-71,52,5,88,88,143.8255,8,8.2505
94482000,-67,51,6,84,84,142.7981,8,8.47913
94483000,-74,60,8,96,95,141.27268,8,7.73231
94484000,-76,60,11,98,97,141.79884,9,7.50138
94485000,-72,44,-1,84,84,148.49768,9,8.86392
94486000,-79,26,4,83,83,161.68444,9,8.83899
94487000,-77,20,11,80,80,165.33686,8,8.41817
94488000,-75,29,13,81,80,158.8496,8,8.88539
94489000,-86,12,17,89,87,171.8369,8,8.02947
94490000,-91,10,9,92,91,173.93314,9,8.02334
94491000,-83,-4,5,83,83,183.08924,8,7.99896
94492000,-69,-14,11,71,70,191.66844,8,9.29719
94493000,-61,0,14,63,61,179.85214,9,10.6862
94494000,-68,4,17,70,68,176.36446,8,10.49875
94495000,-53,-10,23,58,54,190.42424,9,12.09329
94496000,-26,-9,18,32,27,198.62354,10,23.99895
94497000,-10,-10,12,18,14,224.38702,11,40.28093
94498000,-2,-10,6,12,10,196.85742,11,52.10243
94499000,19,-14,0,23,23,323.82968,8,28.64395
94500000,26,-10,5,28,28,338.73056,6,23.02533
94501000,38,9,33,51,39,13.69761,13,13.74395
94502000,28,-60,10,67,66,294.85408,9,6.88048
94503000,39,-56,6,69,68,304.71078,12,12.67915
94504000,14,-80,-13,82,81,279.99008,25,13.57258
94505000,-1,-86,-8,86,86,269.35812,13,4.60945
94506000,-13,-82,2,83,83,261.27154,12,5.5356
94507000,-9,-38,-23,45,39,257.0469,19,12.33193
94508000,-7,-33,-23,41,33,258.07304,20,16.37252
94509000,-19,-29,-19,39,34,237.06436,19,16.835
94510000,-5,-23,-12,26,24,257.38358,17,25.58877
94511000,-7,-18,-4,20,20,249.90288,16,27.58975
94512000,-26,-32,-7,42,41,231.58962,15,15.88177
94513000,-14,-44,-21,51,46,252.7006,18,13.51644
94514000,-17,-37,-25,47,40,245.0853,18,12.68486
94515000,-23,-29,-14,40,37,231.27016,16,12.99499
94516000,-20,-38,-23,48,42,242.09956,18,12.26356
94517000,-24,-39,-17,49,46,238.32702,16,10.41351
94518000,-10,-50,-10,52,51,258.90028,13,11.27073
94519000,-35,-44,-11,57,56,231.12218,13,8.4701
94520000,-36,-43,-2,56,56,230.29622,12,8.51504
94521000,-24,-44,-11,51,50,241.02218,13,8.61085
94522000,-15,-45,-14,49,47,251.79328,13,10.05665
94523000,-15,-42,-2,44,44,250.57822,10,10.6009
94524000,-1,-37,6,37,37,268.03524,8,14.68201
94525000,-33,-51,-11,62,61,237.5716,13,7.25473
94526000,-32,-55,-2,63,63,240.02586,12,7.84931
94527000,-25,-65,-14,71,70,249.24338,13,6.61242
94528000,-18,-72,-3,74,74,255.66832,11,6.19262
94529000,-36,-84,-9,92,92,246.76556,11,3.9363
94530000,-36,-73,8,82,81,243.48496,9,5.02636
94531000,-24,-84,-14,89,88,254.36378,10,4.38152
94532000,-41,-75,-4,86,86,241.52618,10,4.29243
94533000,-49,-77,12,92,92,237.62382,15,7.75071
94534000,-57,-78,0,96,96,233.76744,9,4.04654
94535000,-43,-85,6,95,95,243.4471,9,3.88299
94536000,-40,-83,-6,92,92,244.54058,9,3.70855
94537000,-41,-89,-10,99,98,245.25354,9,3.72306
94538000,-51,-79,-7,94,94,237.30774,10,3.90828
94539000,-56,-100,-6,115,115,241.0648,9,3.06166
94540000,-47,-94,15,106,105,243.37368,8,3.48815
94541000,-45,-95,-11,106,105,244.70342,10,3.54127
94542000,-28,-80,-5,85,85,250.92836,9,4.15728
94543000,-33,-78,8,85,84,247.07068,9,4.25221
94544000,-34,-91,-4,97,97,249.68008,9,3.57582
94545000,-29,-103,7,107,107,254.04216,9,3.52637
94546000,-18,-79,1,81,81,257.20012,9,4.54173
94547000,-7,-99,-6,100,99,266.0048,9,4.25257
94548000,-11,-85,4,86,86,262.44306,9,4.47972
94549000,-2,-71,2,71,71,268.56774,8,5.73948
94550000,10,-85,0,86,86,276.73178,8,4.28392
94551000,15,-62,-8,64,64,283.65746,8,6.17513
94552000,27,-85,-5,89,89,287.30062,8,4.82273
94553000,30,-88,5,93,93,288.7771,7,4.28272
94554000,31,-88,1,94,94,289.10494,9,4.42435
94555000,25,-88,4,91,91,286.1302,10,4.61404
94556000,27,-78,-2,82,82,289.01232,10,5.40677
94557000,46,-73,-2,86,86,302.24686,11,5.75246
94558000,56,-66,3,87,87,310.22102,11,5.70167
94559000,67,-59,-2,89,89,318.83182,12,5.90392
94560000,67,-42,6,79,79,328.1118,13,7.59306
94561000,70,-9,-2,70,70,352.55212,11,11.74371
94562000,73,11,20,77,74,8.18345,15,11.747
94563000,103,11,28,107,104,5.87538,17,6.87679
94564000,66,39,30,82,77,30.21213,13,8.02081
94565000,33,70,-7,78,77,64.79116,10,8.71482
94566000,57,65,5,87,87,48.84578,10,9.76837
94567000,53,72,-1,89,89,53.85118,11,9.31375
94568000,65,70,1,96,96,47.17087,10,9.09958
94569000,62,75,13,99,98,50.25427,10,7.65827
94570000,62,79,9,100,100,51.95013,10,6.86958
94571000,43,84,5,94,94,62.68545,10,7.46741
94572000,49,71,10,87,87,55.50055,9,7.1019
94573000,52,77,16,94,93,55.96203,10,7.25721
94574000,57,82,4,100,100,55.41366,9,6.20929
94575000,67,77,-4,102,102,49.08026,9,6.16874
94576000,68,76,15,103,102,48.5517,9,6.61838
94577000,61,70,5,93,93,49.08076,9,7.31176
94578000,47,72,4,86,86,56.76783,9,6.93769
94579000,61,66,24,93,90,47.50127,9,6.41746
94580000,70,76,8,104,103,47.44031,10,6.51976
94581000,81,72,4,108,108,41.71014,9,6.28489
94582000,78,58,12,97,97,36.62521,8,6.67053
94583000,63,60,16,88,87,43.64292,8,7.05842
94584000,37,87,-7,95,95,66.93689,11,5.541
94585000,36,79,11,88,87,65.40745,9,4.86818
94586000,49,80,0,94,94,58.75404,9,4.06794
94587000,59,84,-2,103,103,54.95729,9,3.50517
94588000,49,94,24,109,106,62.78305,10,3.37218
94589000,59,89,16,108,107,56.31407,9,3.364
94590000,66,89,6,111,110,53.41185,9,3.39445
94591000,53,83,1,98,98,57.45276,8,3.61318
94592000,43,96,3,105,105,65.82351,9,3.58792
94593000,43,94,13,105,104,65.21005,9,3.40708
94594000,41,92,11,102,101,65.98141,9,3.50616
94595000,44,101,1,110,110,66.29412,8,3.16358
94596000,44,97,0,106,106,65.51465,10,3.35579
94597000,24,105,24,110,108,77.07981,10,3.59561
94598000,-4,118,28,121,118,91.95592,11,3.66715
94599000,-24,109,19,113,111,102.3053,11,4.27936
94600000,-54,99,-1,113,113,118.85994,9,5.20038
94601000,-59,92,14,110,109,122.49716,10,5.96259
94602000,-58,74,10,95,94,128.20732,10,6.94323
94603000,-49,80,-1,94,94,121.50462,10,6.59158
94604000,-65,73,-1,98,98,131.91696,9,7.30317
94605000,-77,69,17,105,103,138.36004,9,6.86009
94606000,-74,57,13,94,93,142.14532,8,8.35656
94607000,-77,48,9,91,90,148.0926,8,7.946
94608000,-79,34,5,86,86,156.76508,8,8.13136
94609000,-92,31,13,98,97,161.65102,8,7.69064
94610000,-105,22,-1,107,107,168.12832,7,6.02695
94611000,-105,5,-4,105,105,177.0164,8,6.13788
94612000,-97,10,6,98,98,174.22912,7,6.88913
94613000,-108,2,4,108,108,178.79812,8,6.48756
94614000,-114,-24,8,117,117,192.05878,9,5.22665
94615000,-98,-40,7,106,106,202.01918,10,5.72824
94616000,-65,-62,12,91,90,223.63686,10,5.60003
94617000,-12,-74,3,75,75,261.07948,12,6.28325
94618000,-11,-34,-10,37,36,251.60166,15,14.24708
94619000,8,-33,-35,49,34,283.4066,18,18.38045
94620000,-16,-32,-17,39,35,243.67454,18,14.65013
94621000,-29,-30,-18,45,41,226.30792,19,13.22498
94622000,-18,-38,-30,51,42,244.83276,22,14.28837
94623000,-8,-30,-14,34,31,255.54498,17,19.17102
94624000,-19,-24,-28,42,31,232.11318,21,21.44423
94625000,-10,-22,-9,26,24,245.14312,18,28.00638
94626000,-22,-33,-7,40,39,235.58552,16,17.08496
94627000,-23,-42,-29,56,48,242.0695,21,12.68238
94628000,-11,-51,-24,57,52,258.1796,18,13.22824
94629000,-26,-39,-8,47,47,236.44866,16,13.38687
94630000,-22,-53,-3,57,57,247.85486,13,10.67777
94631000,-29,-52,5,60,60,241.1753,11,9.48152
94632000,-29,-58,3,65,65,243.59872,12,8.38541
94633000,-15,-54,-21,60,56,254.83212,16,9.49336
94634000,-9,-46,-11,48,47,258.71282,12,10.01981
94635000,-18,-44,-8,48,47,247.3338,12,9.68544
94636000,-32,-62,5,70,70,242.94332,10,5.83397
94637000,-24,-73,-6,77,77,251.669,10,5.60513
94638000,-39,-70,-5,80,80,240.8892,11,5.40638
94639000,-44,-69,-11,82,82,237.3432,12,5.38608
94640000,-43,-69,4,82,82,238.07602,10,5.03711
94641000,-24,-77,-16,82,80,252.52352,12,5.45836
94642000,-36,-79,3,87,87,245.66262,10,4.75913
94643000,-44,-81,-10,92,92,241.72154,11,4.70407
94644000,-39,-78,12,88,87,243.60304,10,4.85303
94645000,-31,-72,-4,79,79,246.93128,10,5.35438
94646000,-24,-87,-1,91,91,254.44952,10,4.61653
94647000,-41,-88,-8,98,97,245.28806,11,4.09006
94648000,-42,-82,-4,93,93,242.69006,10,4.6801
94649000,-46,-76,10,89,89,238.82376,8,4.88441
94650000,-34,-80,3,87,87,246.93822,10,5.14395
94651000,-41,-82,-5,92,92,243.73158,10,4.89517
94652000,-22,-75,5,78,78,253.92002,10,6.18824
94653000,-29,-91,-8,96,96,252.29104,10,5.28499
94654000,-35,-96,-2,102,102,250.22298,8,3.61973
94655000,-25,-82,13,87,86,253.0861,8,5.87772
94656000,-26,-92,2,96,96,254.02078,9,4.48772
94657000,-29,-89,-18,95,93,251.66742,10,4.36462
94658000,1,-86,-2,86,86,270.91282,9,4.97607
94659000,21,-78,0,81,81,285.16366,7,4.19674
94660000,44,-70,3,83,83,302.05436,7,5.2269
94661000,44,-35,0,57,57,321.60496,7,7.61938
