iTOW,version,reserved0,srcOfCurrLs,currLs,srcOfLsChange,lsChange,timeToLsEvent,dateOfLsGpsWn,dateOfLsGpsDn,reserved1,validCurrLs,validTimeToLsEvent
94417000,0,0,2,18,2,0,31355202,2441,7,0,1,1
94418000,0,0,2,18,2,0,31355201,2441,7,0,1,1
94419000,0,0,2,18,2,0,31355200,2441,7,0,1,1
94420000,0,0,2,18,2,0,31355199,2441,7,0,1,1
94421000,0,0,2,18,2,0,31355198,2441,7,0,1,1
94422000,0,0,2,18,2,0,31355197,2441,7,0,1,1
94423000,0,0,2,18,2,0,31355196,2441,7,0,1,1
94424000,0,0,2,18,2,0,31355195,2441,7,0,1,1
94425000,0,0,2,18,2,0,31355194,2441,7,0,1,1
94426000,0,0,2,18,2,0,31355193,2441,7,0,1,1
94427000,0,0,2,18,2,0,31355192,2441,7,0,1,1
94428000,0,0,2,18,2,0,31355191,2441,7,0,1,1
94429000,0,0,2,18,2,0,31355190,2441,7,0,1,1
94430000,0,0,2,18,2,0,31355189,2441,7,0,1,1
94431000,0,0,2,18,2,0,31355188,2441,7,0,1,1
94432000,0,0,2,18,2,0,31355187,2441,7,0,1,1
94433000,0,0,2,18,2,0,31355186,2441,7,0,1,1
94434000,0,0,2,18,2,0,31355185,2441,7,0,1,1
94435000,0,0,2,18,2,0,31355184,2441,7,0,1,1
94436000,0,0,2,18,2,0,31355183,2441,7,0,1,1
94437000,0,0,2,18,2,0,31355182,2441,7,0,1,1
94438000,0,0,2,18,2,0,31355181,2441,7,0,1,1
94439000,0,0,2,18,2,0,31355180,2441,7,0,1,1
94440000,0,0,2,18,2,0,31355179,2441,7,0,1,1
94441000,0,0,2,18,2,0,31355178,2441,7,0,1,1
94442000,0,0,2,18,2,0,31355177,2441,7,0,1,1
94443000,0,0,2,18,2,0,31355176,2441,7,0,1,1
94444000,0,0,2,18,2,0,31355175,2441,7,0,1,1
94445000,0,0,2,18,2,0,31355174,2441,7,0,1,1
94446000,0,0,2,18,2,0,31355173,2441,7,0,1,1
94447000,0,0,2,18,2,0,31355172,2441,7,0,1,1
94448000,0,0,2,18,2,0,31355171,2441,7,0,1,1
94449000,0,0,2,18,2,0,31355170,2441,7,0,1,1
94450000,0,0,2,18,2,0,31355169,2441,7,0,1,1
94451000,0,0,2,18,2,0,31355168,2441,7,0,1,1
94452000,0,0,2,18,2,0,31355167,2441,7,0,1,1
94453000,0,0,2,18,2,0,31355166,2441,7,0,1,1
94454000,0,0,2,18,2,0,31355165,2441,7,0,1,1
94455000,0,0,2,18,2,0,31355164,2441,7,0,1,1
94456000,0,0,2,18,2,0,31355163,2441,7,0,1,1
94457000,0,0,2,18,2,0,31355162,2441,7,0,1,1
94458000,0,0,2,18,2,0,31355161,2441,7,0,1,1
94459000,0,0,2,18,2,0,31355160,2441,7,0,1,1
94460000,0,0,2,18,2,0,31355159,2441,7,0,1,1
94461000,0,0,2,18,2,0,31355158,2441,7,0,1,1
94462000,0,0,2,18,2,0,31355157,2441,7,0,1,1
94463000,0,0,2,18,2,0,31355156,2441,7,0,1,1
94464000,0,0,2,18,2,0,31355155,2441,7,0,1,1
94465000,0,0,2,18,2,0,31355154,2441,7,0,1,1
94466000,0,0,2,18,2,0,31355153,2441,7,0,1,1
94467000,0,0,2,18,2,0,31355152,2441,7,0,1,1
94468000,0,0,2,18,2,0,31355151,2441,7,0,1,1
94469000,0,0,2,18,2,0,31355150,2441,7,0,1,1
94470000,0,0,2,18,2,0,31355149,2441,7,0,1,1
94471000,0,0,2,18,2,0,31355148,2441,7,0,1,1
94472000,0,0,2,18,2,0,31355147,2441,7,0,1,1
94473000,0,0,2,18,2,0,31355146,2441,7,0,1,1
94474000,0,0,2,18,2,0,31355145,2441,7,0,1,1
94475000,0,0,2,18,2,0,31355144,2441,7,0,1,1
94476000,0,0,2,18,2,0,31355143,2441,7,0,1,1
94477000,0,0,2,18,2,0,31355142,2441,7,0,1,1
94478000,0,0,2,18,2,0,31355141,2441,7,0,1,1
94479000,0,0,2,18,2,0,31355140,2441,7,0,1,1
94480000,0,0,2,18,2,0,31355139,2441,7,0,1,1
94481000,0,0,2,18,2,0,31355138,2441,7,0,1,1
94482000,0,0,2,18,2,0,31355137,2441,7,0,1,1
94483000,0,0,2,18,2,0,31355136,2441,7,0,1,1
94484000,0,0,2,18,2,0,31355135,2441,7,0,1,1
94485000,0,0,2,18,2,0,31355134,2441,7,0,1,1
94486000,0,0,2,18,2,0,31355133,2441,7,0,1,1
94487000,0,0,2,18,2,0,31355132,2441,7,0,1,1
94488000,0,0,2,18,2,0,31355131,2441,7,0,1,1
94489000,0,0,2,18,2,0,31355130,2441,7,0,1,1
94490000,0,0,2,18,2,0,31355129,2441,7,0,1,1
94491000,0,0,2,18,2,0,31355128,2441,7,0,1,1
94492000,0,0,2,18,2,0,31355127,2441,7,0,1,1
94493000,0,0,2,18,2,0,31355126,2441,7,0,1,1
94494000,0,0,2,18,2,0,31355125,2441,7,0,1,1
94495000,0,0,2,18,2,0,31355124,2441,7,0,1,1
94496000,0,0,2,18,2,0,31355123,2441,7,0,1,1
94497000,0,0,2,18,2,0,31355122,2441,7,0,1,1
94498000,0,0,2,18,2,0,31355121,2441,7,0,1,1
94499000,0,0,2,18,2,0,31355120,2441,7,0,1,1
94500000,0,0,2,18,2,0,31355119,2441,7,0,1,1
94501000,0,0,2,18,2,0,31355118,2441,7,0,1,1
94502000,0,0,2,18,2,0,31355117,2441,7,0,1,1
94503000,0,0,2,18,2,0,31355116,2441,7,0,1,1
94504000,0,0,2,18,2,0,31355115,2441,7,0,1,1
94505000,0,0,2,18,2,0,31355114,2441,7,0,1,1
94506000,0,0,2,18,2,0,31355113,2441,7,0,1,1
94507000,0,0,2,18,2,0,31355112,2441,7,0,1,1
94508000,0,0,2,18,2,0,31355111,2441,7,0,1,1
94509000,0,0,2,18,2,0,31355110,2441,7,0,1,1
94510000,0,0,2,18,2,0,31355109,2441,7,0,1,1
94511000,0,0,2,18,2,0,31355108,2441,7,0,1,1
94512000,0,0,2,18,2,0,31355107,2441,7,0,1,1
94513000,0,0,2,18,2,0,31355106,2441,7,0,1,1
94514000,0,0,2,18,2,0,31355105,2441,7,0,1,1
94515000,0,0,2,18,2,0,31355104,2441,7,0,1,1
94516000,0,0,2,18,2,0,31355103,2441,7,0,1,1
94517000,0,0,2,18,2,0,31355102,2441,7,0,1,1
94518000,0,0,2,18,2,0,31355101,2441,7,0,1,1
94519000,0,0,2,18,2,0,31355100,2441,7,0,1,1
94520000,0,0,2,18,2,0,31355099,2441,7,0,1,1
94521000,0,0,2,18,2,0,31355098,2441,7,0,1,1
94522000,0,0,2,18,2,0,31355097,2441,7,0,1,1
94523000,0,0,2,18,2,0,31355096,2441,7,0,1,1
94524000,0,0,2,18,2,0,31355095,2441,7,0,1,1
94525000,0,0,2,18,2,0,31355094,2441,7,0,1,1
94526000,0,0,2,18,2,0,31355093,2441,7,0,1,1
94527000,0,0,2,18,2,0,31355092,2441,7,0,1,1
94528000,0,0,2,18,2,0,31355091,2441,7,0,1,1
94529000,0,0,2,18,2,0,31355090,2441,7,0,1,1
94530000,0,0,2,18,2,0,31355089,2441,7,0,1,1
94531000,0,0,2,18,2,0,31355088,2441,7,0,1,1
94532000,0,0,2,18,2,0,31355087,2441,7,0,1,1
94533000,0,0,2,18,2,0,31355086,2441,7,0,1,1
94534000,0,0,2,18,2,0,31355085,2441,7,0,1,1
94535000,0,0,2,18,2,0,31355084,2441,7,0,1,1
94536000,0,0,2,18,2,0,31355083,2441,7,0,1,1
94537000,0,0,2,18,2,0,31355082,2441,7,0,1,1
94538000,0,0,2,18,2,0,31355081,2441,7,0,1,1
94539000,0,0,2,18,2,0,31355080,2441,7,0,1,1
94540000,0,0,2,18,2,0,31355079,2441,7,0,1,1
94541000,0,0,2,18,2,0,31355078,2441,7,0,1,1
94542000,0,0,2,18,2,0,31355077,2441,7,0,1,1
94543000,0,0,2,18,2,0,31355076,2441,7,0,1,1
94544000,0,0,2,18,2,0,31355075,2441,7,0,1,1
94545000,0,0,2,18,2,0,31355074,2441,7,0,1,1
94546000,0,0,2,18,2,0,31355073,2441,7,0,1,1
94547000,0,0,2,18,2,0,31355072,2441,7,0,1,1
94548000,0,0,2,18,2,0,31355071,2441,7,0,1,1
94549000,0,0,2,18,2,0,31355070,2441,7,0,1,1
94550000,0,0,2,18,2,0,31355069,2441,7,0,1,1
94551000,0,0,2,18,2,0,31355068,2441,7,0,1,1
94552000,0,0,2,18,2,0,31355067,2441,7,0,1,1
94553000,0,0,2,18,2,0,31355066,2441,7,0,1,1
94554000,0,0,2,18,2,0,31355065,2441,7,0,1,1
94555000,0,0,2,18,2,0,31355064,2441,7,0,1,1
94556000,0,0,2,18,2,0,31355063,2441,7,0,1,1
94557000,0,0,2,18,2,0,31355062,2441,7,0,1,1
94558000,0,0,2,18,2,0,31355061,2441,7,0,1,1
94559000,0,0,2,18,2,0,31355060,2441,7,0,1,1
94560000,0,0,2,18,2,0,31355059,2441,7,0,1,1
94561000,0,0,2,18,2,0,31355058,2441,7,0,1,1
94562000,0,0,2,18,2,0,31355057,2441,7,0,1,1
94563000,0,0,2,18,2,0,31355056,2441,7,0,1,1
94564000,0,0,2,18,2,0,31355055,2441,7,0,1,1
94565000,0,0,2,18,2,0,31355054,2441,7,0,1,1
94566000,0,0,2,18,2,0,31355053,2441,7,0,1,1
94567000,0,0,2,18,2,0,31355052,2441,7,0,1,1
94568000,0,0,2,18,2,0,31355051,2441,7,0,1,1
94569000,0,0,2,18,2,0,31355050,2441,7,0,1,1
94570000,0,0,2,18,2,0,31355049,2441,7,0,1,1
94571000,0,0,2,18,2,0,31355048,2441,7,0,1,1
94572000,0,0,2,18,2,0,31355047,2441,7,0,1,1
94573000,0,0,2,18,2,0,31355046,2441,7,0,1,1
94574000,0,0,2,18,2,0,31355045,2441,7,0,1,1
94575000,0,0,2,18,2,0,31355044,2441,7,0,1,1
94576000,0,0,2,18,2,0,31355043,2441,7,0,1,1
94577000,0,0,2,18,2,0,31355042,2441,7,0,1,1
94578000,0,0,2,18,2,0,31355041,2441,7,0,1,1
94579000,0,0,2,18,2,0,31355040,2441,7,0,1,1
94580000,0,0,2,18,2,0,31355039,2441,7,0,1,1
94581000,0,0,2,18,2,0,31355038,2441,7,0,1,1
94582000,0,0,2,18,2,0,31355037,2441,7,0,1,1
94583000,0,0,2,18,2,0,31355036,2441,7,0,1,1
94584000,0,0,2,18,2,0,31355035,2441,7,0,1,1
94585000,0,0,2,18,2,0,31355034,2441,7,0,1,1
94586000,0,0,2,18,2,0,31355033,2441,7,0,1,1
94587000,0,0,2,18,2,0,31355032,2441,7,0,1,1
94588000,0,0,2,18,2,0,31355031,2441,7,0,1,1
94589000,0,0,2,18,2,0,31355030,2441,7,0,1,1
94590000,0,0,2,18,2,0,31355029,2441,7,0,1,1
94591000,0,0,2,18,2,0,31355028,2441,7,0,1,1
94592000,0,0,2,18,2,0,31355027,2441,7,0,1,1
94593000,0,0,2,18,2,0,31355026,2441,7,0,1,1
94594000,0,0,2,18,2,0,31355025,2441,7,0,1,1
94595000,0,0,2,18,2,0,31355024,2441,7,0,1,1
94596000,0,0,2,18,2,0,31355023,2441,7,0,1,1
94597000,0,0,2,18,2,0,31355022,2441,7,0,1,1
94598000,0,0,2,18,2,0,31355021,2441,7,0,1,1
94599000,0,0,2,18,2,0,31355020,2441,7,0,1,1
94600000,0,0,2,18,2,0,31355019,2441,7,0,1,1
94601000,0,0,2,18,2,0,31355018,2441,7,0,1,1
94602000,0,0,2,18,2,0,31355017,2441,7,0,1,1
94603000,0,0,2,18,2,0,31355016,2441,7,0,1,1
94604000,0,0,2,18,2,0,31355015,2441,7,0,1,1
94605000,0,0,2,18,2,0,31355014,2441,7,0,1,1
94606000,0,0,2,18,2,0,31355013,2441,7,0,1,1
94607000,0,0,2,18,2,0,31355012,2441,7,0,1,1
94608000,0,0,2,18,2,0,31355011,2441,7,0,1,1
94609000,0,0,2,18,2,0,31355010,2441,7,0,1,1
94610000,0,0,2,18,2,0,31355009,2441,7,0,1,1
94611000,0,0,2,18,2,0,31355008,2441,7,0,1,1
94612000,0,0,2,18,2,0,31355007,2441,7,0,1,1
94613000,0,0,2,18,2,0,31355006,2441,7,0,1,1
94614000,0,0,2,18,2,0,31355005,2441,7,0,1,1
94615000,0,0,2,18,2,0,31355004,2441,7,0,1,1
94616000,0,0,2,18,2,0,31355003,2441,7,0,1,1
94617000,0,0,2,18,2,0,31355002,2441,7,0,1,1
94618000,0,0,2,18,2,0,31355001,2441,7,0,1,1
94619000,0,0,2,18,2,0,31355000,2441,7,0,1,1
94620000,0,0,2,18,2,0,31354999,2441,7,0,1,1
94621000,0,0,2,18,2,0,31354998,2441,7,0,1,1
94622000,0,0,2,18,2,0,31354997,2441,7,0,1,1
94623000,0,0,2,18,2,0,31354996,2441,7,0,1,1
94624000,0,0,2,18,2,0,31354995,2441,7,0,1,1
94625000,0,0,2,18,2,0,31354994,2441,7,0,1,1
94626000,0,0,2,18,2,0,31354993,2441,7,0,1,1
94627000,0,0,2,18,2,0,31354992,2441,7,0,1,1
94628000,0,0,2,18,2,0,31354991,2441,7,0,1,1
94629000,0,0,2,18,2,0,31354990,2441,7,0,1,1
94630000,0,0,2,18,2,0,31354989,2441,7,0,1,1
94631000,0,0,2,18,2,0,31354988,2441,7,0,1,1
94632000,0,0,2,18,2,0,31354987,2441,7,0,1,1
94633000,0,0,2,18,2,0,31354986,2441,7,0,1,1
94634000,0,0,2,18,2,0,31354985,2441,7,0,1,1
94635000,0,0,2,18,2,0,31354984,2441,7,0,1,1
94636000,0,0,2,18,2,0,31354983,2441,7,0,1,1
94637000,0,0,2,18,2,0,31354982,2441,7,0,1,1
94638000,0,0,2,18,2,0,31354981,2441,7,0,1,1
94639000,0,0,2,18,2,0,31354980,2441,7,0,1,1
94640000,0,0,2,18,2,0,31354979,2441,7,0,1,1
94641000,0,0,2,18,2,0,31354978,2441,7,0,1,1
94642000,0,0,2,18,2,0,31354977,2441,7,0,1,1
94643000,0,0,2,18,2,0,31354976,2441,7,0,1,1
94644000,0,0,2,18,2,0,31354975,2441,7,0,1,1
94645000,0,0,2,18,2,0,31354974,2441,7,0,1,1
94646000,0,0,2,18,2,0,31354973,2441,7,0,1,1
94647000,0,0,2,18,2,0,31354972,2441,7,0,1,1
94648000,0,0,2,18,2,0,31354971,2441,7,0,1,1
94649000,0,0,2,18,2,0,31354970,2441,7,0,1,1
94650000,0,0,2,18,2,0,31354969,2441,7,0,1,1
94651000,0,0,2,18,2,0,31354968,2441,7,0,1,1
94652000,0,0,2,18,2,0,31354967,2441,7,0,1,1
94653000,0,0,2,18,2,0,31354966,2441,7,0,1,1
94654000,0,0,2,18,2,0,31354965,2441,7,0,1,1
94655000,0,0,2,18,2,0,31354964,2441,7,0,1,1
94656000,0,0,2,18,2,0,31354963,2441,7,0,1,1
94657000,0,0,2,18,2,0,31354962,2441,7,0,1,1
94658000,0,0,2,18,2,0,31354961,2441,7,0,1,1
94659000,0,0,2,18,2,0,31354960,2441,7,0,1,1
94660000,0,0,2,18,2,0,31354959,2441,7,0,1,1
94661000,0,0,2,18,2,0,31354958,2441,7,0,1,1
