iTOW,year,month,day,hour,min,second,validDate,validTime,fullyResolved,validMag,tAcc,nano,fixType,gnssFixOk,diffSoln,psmState,headVehValid,carrSoln,confirmedAvai,confirmedDate,confirmedTime,numSV,lon,lat,height,hMSL,hAcc,vAcc,velN,velE,velD,gSpeed,headMot,sAcc,headAcc,pDOP,invalidLlh,lastCorrectionAge,reserved0,headVeh,magDec,magAcc
94417000,2025,10,27,2,13,19,1,1,1,0,23,-452434,3,1,1,0,0,0,1,1,1,31,114.1800823,22.3057058,19738,21351,781,1200,-27,-5,7,28,207.31728,67,180.0,1.08,0,0,558842204,0.0,0.0,0.0
94418000,2025,10,27,2,13,20,1,1,1,0,23,-452502,3,1,1,0,0,0,1,1,1,31,114.1800822,22.3057059,19702,21315,778,1194,21,0,74,21,207.31728,163,180.0,1.08,0,0,558842204,0.0,0.0,0.0
94419000,2025,10,27,2,13,21,1,1,1,0,23,-452571,3,1,1,0,0,0,1,1,1,31,114.1800825,22.3057066,19680,21293,775,1187,90,47,24,102,207.31728,87,55.17269,1.08,0,0,558842204,0.0,0.0,0.0
94420000,2025,10,27,2,13,22,1,1,1,0,23,-452640,3,1,1,0,0,0,1,1,1,31,114.1800826,22.3057069,19641,21254,771,1180,-7,2,15,7,207.31728,116,180.0,1.08,0,0,558842204,0.0,0.0,0.0
94421000,2025,10,27,2,13,23,1,1,1,0,23,-452709,3,1,1,0,0,0,1,1,1,31,114.1800824,22.3057068,19624,21237,771,1178,-10,-7,24,12,207.31728,136,180.0,1.08,0,0,558842204,0.0,0.0,0.0
94422000,2025,10,27,2,13,24,1,1,1,0,23,-452778,3,1,1,0,0,0,1,1,1,31,114.1800819,22.305707,19618,21231,770,1175,6,-32,-29,32,207.31728,118,136.15924,1.08,0,0,558842204,0.0,0.0,0.0
94423000,2025,10,27,2,13,25,1,1,1,0,23,-452846,3,1,1,0,0,0,1,1,1,31,114.1800816,22.3057069,19637,21250,768,1172,9,-31,49,33,207.31728,144,127.92428,1.08,0,0,558842204,0.0,0.0,0.0
94424000,2025,10,27,2,13,26,1,1,1,0,23,-452916,3,1,1,0,0,0,1,1,1,31,114.1800816,22.305707,19669,21283,768,1175,33,24,39,41,207.31728,135,130.76442,1.08,0,0,558842204,0.0,0.0,0.0
94425000,2025,10,27,2,13,27,1,1,1,0,23,-452986,3,1,1,0,0,0,1,1,1,31,114.1800814,22.3057069,19679,21292,768,1176,-16,-22,22,27,207.31728,106,180.0,1.08,0,0,558842204,0.0,0.0,0.0
94426000,2025,10,27,2,13,28,1,1,1,0,23,-453056,3,1,1,0,0,0,1,1,1,31,114.1800821,22.305706,19675,21288,769,1183,-106,123,92,162,130.69702,105,29.90318,1.08,0,0,558842204,0.0,0.0,0.0
94427000,2025,10,27,2,13,29,1,1,1,0,23,-453127,3,1,1,0,0,0,1,1,1,31,114.1800825,22.3057048,19708,21321,771,1192,-128,24,-23,131,169.45944,108,42.03923,1.08,0,0,558842204,0.0,0.0,0.0
94428000,2025,10,27,2,13,30,1,1,1,0,23,-453197,3,1,1,0,0,0,1,1,1,31,114.1800821,22.3057044,19775,21388,771,1197,25,-43,13,50,181.75346,113,87.3689,1.08,0,0,558842204,0.0,0.0,0.0
94429000,2025,10,27,2,13,31,1,1,1,0,23,-453267,3,1,1,0,0,0,1,1,1,31,114.1800819,22.3057044,19829,21442,773,1206,-3,-2,-41,4,181.75346,186,180.0,1.08,0,0,558842204,0.0,0.0,0.0
94430000,2025,10,27,2,13,32,1,1,1,0,23,-453336,3,1,1,0,0,0,1,1,1,31,114.1800819,22.3057042,19891,21504,776,1214,-10,-2,12,10,181.75346,130,180.0,1.08,0,0,558842204,0.0,0.0,0.0
94431000,2025,10,27,2,13,33,1,1,1,0,23,-453406,3,1,1,0,0,0,1,1,1,31,114.1800816,22.3057039,19945,21558,780,1220,-22,-50,7,55,181.75346,99,96.44884,1.08,0,0,558842204,0.0,0.0,0.0
94432000,2025,10,27,2,13,34,1,1,1,0,23,-453475,3,1,1,0,0,0,1,1,1,31,114.1800813,22.3057046,19969,21582,783,1225,135,-26,3,137,349.20476,97,39.93138,1.08,0,0,558842204,0.0,0.0,0.0
94433000,2025,10,27,2,13,35,1,1,1,0,23,-453545,3,1,1,0,0,0,1,1,1,31,114.1800809,22.3057047,20072,21685,787,1231,-17,-45,-61,48,269.92336,160,116.0109,1.08,0,0,558842204,0.0,0.0,0.0
94434000,2025,10,27,2,13,36,1,1,1,0,23,-453614,3,1,1,0,0,0,1,1,1,31,114.1800802,22.3057053,20164,21777,796,1243,121,-65,-11,137,331.89322,114,43.60799,1.08,0,0,558842204,0.0,0.0,0.0
94435000,2025,10,27,2,13,37,1,1,1,0,23,-453684,3,1,1,0,0,0,1,1,1,31,114.1800802,22.3057068,20257,21870,806,1248,217,-10,-30,218,357.28424,95,32.07686,1.08,0,0,558842204,0.0,0.0,0.0
94436000,2025,10,27,2,13,38,1,1,1,0,23,-453755,3,1,1,0,0,0,1,1,1,31,114.1800803,22.3057091,20324,21937,825,1271,289,24,56,290,4.70166,142,27.67239,1.08,0,0,558842204,0.0,0.0,0.0
94437000,2025,10,27,2,13,39,1,1,1,0,23,-453826,3,1,1,0,0,0,1,1,1,31,114.1800811,22.3057116,20382,21995,844,1293,285,114,-20,307,21.7268,113,25.3672,1.08,0,0,558842204,0.0,0.0,0.0
94438000,2025,10,27,2,13,40,1,1,1,0,23,-453896,3,1,1,0,0,0,1,1,1,31,114.1800824,22.3057139,20323,21936,859,1310,212,148,48,259,34.93826,120,27.85166,1.06,0,0,558842204,0.0,0.0,0.0
94439000,2025,10,27,2,13,41,1,1,1,0,23,-453966,3,1,1,0,0,0,1,1,1,31,114.1800842,22.3057168,20361,21974,864,1308,318,148,-8,350,24.92307,79,20.23912,1.06,0,0,558842204,0.0,0.0,0.0
94440000,2025,10,27,2,13,42,1,1,1,0,23,-454036,3,1,1,0,0,0,1,1,1,31,114.1800871,22.3057189,20484,22097,872,1310,260,336,2,425,52.26911,116,15.96157,1.06,0,0,558842204,0.0,0.0,0.0
94441000,2025,10,27,2,13,43,1,1,1,0,23,-454105,3,1,1,0,0,0,1,1,1,31,114.1800902,22.3057218,20522,22135,873,1302,343,339,-60,482,44.64657,96,13.75492,1.06,0,0,558842204,0.0,0.0,0.0
94442000,2025,10,27,2,13,44,1,1,1,0,23,-454174,3,1,1,0,0,0,1,1,1,31,114.1800936,22.3057248,20490,22103,876,1299,288,403,-46,496,54.48953,107,14.49083,1.08,0,0,558842204,0.0,0.0,0.0
94443000,2025,10,27,2,13,45,1,1,1,0,23,-454242,3,1,1,0,0,0,1,1,1,32,114.180098,22.3057282,20409,22022,878,1297,378,519,28,642,53.91214,99,10.26783,1.04,0,0,558842204,0.0,0.0,0.0
94444000,2025,10,27,2,13,46,1,1,1,0,23,-454312,3,1,1,0,0,0,1,1,1,31,114.1801023,22.3057318,20346,21959,878,1296,384,393,109,550,45.70153,92,13.07881,1.08,0,0,558842204,0.0,0.0,0.0
94445000,2025,10,27,2,13,47,1,1,1,0,23,-454381,3,1,1,0,0,0,1,1,1,31,114.1801071,22.305736,20181,21794,877,1294,450,628,144,773,54.39986,95,8.18004,1.08,0,0,558842204,0.0,0.0,0.0
94446000,2025,10,27,2,13,48,1,1,1,0,23,-454451,3,1,1,0,0,0,1,1,1,32,114.1801121,22.3057397,20031,21644,872,1291,374,520,15,641,54.26955,95,10.23325,1.06,0,0,558842204,0.0,0.0,0.0
94447000,2025,10,27,2,13,49,1,1,1,0,23,-454520,3,1,1,0,0,0,1,1,1,32,114.1801179,22.3057437,19940,21553,869,1290,450,644,75,786,55.04978,92,8.08516,1.04,0,0,558842204,0.0,0.0,0.0
94448000,2025,10,27,2,13,50,1,1,1,0,23,-454590,3,1,1,0,0,0,1,1,1,31,114.1801231,22.3057477,19815,21428,864,1290,401,530,49,664,52.88177,101,9.27004,1.08,0,0,558842204,0.0,0.0,0.0
94449000,2025,10,27,2,13,51,1,1,1,0,23,-454659,3,1,1,0,0,0,1,1,1,31,114.1801292,22.3057516,19753,21366,860,1289,436,682,-33,810,57.43469,104,6.93073,1.08,0,0,558842204,0.0,0.0,0.0
94450000,2025,10,27,2,13,52,1,1,1,0,23,-454727,3,1,1,0,0,0,1,1,1,31,114.1801349,22.3057558,19663,21276,856,1291,475,587,19,755,51.00422,104,6.99334,1.08,0,0,558842204,0.0,0.0,0.0
94451000,2025,10,27,2,13,53,1,1,1,0,23,-454796,3,1,1,0,0,0,1,1,1,31,114.1801409,22.3057598,19618,21231,846,1282,463,588,8,749,51.81546,92,7.01742,1.08,0,0,558842204,0.0,0.0,0.0
94452000,2025,10,27,2,13,54,1,1,1,0,23,-454865,3,1,1,0,0,0,1,1,1,31,114.1801476,22.3057643,19522,21135,831,1269,495,687,95,847,54.24713,92,5.75479,1.08,0,0,558842204,0.0,0.0,0.0
94453000,2025,10,27,2,13,55,1,1,1,0,23,-454934,3,1,1,0,0,0,1,1,1,31,114.1801544,22.3057696,19405,21018,812,1248,577,739,16,938,52.00197,92,4.71654,1.08,0,0,558842204,0.0,0.0,0.0
94454000,2025,10,27,2,13,56,1,1,1,0,23,-455004,3,1,1,0,0,0,1,1,1,32,114.1801608,22.3057743,19229,20842,792,1228,483,665,127,821,54.0141,86,5.43713,1.04,0,0,558842204,0.0,0.0,0.0
94455000,2025,10,27,2,13,57,1,1,1,0,23,-455073,3,1,1,0,0,0,1,1,1,32,114.1801665,22.3057781,19122,20735,768,1202,404,576,-1,704,54.93948,80,5.46511,1.04,0,0,558842204,0.0,0.0,0.0
94456000,2025,10,27,2,13,58,1,1,1,0,23,-455142,3,1,1,0,0,0,1,1,1,32,114.1801729,22.3057824,19040,20653,748,1181,483,698,90,849,55.33631,82,4.39438,1.06,0,0,558842204,0.0,0.0,0.0
94457000,2025,10,27,2,13,59,1,1,1,0,23,-455212,3,1,1,0,0,0,1,1,1,32,114.1801796,22.3057868,18931,20544,731,1161,513,684,72,855,53.14804,81,4.32228,1.06,0,0,558842204,0.0,0.0,0.0
94458000,2025,10,27,2,14,0,1,1,1,0,23,-455282,3,1,1,0,0,0,1,1,1,32,114.1801858,22.3057914,18778,20391,716,1145,532,606,157,807,48.74166,91,4.80366,1.04,0,0,558842204,0.0,0.0,0.0
94459000,2025,10,27,2,14,1,1,1,1,0,23,-455353,3,1,1,0,0,0,1,1,1,31,114.1801917,22.3057952,18672,20285,706,1134,395,622,36,737,57.59309,85,5.01569,1.07,0,0,558842204,0.0,0.0,0.0
94460000,2025,10,27,2,14,2,1,1,1,0,23,-455423,3,1,1,0,0,0,1,1,1,31,114.1801976,22.3057987,18583,20196,697,1124,410,606,45,732,55.93258,88,5.36296,1.07,0,0,558842204,0.0,0.0,0.0
94461000,2025,10,27,2,14,3,1,1,1,0,23,-455493,3,1,1,0,0,0,1,1,1,31,114.180204,22.3058029,18469,20082,687,1114,496,662,108,827,53.18821,81,4.28761,1.07,0,0,558842204,0.0,0.0,0.0
94462000,2025,10,27,2,14,4,1,1,1,0,23,-455563,3,1,1,0,0,0,1,1,1,31,114.1802097,22.3058072,18395,20008,677,1103,485,552,12,735,48.67603,76,4.98224,1.07,0,0,558842204,0.0,0.0,0.0
94463000,2025,10,27,2,14,5,1,1,1,0,23,-455633,3,1,1,0,0,0,1,1,1,31,114.1802163,22.305812,18237,19849,670,1098,565,731,181,924,52.32074,86,4.16132,1.07,0,0,558842204,0.0,0.0,0.0
94464000,2025,10,27,2,14,6,1,1,1,0,23,-455703,3,1,1,0,0,0,1,1,1,31,114.1802231,22.3058166,18163,19776,666,1098,478,687,90,837,55.14749,86,4.61737,1.07,0,0,558842204,0.0,0.0,0.0
94465000,2025,10,27,2,14,7,1,1,1,0,23,-455774,3,1,1,0,0,0,1,1,1,31,114.1802305,22.3058202,18109,19722,664,1101,364,793,93,872,65.3548,93,4.40151,1.07,0,0,558842204,0.0,0.0,0.0
94466000,2025,10,27,2,14,8,1,1,1,0,23,-455844,3,1,1,0,0,0,1,1,1,31,114.1802377,22.3058232,18075,19688,660,1100,322,712,23,781,65.65875,78,4.61978,1.07,0,0,558842204,0.0,0.0,0.0
94467000,2025,10,27,2,14,9,1,1,1,0,23,-455914,3,1,1,0,0,0,1,1,1,31,114.1802449,22.3058262,18090,19702,657,1100,350,760,-27,836,65.29984,85,4.13186,1.07,0,0,558842204,0.0,0.0,0.0
94468000,2025,10,27,2,14,10,1,1,1,0,23,-455985,3,1,1,0,0,0,1,1,1,31,114.1802536,22.3058293,18009,19622,655,1101,345,943,168,1004,69.89409,92,3.55645,1.07,0,0,558842204,0.0,0.0,0.0
94469000,2025,10,27,2,14,11,1,1,1,0,23,-456056,3,1,1,0,0,0,1,1,1,31,114.1802617,22.3058311,17917,19530,655,1105,152,770,138,785,78.80761,95,5.38105,1.07,0,0,558842204,0.0,0.0,0.0
94470000,2025,10,27,2,14,12,1,1,1,0,23,-456127,3,1,1,0,0,0,1,1,1,31,114.1802693,22.3058311,17799,19412,661,1117,-51,778,119,780,93.76626,101,6.61494,1.07,0,0,558842204,0.0,0.0,0.0
94471000,2025,10,27,2,14,13,1,1,1,0,23,-456198,3,1,1,0,0,0,1,1,1,31,114.1802772,22.3058302,17681,19293,672,1130,-100,807,183,813,97.06026,111,6.23688,1.07,0,0,558842204,0.0,0.0,0.0
94472000,2025,10,27,2,14,14,1,1,1,0,23,-456270,3,1,1,0,0,0,1,1,1,31,114.1802863,22.305829,17592,19204,680,1144,-125,976,159,984,97.28996,111,4.93968,1.07,0,0,558842204,0.0,0.0,0.0
94473000,2025,10,27,2,14,15,1,1,1,0,23,-456342,3,1,1,0,0,0,1,1,1,31,114.1802955,22.3058266,17360,18973,692,1164,-322,920,161,975,109.30582,112,5.81653,1.07,0,0,558842204,0.0,0.0,0.0
94474000,2025,10,27,2,14,16,1,1,1,0,23,-456412,3,1,1,0,0,0,1,1,1,31,114.1803041,22.3058231,17277,18890,704,1178,-407,845,-13,938,115.7031,93,6.58528,1.07,0,0,558842204,0.0,0.0,0.0
94475000,2025,10,27,2,14,17,1,1,1,0,23,-456483,3,1,1,0,0,0,1,1,1,31,114.1803118,22.3058185,17290,18903,714,1189,-547,749,-17,927,126.13608,81,7.1394,1.07,0,0,558842204,0.0,0.0,0.0
94476000,2025,10,27,2,14,18,1,1,1,0,23,-456554,3,1,1,0,0,0,1,1,1,30,114.1803189,22.3058144,17202,18815,724,1201,-415,701,152,814,120.60886,102,8.21328,1.12,0,0,558842204,0.0,0.0,0.0
94477000,2025,10,27,2,14,19,1,1,1,0,23,-456624,3,1,1,0,0,0,1,1,1,31,114.1803262,22.3058105,17026,18638,738,1218,-460,761,115,890,121.14082,97,8.40637,1.12,0,0,558842204,0.0,0.0,0.0
94478000,2025,10,27,2,14,20,1,1,1,0,23,-456695,3,1,1,0,0,0,1,1,1,30,114.1803332,22.3058052,16995,18607,753,1234,-631,700,32,942,132.0262,85,7.81187,1.16,0,0,558842204,0.0,0.0,0.0
94479000,2025,10,27,2,14,21,1,1,1,0,23,-456766,3,1,1,0,0,0,1,1,1,30,114.1803393,22.3057991,16978,18590,767,1248,-695,597,45,917,139.3499,79,7.75572,1.17,0,0,558842204,0.0,0.0,0.0
94480000,2025,10,27,2,14,22,1,1,1,0,23,-456837,3,1,1,0,0,0,1,1,1,30,114.1803443,22.305793,16921,18533,781,1264,-666,501,29,833,143.05294,85,9.02753,1.17,0,0,558842204,0.0,0.0,0.0
94481000,2025,10,27,2,14,23,1,1,1,0,23,-456908,3,1,1,0,0,0,1,1,1,30,114.1803495,22.3057868,16820,18432,792,1274,-709,519,49,879,143.8255,78,8.2505,1.17,0,0,558842204,0.0,0.0,0.0
94482000,2025,10,27,2,14,24,1,1,1,0,23,-456979,3,1,1,0,0,0,1,1,1,30,114.1803545,22.3057806,16773,18386,799,1280,-668,507,60,839,142.7981,81,8.47913,1.17,0,0,558842204,0.0,0.0,0.0
94483000,2025,10,27,2,14,25,1,1,1,0,23,-457051,3,1,1,0,0,0,1,1,1,30,114.1803602,22.3057738,16716,18328,807,1285,-745,597,81,955,141.27268,84,7.73231,1.28,0,0,558842204,0.0,0.0,0.0
94484000,2025,10,27,2,14,26,1,1,1,0,23,-457122,3,1,1,0,0,0,1,1,1,29,114.1803661,22.3057669,16508,18120,818,1299,-762,600,114,970,141.79884,95,7.50138,1.28,0,0,558842204,0.0,0.0,0.0
94485000,2025,10,27,2,14,27,1,1,1,0,23,-457193,3,1,1,0,0,0,1,1,1,29,114.1803708,22.3057601,16528,18140,829,1314,-720,441,-10,845,148.49768,85,8.86392,1.17,0,0,558842204,0.0,0.0,0.0
94486000,2025,10,27,2,14,28,1,1,1,0,23,-457265,3,1,1,0,0,0,1,1,1,30,114.1803738,22.3057529,16553,18165,839,1329,-789,261,42,831,161.68444,91,8.83899,1.22,0,0,558842204,0.0,0.0,0.0
94487000,2025,10,27,2,14,29,1,1,1,0,23,-457336,3,1,1,0,0,0,1,1,1,27,114.1803763,22.3057458,16481,18093,841,1330,-770,202,112,796,165.33686,83,8.41817,1.23,0,0,558842204,0.0,0.0,0.0
94488000,2025,10,27,2,14,30,1,1,1,0,23,-457408,3,1,1,0,0,0,1,1,1,28,114.1803792,22.305739,16352,17965,841,1331,-750,290,126,804,158.8496,84,8.88539,1.26,0,0,558842204,0.0,0.0,0.0
94489000,2025,10,27,2,14,31,1,1,1,0,23,-457480,3,1,1,0,0,0,1,1,1,30,114.1803812,22.3057314,16233,17845,843,1332,-865,124,168,873,171.8369,81,8.02947,1.18,0,0,558842204,0.0,0.0,0.0
94490000,2025,10,27,2,14,32,1,1,1,0,23,-457553,3,1,1,0,0,0,1,1,1,27,114.1803825,22.3057231,16226,17838,846,1334,-910,97,94,915,173.93314,85,8.02334,1.26,0,0,558842204,0.0,0.0,0.0
94491000,2025,10,27,2,14,33,1,1,1,0,23,-457626,3,1,1,0,0,0,1,1,1,29,114.1803831,22.3057154,16200,17812,846,1331,-828,-45,45,829,183.08924,77,7.99896,1.39,0,0,558842204,0.0,0.0,0.0
94492000,2025,10,27,2,14,34,1,1,1,0,23,-457698,3,1,1,0,0,0,1,1,1,29,114.1803826,22.305709,16069,17681,846,1333,-687,-142,110,701,191.66844,79,9.29719,1.39,0,0,558842204,0.0,0.0,0.0
94493000,2025,10,27,2,14,35,1,1,1,0,23,-457770,3,1,1,0,0,0,1,1,1,29,114.1803828,22.3057033,15895,17507,850,1344,-614,2,143,614,179.85214,86,10.6862,1.56,0,0,558842204,0.0,0.0,0.0
94494000,2025,10,27,2,14,36,1,1,1,0,23,-457843,3,1,1,0,0,0,1,1,1,29,114.1803836,22.3056973,15716,17328,853,1345,-676,43,174,678,176.36446,80,10.49875,1.2,0,0,558842204,0.0,0.0,0.0
94495000,2025,10,27,2,14,37,1,1,1,0,23,-457915,3,1,1,0,0,0,1,1,1,29,114.1803835,22.3056922,15445,17057,857,1351,-528,-97,233,536,190.42424,85,12.09329,1.22,0,0,558842204,0.0,0.0,0.0
94496000,2025,10,27,2,14,38,1,1,1,0,23,-457988,3,1,1,0,0,0,1,1,1,28,114.1803828,22.3056891,15287,16899,866,1372,-257,-87,177,271,198.62354,100,23.99895,1.39,0,0,558842204,0.0,0.0,0.0
94497000,2025,10,27,2,14,39,1,1,1,0,23,-458061,3,1,1,0,0,0,1,1,1,29,114.180382,22.3056875,15234,16846,877,1389,-99,-97,116,139,224.38702,113,40.28093,1.2,0,0,558842204,0.0,0.0,0.0
94498000,2025,10,27,2,14,40,1,1,1,0,23,-458134,3,1,1,0,0,0,1,1,1,29,114.1803809,22.3056875,15083,16695,886,1401,-17,-103,55,104,196.85742,106,52.10243,1.16,0,0,558842204,0.0,0.0,0.0
94499000,2025,10,27,2,14,41,1,1,1,0,23,-458208,3,1,1,0,0,0,1,1,1,29,114.1803797,22.3056883,15119,16731,886,1394,189,-138,-4,234,323.82968,76,28.64395,1.39,0,0,558842204,0.0,0.0,0.0
94500000,2025,10,27,2,14,42,1,1,1,0,23,-458283,3,1,1,0,0,0,1,1,1,30,114.180378,22.3056899,15344,16956,879,1381,260,-101,47,279,338.73056,63,23.02533,1.31,0,0,558842204,0.0,0.0,0.0
94501000,2025,10,27,2,14,43,1,1,1,0,23,-458357,3,1,1,0,0,0,1,1,1,27,114.180379,22.305693,15003,16615,873,1372,380,92,327,391,13.69761,128,13.74395,1.56,0,0,558842204,0.0,0.0,0.0
94502000,2025,10,27,2,14,44,1,1,1,0,23,-458432,3,1,1,0,0,0,1,1,1,29,114.1803752,22.305696,14933,16546,865,1358,277,-599,102,660,294.85408,91,6.88048,1.56,0,0,558842204,0.0,0.0,0.0
94503000,2025,10,27,2,14,45,1,1,1,0,23,-458507,3,1,1,0,0,0,1,1,1,27,114.1803695,22.3056993,14904,16517,872,1363,389,-562,58,684,304.71078,125,12.67915,1.38,0,0,558842204,0.0,0.0,0.0
94504000,2025,10,27,2,14,46,1,1,1,0,23,-458582,3,1,1,0,0,0,1,1,1,22,114.1803629,22.3057013,14936,16548,916,1410,140,-797,-130,809,279.99008,252,13.57258,1.44,0,0,558842204,0.0,0.0,0.0
94505000,2025,10,27,2,14,47,1,1,1,0,23,-458653,3,1,1,0,0,0,1,1,1,28,114.1803557,22.3057026,14797,16409,934,1396,-10,-857,-79,857,269.35812,128,4.60945,1.35,0,0,558842204,0.0,0.0,0.0
94506000,2025,10,27,2,14,48,1,1,1,0,23,-458722,3,1,1,0,0,0,1,1,1,30,114.1803479,22.3057022,14792,16404,928,1394,-127,-825,16,834,261.27154,122,5.5356,1.26,0,0,558842204,0.0,0.0,0.0
94507000,2025,10,27,2,14,49,1,1,1,0,23,-458791,3,1,1,0,0,0,1,1,1,29,114.1803431,22.3057015,14994,16606,925,1395,-87,-378,-234,388,257.0469,187,12.33193,1.26,0,0,558842204,0.0,0.0,0.0
94508000,2025,10,27,2,14,50,1,1,1,0,23,-458860,3,1,1,0,0,0,1,1,1,30,114.18034,22.305701,15267,16879,928,1406,-69,-325,-232,333,258.07304,204,16.37252,1.26,0,0,558842204,0.0,0.0,0.0
94509000,2025,10,27,2,14,51,1,1,1,0,24,-458930,3,1,1,0,0,0,1,1,1,29,114.1803366,22.3056998,15584,17196,932,1416,-186,-287,-186,342,237.06436,190,16.835,1.26,0,0,558842204,0.0,0.0,0.0
94510000,2025,10,27,2,14,52,1,1,1,0,24,-459000,3,1,1,0,0,0,1,1,1,29,114.1803344,22.3056989,15736,17348,936,1426,-51,-229,-118,235,257.38358,174,25.58877,1.46,0,0,558842204,0.0,0.0,0.0
94511000,2025,10,27,2,14,53,1,1,1,0,24,-459071,3,1,1,0,0,0,1,1,1,28,114.1803327,22.3056984,15802,17414,939,1437,-68,-185,-45,197,249.90288,155,27.58975,1.26,0,0,558842204,0.0,0.0,0.0
94512000,2025,10,27,2,14,54,1,1,1,0,24,-459142,3,1,1,0,0,0,1,1,1,30,114.1803305,22.3056965,15832,17444,945,1453,-256,-323,-68,412,231.58962,155,15.88177,1.2,0,0,558842204,0.0,0.0,0.0
94513000,2025,10,27,2,14,55,1,1,1,0,24,-459214,3,1,1,0,0,0,1,1,1,30,114.1803265,22.3056947,16063,17676,949,1463,-136,-438,-212,459,252.7006,182,13.51644,1.2,0,0,558842204,0.0,0.0,0.0
94514000,2025,10,27,2,14,56,1,1,1,0,24,-459285,3,1,1,0,0,0,1,1,1,30,114.1803225,22.3056932,16347,17959,946,1461,-170,-365,-246,403,245.0853,180,12.68486,1.35,0,0,558842204,0.0,0.0,0.0
94515000,2025,10,27,2,14,57,1,1,1,0,24,-459356,3,1,1,0,0,0,1,1,1,29,114.1803199,22.3056913,16473,18085,940,1458,-234,-291,-142,373,231.27016,158,12.99499,1.21,0,0,558842204,0.0,0.0,0.0
94516000,2025,10,27,2,14,58,1,1,1,0,24,-459426,3,1,1,0,0,0,1,1,1,30,114.1803167,22.3056894,16661,18273,935,1454,-199,-375,-229,425,242.09956,177,12.26356,1.2,0,0,558842204,0.0,0.0,0.0
94517000,2025,10,27,2,14,59,1,1,1,0,24,-459497,3,1,1,0,0,0,1,1,1,29,114.1803129,22.3056873,16877,18489,925,1443,-243,-395,-169,464,238.32702,155,10.41351,1.32,0,0,558842204,0.0,0.0,0.0
94518000,2025,10,27,2,15,0,1,1,1,0,24,-459566,3,1,1,0,0,0,1,1,1,30,114.1803086,22.3056862,16968,18580,921,1441,-97,-496,-98,506,258.90028,130,11.27073,1.19,0,0,558842204,0.0,0.0,0.0
94519000,2025,10,27,2,15,1,1,1,1,0,24,-459634,3,1,1,0,0,0,1,1,1,30,114.1803042,22.305684,17025,18638,912,1433,-353,-438,-110,562,231.12218,130,8.4701,1.19,0,0,558842204,0.0,0.0,0.0
94520000,2025,10,27,2,15,2,1,1,1,0,24,-459700,3,1,1,0,0,0,1,1,1,30,114.1803003,22.3056809,17003,18616,900,1417,-359,-432,-21,562,230.29622,116,8.51504,1.32,0,0,558842204,0.0,0.0,0.0
94521000,2025,10,27,2,15,3,1,1,1,0,23,-459767,3,1,1,0,0,0,1,1,1,31,114.180296,22.3056784,17095,18707,889,1401,-244,-440,-108,503,241.02218,129,8.61085,1.19,0,0,558842204,0.0,0.0,0.0
94522000,2025,10,27,2,15,4,1,1,1,0,23,-459833,3,1,1,0,0,0,1,1,1,31,114.1802917,22.3056767,17231,18843,882,1392,-147,-448,-143,471,251.79328,133,10.05665,1.19,0,0,558842204,0.0,0.0,0.0
94523000,2025,10,27,2,15,5,1,1,1,0,23,-459899,3,1,1,0,0,0,1,1,1,31,114.1802875,22.3056754,17296,18909,875,1379,-147,-417,-21,442,250.57822,104,10.6009,1.32,0,0,558842204,0.0,0.0,0.0
94524000,2025,10,27,2,15,6,1,1,1,0,23,-459965,3,1,1,0,0,0,1,1,1,30,114.1802837,22.3056748,17282,18894,870,1373,-13,-367,56,367,268.03524,82,14.68201,1.14,0,0,558842204,0.0,0.0,0.0
94525000,2025,10,27,2,15,7,1,1,1,0,23,-460032,3,1,1,0,0,0,1,1,1,30,114.180279,22.3056723,17436,19049,861,1361,-327,-515,-108,610,237.5716,126,7.25473,1.19,0,0,558842204,0.0,0.0,0.0
94526000,2025,10,27,2,15,8,1,1,1,0,23,-460098,3,1,1,0,0,0,1,1,1,29,114.1802738,22.3056695,17456,19069,861,1366,-315,-547,-25,631,240.02586,116,7.84931,1.22,0,0,558842204,0.0,0.0,0.0
94527000,2025,10,27,2,15,9,1,1,1,0,23,-460163,3,1,1,0,0,0,1,1,1,29,114.1802677,22.3056671,17563,19176,855,1357,-248,-655,-142,700,249.24338,129,6.61242,1.22,0,0,558842204,0.0,0.0,0.0
94528000,2025,10,27,2,15,10,1,1,1,0,23,-460228,3,1,1,0,0,0,1,1,1,29,114.1802609,22.3056652,17606,19219,848,1346,-183,-716,-35,739,255.66832,110,6.19262,1.22,0,0,558842204,0.0,0.0,0.0
94529000,2025,10,27,2,15,11,1,1,1,0,23,-460293,3,1,1,0,0,0,1,1,1,30,114.180253,22.3056623,17734,19347,836,1327,-362,-843,-88,917,246.76556,110,3.9363,1.14,0,0,558842204,0.0,0.0,0.0
94530000,2025,10,27,2,15,12,1,1,1,0,23,-460359,3,1,1,0,0,0,1,1,1,29,114.1802454,22.3056589,17758,19371,828,1314,-364,-729,78,815,243.48496,95,5.02636,1.14,0,0,558842204,0.0,0.0,0.0
94531000,2025,10,27,2,15,13,1,1,1,0,23,-460424,3,1,1,0,0,0,1,1,1,30,114.1802375,22.3056565,17843,19455,814,1292,-236,-843,-138,876,254.36378,103,4.38152,1.1,0,0,558842204,0.0,0.0,0.0
94532000,2025,10,27,2,15,14,1,1,1,0,23,-460487,3,1,1,0,0,0,1,1,1,30,114.18023,22.3056534,17905,19518,801,1273,-408,-753,-38,856,241.52618,99,4.29243,1.1,0,0,558842204,0.0,0.0,0.0
94533000,2025,10,27,2,15,15,1,1,1,0,23,-460552,3,1,1,0,0,0,1,1,1,30,114.1802225,22.3056491,17890,19503,801,1273,-490,-774,117,916,237.62382,154,7.75071,1.12,0,0,558842204,0.0,0.0,0.0
94534000,2025,10,27,2,15,16,1,1,1,0,23,-460616,3,1,1,0,0,0,1,1,1,30,114.1802152,22.3056443,17832,19444,792,1250,-568,-776,-4,962,233.76744,90,4.04654,1.12,0,0,558842204,0.0,0.0,0.0
94535000,2025,10,27,2,15,17,1,1,1,0,23,-460680,3,1,1,0,0,0,1,1,1,31,114.1802068,22.3056401,17842,19455,776,1228,-426,-852,56,953,243.4471,88,3.88299,1.12,0,0,558842204,0.0,0.0,0.0
94536000,2025,10,27,2,15,18,1,1,1,0,23,-460743,3,1,1,0,0,0,1,1,1,31,114.1801987,22.305636,17951,19564,758,1201,-396,-833,-61,922,244.54058,85,3.70855,1.07,0,0,558842204,0.0,0.0,0.0
94537000,2025,10,27,2,15,19,1,1,1,0,23,-460807,3,1,1,0,0,0,1,1,1,31,114.1801902,22.3056322,18094,19707,745,1183,-412,-894,-102,985,245.25354,95,3.72306,1.06,0,0,558842204,0.0,0.0,0.0
94538000,2025,10,27,2,15,20,1,1,1,0,23,-460871,3,1,1,0,0,0,1,1,1,31,114.1801824,22.3056276,18201,19814,737,1172,-505,-788,-71,936,237.30774,99,3.90828,1.06,0,0,558842204,0.0,0.0,0.0
94539000,2025,10,27,2,15,21,1,1,1,0,23,-460933,3,1,1,0,0,0,1,1,1,31,114.1801733,22.3056225,18302,19915,727,1157,-555,-1005,-56,1148,241.0648,91,3.06166,1.07,0,0,558842204,0.0,0.0,0.0
94540000,2025,10,27,2,15,22,1,1,1,0,23,-460996,3,1,1,0,0,0,1,1,1,31,114.1801641,22.3056179,18213,19826,720,1147,-470,-937,145,1048,243.37368,85,3.48815,1.07,0,0,558842204,0.0,0.0,0.0
94541000,2025,10,27,2,15,23,1,1,1,0,23,-461060,3,1,1,0,0,0,1,1,1,31,114.1801549,22.3056137,18278,19890,715,1141,-449,-949,-107,1050,244.70342,99,3.54127,1.07,0,0,558842204,0.0,0.0,0.0
94542000,2025,10,27,2,15,24,1,1,1,0,23,-461123,3,1,1,0,0,0,1,1,1,31,114.1801469,22.3056109,18317,19930,710,1131,-277,-801,-47,848,250.92836,89,4.15728,1.07,0,0,558842204,0.0,0.0,0.0
94543000,2025,10,27,2,15,25,1,1,1,0,23,-461186,3,1,1,0,0,0,1,1,1,31,114.1801394,22.305608,18278,19891,705,1126,-329,-778,75,844,247.07068,89,4.25221,1.07,0,0,558842204,0.0,0.0,0.0
94544000,2025,10,27,2,15,26,1,1,1,0,23,-461250,3,1,1,0,0,0,1,1,1,31,114.1801309,22.3056049,18302,19915,699,1117,-338,-913,-35,974,249.68008,92,3.57582,1.07,0,0,558842204,0.0,0.0,0.0
94545000,2025,10,27,2,15,27,1,1,1,0,23,-461313,3,1,1,0,0,0,1,1,1,31,114.1801214,22.3056022,18234,19847,696,1112,-294,-1027,73,1068,254.04216,87,3.52637,1.07,0,0,558842204,0.0,0.0,0.0
94546000,2025,10,27,2,15,28,1,1,1,0,23,-461377,3,1,1,0,0,0,1,1,1,31,114.180113,22.3056002,18219,19832,692,1103,-179,-786,6,806,257.20012,88,4.54173,1.07,0,0,558842204,0.0,0.0,0.0
94547000,2025,10,27,2,15,29,1,1,1,0,23,-461440,3,1,1,0,0,0,1,1,1,31,114.180104,22.3055993,18250,19863,691,1100,-69,-991,-59,993,266.0048,94,4.25257,1.06,0,0,558842204,0.0,0.0,0.0
94548000,2025,10,27,2,15,30,1,1,1,0,23,-461503,3,1,1,0,0,0,1,1,1,31,114.1800953,22.3055984,18229,19842,688,1094,-113,-852,43,860,262.44306,87,4.47972,1.07,0,0,558842204,0.0,0.0,0.0
94549000,2025,10,27,2,15,31,1,1,1,0,23,-461567,3,1,1,0,0,0,1,1,1,31,114.1800873,22.3055977,18298,19911,682,1085,-18,-709,20,709,268.56774,77,5.73948,1.06,0,0,558842204,0.0,0.0,0.0
94550000,2025,10,27,2,15,32,1,1,1,0,23,-461631,3,1,1,0,0,0,1,1,1,31,114.1800794,22.3055983,18283,19896,677,1077,101,-852,2,858,276.73178,79,4.28392,1.07,0,0,558842204,0.0,0.0,0.0
94551000,2025,10,27,2,15,33,1,1,1,0,23,-461694,3,1,1,0,0,0,1,1,1,31,114.1800726,22.3055994,18366,19979,673,1071,151,-622,-77,640,283.65746,79,6.17513,1.07,0,0,558842204,0.0,0.0,0.0
94552000,2025,10,27,2,15,34,1,1,1,0,23,-461757,3,1,1,0,0,0,1,1,1,31,114.1800649,22.3056015,18437,20050,670,1068,266,-853,-46,894,287.30062,82,4.82273,1.07,0,0,558842204,0.0,0.0,0.0
94553000,2025,10,27,2,15,35,1,1,1,0,23,-461820,3,1,1,0,0,0,1,1,1,31,114.1800563,22.3056041,18423,20036,665,1063,299,-880,53,929,288.7771,73,4.28272,1.07,0,0,558842204,0.0,0.0,0.0
94554000,2025,10,27,2,15,36,1,1,1,0,23,-461884,3,1,1,0,0,0,1,1,1,31,114.1800478,22.3056068,18424,20037,664,1064,306,-884,15,936,289.10494,89,4.42435,1.08,0,0,558842204,0.0,0.0,0.0
94555000,2025,10,27,2,15,37,1,1,1,0,23,-461947,3,1,1,0,0,0,1,1,1,31,114.1800393,22.3056093,18381,19994,664,1067,253,-876,39,912,286.1302,98,4.61404,1.08,0,0,558842204,0.0,0.0,0.0
94556000,2025,10,27,2,15,38,1,1,1,0,23,-462010,3,1,1,0,0,0,1,1,1,31,114.1800315,22.3056119,18408,20021,669,1076,267,-776,-25,821,289.01232,102,5.40677,1.08,0,0,558842204,0.0,0.0,0.0
94557000,2025,10,27,2,15,39,1,1,1,0,23,-462074,3,1,1,0,0,0,1,1,1,31,114.1800244,22.3056156,18464,20078,677,1087,459,-728,-16,861,302.24686,108,5.75246,1.08,0,0,558842204,0.0,0.0,0.0
94558000,2025,10,27,2,15,40,1,1,1,0,23,-462138,3,1,1,0,0,0,1,1,1,31,114.1800176,22.3056204,18519,20132,681,1093,559,-662,33,866,310.22102,111,5.70167,1.08,0,0,558842204,0.0,0.0,0.0
94559000,2025,10,27,2,15,41,1,1,1,0,23,-462203,3,1,1,0,0,0,1,1,1,31,114.1800118,22.3056262,18531,20144,690,1102,673,-588,-21,893,318.83182,123,5.90392,1.08,0,0,558842204,0.0,0.0,0.0
94560000,2025,10,27,2,15,42,1,1,1,0,23,-462267,3,1,1,0,0,0,1,1,1,31,114.1800072,22.3056323,18559,20173,701,1114,669,-416,57,788,328.1118,125,7.59306,1.08,0,0,558842204,0.0,0.0,0.0
94561000,2025,10,27,2,15,43,1,1,1,0,23,-462331,3,1,1,0,0,0,1,1,1,32,114.1800049,22.3056385,18709,20323,720,1133,699,-91,-21,705,352.55212,111,11.74371,1.04,0,0,558842204,0.0,0.0,0.0
94562000,2025,10,27,2,15,44,1,1,1,0,23,-462397,3,1,1,0,0,0,1,1,1,31,114.1800053,22.305645,18753,20366,752,1171,732,105,199,740,8.18345,154,11.747,1.06,0,0,558842204,0.0,0.0,0.0
94563000,2025,10,27,2,15,45,1,1,1,0,23,-462464,3,1,1,0,0,0,1,1,1,31,114.1800067,22.3056532,18817,20430,777,1202,1031,106,278,1037,5.87538,167,6.87679,1.06,0,0,558842204,0.0,0.0,0.0
94564000,2025,10,27,2,15,46,1,1,1,0,23,-462529,3,1,1,0,0,0,1,1,1,32,114.1800093,22.3056603,18432,20045,790,1213,664,387,300,768,30.21213,129,8.02081,1.04,0,0,558842204,0.0,0.0,0.0
94565000,2025,10,27,2,15,47,1,1,1,0,23,-462593,3,1,1,0,0,0,1,1,1,32,114.1800157,22.3056639,18532,20146,797,1224,329,700,-71,774,64.79116,101,8.71482,1.04,0,0,558842204,0.0,0.0,0.0
94566000,2025,10,27,2,15,48,1,1,1,0,23,-462657,3,1,1,0,0,0,1,1,1,32,114.180022,22.3056683,18591,20204,810,1237,571,654,48,868,48.84578,99,9.76837,1.04,0,0,558842204,0.0,0.0,0.0
94567000,2025,10,27,2,15,49,1,1,1,0,23,-462721,3,1,1,0,0,0,1,1,1,32,114.1800287,22.305673,18690,20303,827,1257,525,719,-6,890,53.85118,109,9.31375,1.04,0,0,558842204,0.0,0.0,0.0
94568000,2025,10,27,2,15,50,1,1,1,0,23,-462785,3,1,1,0,0,0,1,1,1,31,114.1800353,22.3056786,18703,20317,845,1278,652,703,6,959,47.17087,102,9.09958,1.06,0,0,558842204,0.0,0.0,0.0
94569000,2025,10,27,2,15,51,1,1,1,0,23,-462849,3,1,1,0,0,0,1,1,1,32,114.1800425,22.3056842,18682,20295,858,1292,624,751,129,977,50.25427,103,7.65827,1.06,0,0,558842204,0.0,0.0,0.0
94570000,2025,10,27,2,15,52,1,1,1,0,23,-462913,3,1,1,0,0,0,1,1,1,32,114.18005,22.30569,18649,20262,866,1298,616,787,89,999,51.95013,105,6.86958,1.06,0,0,558842204,0.0,0.0,0.0
94571000,2025,10,27,2,15,53,1,1,1,0,23,-462978,3,1,1,0,0,0,1,1,1,32,114.1800578,22.3056944,18627,20240,873,1303,432,836,53,941,62.68545,104,7.46741,1.06,0,0,558842204,0.0,0.0,0.0
94572000,2025,10,27,2,15,54,1,1,1,0,23,-463042,3,1,1,0,0,0,1,1,1,32,114.180065,22.3056987,18551,20164,874,1298,490,714,98,866,55.50055,93,7.1019,1.06,0,0,558842204,0.0,0.0,0.0
94573000,2025,10,27,2,15,55,1,1,1,0,23,-463106,3,1,1,0,0,0,1,1,1,32,114.1800725,22.3057033,18401,20014,876,1296,521,771,165,930,55.96203,98,7.25721,1.06,0,0,558842204,0.0,0.0,0.0
94574000,2025,10,27,2,15,56,1,1,1,0,23,-463170,3,1,1,0,0,0,1,1,1,32,114.1800803,22.3057087,18329,19942,874,1286,566,820,42,997,55.41366,87,6.20929,1.06,0,0,558842204,0.0,0.0,0.0
94575000,2025,10,27,2,15,57,1,1,1,0,23,-463234,3,1,1,0,0,0,1,1,1,32,114.1800882,22.3057148,18411,20024,870,1275,669,771,-37,1021,49.08026,87,6.16874,1.06,0,0,558842204,0.0,0.0,0.0
94576000,2025,10,27,2,15,58,1,1,1,0,23,-463298,3,1,1,0,0,0,1,1,1,32,114.1800954,22.3057213,18237,19850,869,1269,676,765,154,1020,48.5517,92,6.61838,1.06,0,0,558842204,0.0,0.0,0.0
94577000,2025,10,27,2,15,59,1,1,1,0,23,-463362,3,1,1,0,0,0,1,1,1,31,114.1801023,22.3057272,18147,19760,867,1265,611,704,51,932,49.08076,92,7.31176,1.09,0,0,558842204,0.0,0.0,0.0
94578000,2025,10,27,2,16,0,1,1,1,0,23,-463425,3,1,1,0,0,0,1,1,1,31,114.1801091,22.3057323,18088,19701,865,1260,470,718,36,858,56.76783,95,6.93769,1.09,0,0,558842204,0.0,0.0,0.0
94579000,2025,10,27,2,16,1,1,1,1,0,23,-463489,3,1,1,0,0,0,1,1,1,32,114.1801153,22.305738,17853,19466,863,1260,608,664,245,901,47.50127,88,6.41746,1.06,0,0,558842204,0.0,0.0,0.0
94580000,2025,10,27,2,16,2,1,1,1,0,23,-463553,3,1,1,0,0,0,1,1,1,32,114.1801226,22.3057445,17773,19386,863,1260,698,760,76,1032,47.44031,97,6.51976,1.08,0,0,558842204,0.0,0.0,0.0
94581000,2025,10,27,2,16,3,1,1,1,0,23,-463618,3,1,1,0,0,0,1,1,1,32,114.1801298,22.3057519,17727,19340,864,1259,808,720,39,1083,41.71014,92,6.28489,1.08,0,0,558842204,0.0,0.0,0.0
94582000,2025,10,27,2,16,4,1,1,1,0,23,-463683,3,1,1,0,0,0,1,1,1,32,114.1801357,22.3057593,17639,19252,863,1259,775,576,119,966,36.62521,80,6.67053,1.08,0,0,558842204,0.0,0.0,0.0
94583000,2025,10,27,2,16,5,1,1,1,0,23,-463748,3,1,1,0,0,0,1,1,1,32,114.1801413,22.3057654,17506,19119,857,1257,629,600,162,869,43.64292,84,7.05842,1.06,0,0,558842204,0.0,0.0,0.0
94584000,2025,10,27,2,16,6,1,1,1,0,23,-463813,3,1,1,0,0,0,1,1,1,32,114.180149,22.3057697,17599,19212,853,1257,371,872,-75,948,66.93689,113,5.541,1.06,0,0,558842204,0.0,0.0,0.0
94585000,2025,10,27,2,16,7,1,1,1,0,23,-463878,3,1,1,0,0,0,1,1,1,31,114.1801568,22.3057731,17560,19173,835,1241,364,795,106,874,65.40745,93,4.86818,1.06,0,0,558842204,0.0,0.0,0.0
94586000,2025,10,27,2,16,8,1,1,1,0,23,-463943,3,1,1,0,0,0,1,1,1,31,114.1801644,22.3057775,17590,19203,811,1218,487,803,-2,939,58.75404,86,4.06794,1.06,0,0,558842204,0.0,0.0,0.0
94587000,2025,10,27,2,16,9,1,1,1,0,23,-464008,3,1,1,0,0,0,1,1,1,30,114.1801726,22.3057826,17718,19331,787,1193,590,841,-24,1028,54.95729,90,3.50517,1.09,0,0,558842204,0.0,0.0,0.0
94588000,2025,10,27,2,16,10,1,1,1,0,23,-464073,3,1,1,0,0,0,1,1,1,31,114.1801813,22.3057875,17587,19200,766,1172,486,944,236,1062,62.78305,96,3.37218,1.09,0,0,558842204,0.0,0.0,0.0
94589000,2025,10,27,2,16,11,1,1,1,0,23,-464139,3,1,1,0,0,0,1,1,1,31,114.1801901,22.3057927,17453,19066,750,1155,595,892,156,1072,56.31407,87,3.364,1.09,0,0,558842204,0.0,0.0,0.0
94590000,2025,10,27,2,16,12,1,1,1,0,23,-464205,3,1,1,0,0,0,1,1,1,31,114.1801987,22.3057985,17452,19065,735,1142,658,886,62,1103,53.41185,86,3.39445,1.07,0,0,558842204,0.0,0.0,0.0
94591000,2025,10,27,2,16,13,1,1,1,0,23,-464271,3,1,1,0,0,0,1,1,1,31,114.1802069,22.3058036,17464,19077,722,1130,528,828,12,982,57.45276,84,3.61318,1.07,0,0,558842204,0.0,0.0,0.0
94592000,2025,10,27,2,16,14,1,1,1,0,23,-464337,3,1,1,0,0,0,1,1,1,31,114.1802159,22.3058079,17467,19080,715,1128,430,959,32,1051,65.82351,92,3.58792,1.07,0,0,558842204,0.0,0.0,0.0
94593000,2025,10,27,2,16,15,1,1,1,0,23,-464403,3,1,1,0,0,0,1,1,1,31,114.180225,22.3058119,17389,19002,705,1122,435,942,129,1037,65.21005,90,3.40708,1.07,0,0,558842204,0.0,0.0,0.0
94594000,2025,10,27,2,16,16,1,1,1,0,23,-464469,3,1,1,0,0,0,1,1,1,31,114.1802339,22.3058159,17294,18907,698,1120,411,922,110,1010,65.98141,90,3.50616,1.07,0,0,558842204,0.0,0.0,0.0
94595000,2025,10,27,2,16,17,1,1,1,0,23,-464535,3,1,1,0,0,0,1,1,1,31,114.1802434,22.30582,17331,18944,692,1118,443,1008,7,1101,66.29412,76,3.16358,1.07,0,0,558842204,0.0,0.0,0.0
94596000,2025,10,27,2,16,18,1,1,1,0,23,-464601,3,1,1,0,0,0,1,1,1,31,114.1802527,22.3058241,17368,18980,689,1118,441,968,2,1064,65.51465,96,3.35579,1.07,0,0,558842204,0.0,0.0,0.0
94597000,2025,10,27,2,16,19,1,1,1,0,23,-464668,3,1,1,0,0,0,1,1,1,31,114.1802626,22.3058268,17225,18838,688,1121,241,1050,243,1077,77.07981,105,3.59561,1.05,0,0,558842204,0.0,0.0,0.0
94598000,2025,10,27,2,16,20,1,1,1,0,23,-464736,3,1,1,0,0,0,1,1,1,31,114.1802736,22.3058273,17039,18652,690,1127,-40,1179,282,1179,91.95592,108,3.66715,1.07,0,0,558842204,0.0,0.0,0.0
94599000,2025,10,27,2,16,21,1,1,1,0,23,-464803,3,1,1,0,0,0,1,1,1,31,114.1802844,22.3058255,16858,18470,694,1133,-238,1089,193,1115,102.3053,105,4.27936,1.07,0,0,558842204,0.0,0.0,0.0
94600000,2025,10,27,2,16,22,1,1,1,0,23,-464870,3,1,1,0,0,0,1,1,1,31,114.1802942,22.3058214,16780,18393,702,1146,-544,987,-12,1127,118.85994,90,5.20038,1.07,0,0,558842204,0.0,0.0,0.0
94601000,2025,10,27,2,16,23,1,1,1,0,23,-464937,3,1,1,0,0,0,1,1,1,31,114.1803034,22.3058164,16602,18215,713,1159,-586,920,143,1091,122.49716,100,5.96259,1.07,0,0,558842204,0.0,0.0,0.0
94602000,2025,10,27,2,16,24,1,1,1,0,23,-465003,3,1,1,0,0,0,1,1,1,31,114.1803111,22.305811,16449,18061,723,1172,-584,741,102,943,128.20732,96,6.94323,1.1,0,0,558842204,0.0,0.0,0.0
94603000,2025,10,27,2,16,25,1,1,1,0,23,-465070,3,1,1,0,0,0,1,1,1,31,114.1803187,22.3058062,16517,18130,733,1185,-493,804,-11,943,121.50462,97,6.59158,1.07,0,0,558842204,0.0,0.0,0.0
94604000,2025,10,27,2,16,26,1,1,1,0,23,-465138,3,1,1,0,0,0,1,1,1,31,114.1803256,22.3058005,16558,18170,746,1202,-653,727,-11,978,131.91696,92,7.30317,1.11,0,0,558842204,0.0,0.0,0.0
94605000,2025,10,27,2,16,27,1,1,1,0,23,-465206,3,1,1,0,0,0,1,1,1,31,114.1803324,22.3057939,16407,18019,756,1212,-772,686,172,1032,138.36004,85,6.86009,1.11,0,0,558842204,0.0,0.0,0.0
94606000,2025,10,27,2,16,28,1,1,1,0,23,-465275,3,1,1,0,0,0,1,1,1,31,114.1803383,22.305787,16255,17868,768,1226,-737,573,133,933,142.14532,85,8.35656,1.17,0,0,558842204,0.0,0.0,0.0
94607000,2025,10,27,2,16,29,1,1,1,0,23,-465345,3,1,1,0,0,0,1,1,1,31,114.1803431,22.3057802,16176,17788,778,1239,-768,478,91,905,148.0926,82,7.946,1.11,0,0,558842204,0.0,0.0,0.0
94608000,2025,10,27,2,16,30,1,1,1,0,23,-465415,3,1,1,0,0,0,1,1,1,30,114.1803468,22.305773,16224,17836,788,1252,-788,338,48,858,156.76508,82,8.13136,1.21,0,0,558842204,0.0,0.0,0.0
94609000,2025,10,27,2,16,31,1,1,1,0,23,-465484,3,1,1,0,0,0,1,1,1,31,114.1803506,22.3057654,16089,17702,795,1260,-922,306,127,972,161.65102,79,7.69064,1.13,0,0,558842204,0.0,0.0,0.0
94610000,2025,10,27,2,16,32,1,1,1,0,23,-465552,3,1,1,0,0,0,1,1,1,30,114.1803539,22.3057566,16019,17631,797,1260,-1049,221,-12,1072,168.12832,74,6.02695,1.11,0,0,558842204,0.0,0.0,0.0
94611000,2025,10,27,2,16,33,1,1,1,0,23,-465621,3,1,1,0,0,0,1,1,1,31,114.1803551,22.305747,16180,17792,798,1259,-1050,55,-44,1052,177.0164,78,6.13788,1.11,0,0,558842204,0.0,0.0,0.0
94612000,2025,10,27,2,16,34,1,1,1,0,23,-465690,3,1,1,0,0,0,1,1,1,29,114.1803566,22.305738,16138,17751,799,1257,-974,98,63,979,174.22912,66,6.88913,1.18,0,0,558842204,0.0,0.0,0.0
94613000,2025,10,27,2,16,35,1,1,1,0,23,-465759,3,1,1,0,0,0,1,1,1,28,114.1803576,22.3057286,16063,17675,801,1259,-1083,23,40,1084,178.79812,76,6.48756,1.17,0,0,558842204,0.0,0.0,0.0
94614000,2025,10,27,2,16,36,1,1,1,0,23,-465826,3,1,1,0,0,0,1,1,1,31,114.1803568,22.3057186,15899,17512,806,1267,-1144,-244,81,1170,192.05878,90,5.22665,1.15,0,0,558842204,0.0,0.0,0.0
94615000,2025,10,27,2,16,37,1,1,1,0,23,-465893,3,1,1,0,0,0,1,1,1,30,114.1803541,22.3057094,15808,17420,812,1279,-979,-396,70,1057,202.01918,100,5.72824,1.19,0,0,558842204,0.0,0.0,0.0
94616000,2025,10,27,2,16,38,1,1,1,0,23,-465961,3,1,1,0,0,0,1,1,1,29,114.1803492,22.3057025,15749,17361,818,1289,-652,-621,117,900,223.63686,98,5.60003,1.18,0,0,558842204,0.0,0.0,0.0
94617000,2025,10,27,2,16,39,1,1,1,0,23,-466028,3,1,1,0,0,0,1,1,1,30,114.1803428,22.3057001,15687,17300,824,1296,-116,-736,28,745,261.07948,119,6.28325,1.15,0,0,558842204,0.0,0.0,0.0
94618000,2025,10,27,2,16,40,1,1,1,0,23,-466096,3,1,1,0,0,0,1,1,1,31,114.1803386,22.3056992,15754,17366,831,1311,-113,-340,-102,358,251.60166,150,14.24708,1.12,0,0,558842204,0.0,0.0,0.0
94619000,2025,10,27,2,16,41,1,1,1,0,23,-466164,3,1,1,0,0,0,1,1,1,31,114.1803355,22.3056993,16093,17705,837,1321,78,-326,-353,335,283.4066,176,18.38045,1.15,0,0,558842204,0.0,0.0,0.0
94620000,2025,10,27,2,16,42,1,1,1,0,23,-466232,3,1,1,0,0,0,1,1,1,30,114.1803328,22.3056986,16249,17861,845,1334,-156,-315,-172,352,243.67454,179,14.65013,1.18,0,0,558842204,0.0,0.0,0.0
94621000,2025,10,27,2,16,43,1,1,1,0,23,-466299,3,1,1,0,0,0,1,1,1,31,114.1803306,22.3056968,16268,17881,857,1354,-286,-299,-176,414,226.30792,190,13.22498,1.3,0,0,558842204,0.0,0.0,0.0
94622000,2025,10,27,2,16,44,1,1,1,0,23,-466365,3,1,1,0,0,0,1,1,1,31,114.1803274,22.305695,16495,18107,871,1380,-177,-376,-297,416,244.83276,216,14.28837,1.17,0,0,558842204,0.0,0.0,0.0
94623000,2025,10,27,2,16,45,1,1,1,0,23,-466431,3,1,1,0,0,0,1,1,1,29,114.1803249,22.305694,16615,18227,880,1394,-76,-296,-142,305,255.54498,174,19.17102,1.17,0,0,558842204,0.0,0.0,0.0
94624000,2025,10,27,2,16,46,1,1,1,0,24,-466497,3,1,1,0,0,0,1,1,1,31,114.1803227,22.3056926,16826,18438,892,1412,-190,-244,-279,309,232.11318,212,21.44423,1.23,0,0,558842204,0.0,0.0,0.0
94625000,2025,10,27,2,16,47,1,1,1,0,24,-466564,3,1,1,0,0,0,1,1,1,31,114.1803207,22.3056913,16957,18569,902,1430,-101,-219,-88,241,245.14312,177,28.00638,1.14,0,0,558842204,0.0,0.0,0.0
94626000,2025,10,27,2,16,48,1,1,1,0,24,-466631,3,1,1,0,0,0,1,1,1,31,114.1803184,22.3056899,16953,18566,911,1449,-223,-326,-69,395,235.58552,159,17.08496,1.14,0,0,558842204,0.0,0.0,0.0
94627000,2025,10,27,2,16,49,1,1,1,0,24,-466697,3,1,1,0,0,0,1,1,1,31,114.1803148,22.3056877,17230,18842,922,1466,-225,-425,-292,481,242.0695,210,12.68238,1.14,0,0,558842204,0.0,0.0,0.0
94628000,2025,10,27,2,16,50,1,1,1,0,24,-466764,3,1,1,0,0,0,1,1,1,31,114.1803103,22.3056865,17487,19099,929,1481,-107,-510,-242,521,258.1796,178,13.22824,1.14,0,0,558842204,0.0,0.0,0.0
94629000,2025,10,27,2,16,51,1,1,1,0,24,-466830,3,1,1,0,0,0,1,1,1,31,114.1803066,22.305685,17512,19124,942,1502,-258,-389,-80,467,236.44866,156,13.38687,1.14,0,0,558842204,0.0,0.0,0.0
94630000,2025,10,27,2,16,52,1,1,1,0,24,-466896,3,1,1,0,0,0,1,1,1,30,114.1803019,22.3056833,17507,19120,951,1519,-216,-532,-27,574,247.85486,129,10.67777,1.23,0,0,558842204,0.0,0.0,0.0
94631000,2025,10,27,2,16,53,1,1,1,0,24,-466964,3,1,1,0,0,0,1,1,1,30,114.1802972,22.3056804,17604,19216,945,1512,-287,-522,52,596,241.1753,113,9.48152,1.17,0,0,558842204,0.0,0.0,0.0
94632000,2025,10,27,2,16,54,1,1,1,0,24,-467031,3,1,1,0,0,0,1,1,1,30,114.1802919,22.3056776,17632,19245,945,1512,-289,-583,29,651,243.59872,119,8.38541,1.14,0,0,558842204,0.0,0.0,0.0
94633000,2025,10,27,2,16,55,1,1,1,0,24,-467099,3,1,1,0,0,0,1,1,1,30,114.1802867,22.3056757,17867,19479,941,1506,-146,-539,-215,559,254.83212,157,9.49336,1.23,0,0,558842204,0.0,0.0,0.0
94634000,2025,10,27,2,16,56,1,1,1,0,24,-467166,3,1,1,0,0,0,1,1,1,31,114.1802824,22.3056744,18036,19649,926,1476,-91,-457,-109,466,258.71282,125,10.01981,1.14,0,0,558842204,0.0,0.0,0.0
94635000,2025,10,27,2,16,57,1,1,1,0,24,-467233,3,1,1,0,0,0,1,1,1,31,114.1802783,22.3056731,18134,19747,916,1461,-182,-436,-79,473,247.3338,124,9.68544,1.14,0,0,558842204,0.0,0.0,0.0
94636000,2025,10,27,2,16,58,1,1,1,0,24,-467301,3,1,1,0,0,0,1,1,1,31,114.1802727,22.3056701,18277,19890,898,1427,-319,-624,55,700,242.94332,95,5.83397,1.11,0,0,558842204,0.0,0.0,0.0
94637000,2025,10,27,2,16,59,1,1,1,0,23,-467369,3,1,1,0,0,0,1,1,1,31,114.1802659,22.3056675,18398,20011,877,1391,-241,-728,-63,767,251.669,100,5.60513,1.06,0,0,558842204,0.0,0.0,0.0
94638000,2025,10,27,2,17,0,1,1,1,0,23,-467436,3,1,1,0,0,0,1,1,1,30,114.1802592,22.3056645,18447,20060,868,1375,-389,-699,-52,800,240.8892,114,5.40638,1.14,0,0,558842204,0.0,0.0,0.0
94639000,2025,10,27,2,17,1,1,1,1,0,23,-467503,3,1,1,0,0,0,1,1,1,31,114.1802527,22.3056608,18537,20149,861,1364,-440,-687,-112,816,237.3432,118,5.38608,1.06,0,0,558842204,0.0,0.0,0.0
94640000,2025,10,27,2,17,2,1,1,1,0,23,-467570,3,1,1,0,0,0,1,1,1,30,114.180246,22.3056568,18596,20209,852,1350,-433,-695,40,818,238.07602,99,5.03711,1.1,0,0,558842204,0.0,0.0,0.0
94641000,2025,10,27,2,17,3,1,1,1,0,23,-467638,3,1,1,0,0,0,1,1,1,31,114.1802385,22.3056539,18810,20423,841,1332,-241,-765,-161,802,252.52352,124,5.45836,1.1,0,0,558842204,0.0,0.0,0.0
94642000,2025,10,27,2,17,4,1,1,1,0,23,-467705,3,1,1,0,0,0,1,1,1,31,114.1802309,22.3056511,18847,20459,835,1322,-358,-791,31,868,245.66262,96,4.75913,1.1,0,0,558842204,0.0,0.0,0.0
94643000,2025,10,27,2,17,5,1,1,1,0,23,-467772,3,1,1,0,0,0,1,1,1,31,114.1802231,22.3056475,18912,20524,832,1312,-435,-809,-97,918,241.72154,112,4.70407,1.1,0,0,558842204,0.0,0.0,0.0
94644000,2025,10,27,2,17,6,1,1,1,0,23,-467839,3,1,1,0,0,0,1,1,1,31,114.1802154,22.3056438,18913,20526,820,1292,-387,-781,120,871,243.60304,98,4.85303,1.1,0,0,558842204,0.0,0.0,0.0
94645000,2025,10,27,2,17,7,1,1,1,0,23,-467905,3,1,1,0,0,0,1,1,1,30,114.1802083,22.3056409,18902,20514,804,1267,-309,-725,-38,788,246.93128,100,5.35438,1.11,0,0,558842204,0.0,0.0,0.0
94646000,2025,10,27,2,17,8,1,1,1,0,23,-467973,3,1,1,0,0,0,1,1,1,31,114.1802,22.3056382,19066,20679,796,1251,-243,-873,-11,906,254.44952,97,4.61653,1.11,0,0,558842204,0.0,0.0,0.0
94647000,2025,10,27,2,17,9,1,1,1,0,23,-468040,3,1,1,0,0,0,1,1,1,30,114.1801916,22.305635,19092,20705,793,1243,-407,-884,-76,973,245.28806,111,4.09006,1.11,0,0,558842204,0.0,0.0,0.0
94648000,2025,10,27,2,17,10,1,1,1,0,23,-468105,3,1,1,0,0,0,1,1,1,31,114.1801837,22.3056314,19093,20705,787,1235,-424,-822,-44,925,242.69006,101,4.6801,1.06,0,0,558842204,0.0,0.0,0.0
94649000,2025,10,27,2,17,11,1,1,1,0,23,-468170,3,1,1,0,0,0,1,1,1,31,114.1801765,22.3056275,18985,20598,781,1224,-459,-759,100,887,238.82376,84,4.88441,1.11,0,0,558842204,0.0,0.0,0.0
94650000,2025,10,27,2,17,12,1,1,1,0,23,-468236,3,1,1,0,0,0,1,1,1,31,114.1801691,22.3056242,18922,20535,780,1221,-341,-802,35,871,246.93822,96,5.14395,1.11,0,0,558842204,0.0,0.0,0.0
94651000,2025,10,27,2,17,13,1,1,1,0,23,-468302,3,1,1,0,0,0,1,1,1,31,114.1801613,22.3056208,18960,20573,779,1218,-406,-823,-51,917,243.73158,98,4.89517,1.06,0,0,558842204,0.0,0.0,0.0
94652000,2025,10,27,2,17,14,1,1,1,0,23,-468369,3,1,1,0,0,0,1,1,1,31,114.180154,22.3056181,19003,20616,782,1221,-215,-747,53,778,253.92002,96,6.18824,1.11,0,0,558842204,0.0,0.0,0.0
94653000,2025,10,27,2,17,15,1,1,1,0,23,-468436,3,1,1,0,0,0,1,1,1,31,114.1801458,22.3056156,19026,20639,786,1223,-291,-911,-81,956,252.29104,104,5.28499,1.11,0,0,558842204,0.0,0.0,0.0
94654000,2025,10,27,2,17,16,1,1,1,0,23,-468502,3,1,1,0,0,0,1,1,1,31,114.1801363,22.3056129,19020,20633,770,1201,-346,-961,-17,1021,250.22298,78,3.61973,1.06,0,0,558842204,0.0,0.0,0.0
94655000,2025,10,27,2,17,17,1,1,1,0,23,-468572,3,1,1,0,0,0,1,1,1,31,114.180128,22.3056104,18935,20548,767,1199,-251,-824,126,862,253.0861,84,5.87772,1.11,0,0,558842204,0.0,0.0,0.0
94656000,2025,10,27,2,17,18,1,1,1,0,23,-468642,3,1,1,0,0,0,1,1,1,30,114.1801195,22.3056081,18845,20458,765,1194,-264,-922,17,959,254.02078,91,4.48772,1.11,0,0,558842204,0.0,0.0,0.0
94657000,2025,10,27,2,17,19,1,1,1,0,23,-468708,3,1,1,0,0,0,1,1,1,30,114.180111,22.3056056,18937,20550,759,1185,-293,-886,-184,933,251.66742,104,4.36462,1.11,0,0,558842204,0.0,0.0,0.0
94658000,2025,10,27,2,17,20,1,1,1,0,23,-468770,3,1,1,0,0,0,1,1,1,31,114.1801029,22.305605,18907,20520,750,1171,14,-863,-21,863,270.91282,88,4.97607,1.11,0,0,558842204,0.0,0.0,0.0
94659000,2025,10,27,2,17,21,1,1,1,0,23,-468834,3,1,1,0,0,0,1,1,1,31,114.1800948,22.3056061,18988,20601,733,1145,212,-783,1,812,285.16366,67,4.19674,1.06,0,0,558842204,0.0,0.0,0.0
94660000,2025,10,27,2,17,22,1,1,1,0,23,-468897,3,1,1,0,0,0,1,1,1,31,114.1800877,22.3056095,18965,20578,722,1130,440,-703,34,829,302.05436,73,5.2269,1.06,0,0,558842204,0.0,0.0,0.0
94661000,2025,10,27,2,17,23,1,1,1,0,23,-468961,3,1,1,0,0,0,1,1,1,31,114.1800833,22.3056138,18932,20545,712,1116,444,-352,2,567,321.60496,72,7.61938,1.06,0,0,558842204,0.0,0.0,0.0
