iTOW,ecefX,ecefY,ecefZ,pAcc
94417000,-241820647,538576000,240577298,143
94418000,-241820645,538575997,240577298,143
94419000,-241820646,538575991,240577305,142
94420000,-241820644,538575987,240577307,141
94421000,-241820642,538575986,240577305,141
94422000,-241820637,538575987,240577306,140
94423000,-241820634,538575991,240577307,140
94424000,-241820636,538575993,240577309,140
94425000,-241820635,538575995,240577308,140
94426000,-241820642,538575995,240577298,141
94427000,-241820649,538576001,240577287,142
94428000,-241820649,538576009,240577286,142
94429000,-241820649,538576015,240577288,143
94430000,-241820652,538576021,240577288,144
94431000,-241820652,538576028,240577287,145
94432000,-241820648,538576029,240577296,145
94433000,-241820649,538576038,240577301,146
94434000,-241820644,538576047,240577310,148
94435000,-241820645,538576049,240577329,149
94436000,-241820645,538576045,240577355,151
94437000,-241820650,538576037,240577383,154
94438000,-241820656,538576018,240577405,157
94439000,-241820670,538576003,240577435,157
94440000,-241820698,538575993,240577461,157
94441000,-241820723,538575972,240577493,157
94442000,-241820749,538575943,240577522,157
94443000,-241820781,538575905,240577554,157
94444000,-241820813,538575868,240577588,157
94445000,-241820845,538575817,240577625,156
94446000,-241820880,538575770,240577657,156
94447000,-241820924,538575722,240577695,155
94448000,-241820961,538575674,240577731,155
94449000,-241821010,538575628,240577769,155
94450000,-241821053,538575580,240577808,155
94451000,-241821100,538575536,240577848,154
94452000,-241821152,538575482,240577890,152
94453000,-241821202,538575423,240577940,149
94454000,-241821248,538575363,240577981,146
94455000,-241821290,538575316,240578017,143
94456000,-241821341,538575265,240578057,140
94457000,-241821392,538575211,240578098,137
94458000,-241821436,538575154,240578139,135
94459000,-241821481,538575106,240578174,134
94460000,-241821527,538575060,240578207,132
94461000,-241821576,538575007,240578245,131
94462000,-241821619,538574961,240578286,129
94463000,-241821667,538574901,240578330,129
94464000,-241821720,538574848,240578374,128
94465000,-241821781,538574799,240578409,129
94466000,-241821842,538574754,240578439,128
94467000,-241821906,538574713,240578470,128
94468000,-241821979,538574658,240578499,128
94469000,-241822048,538574609,240578513,128
94470000,-241822115,538574567,240578509,130
94471000,-241822187,538574527,240578495,131
94472000,-241822271,538574486,240578479,133
94473000,-241822353,538574437,240578446,135
94474000,-241822437,538574407,240578407,137
94475000,-241822517,538574393,240578361,139
94476000,-241822588,538574372,240578315,140
94477000,-241822657,538574341,240578268,142
94478000,-241822731,538574328,240578214,145
94479000,-241822797,538574325,240578150,146
94480000,-241822853,538574322,240578085,149
94481000,-241822909,538574316,240578018,150
94482000,-241822965,538574314,240577952,151
94483000,-241823028,538574312,240577881,152
94484000,-241823087,538574296,240577802,153
94485000,-241823143,538574304,240577734,155
94486000,-241823185,538574321,240577661,157
94487000,-241823218,538574331,240577586,157
94488000,-241823253,538574334,240577511,157
94489000,-241823280,538574345,240577429,158
94490000,-241823306,538574370,240577343,158
94491000,-241823324,538574395,240577263,158
94492000,-241823325,538574411,240577192,158
94493000,-241823331,538574417,240577127,159
94494000,-241823341,538574422,240577060,159
94495000,-241823339,538574419,240576997,160
94496000,-241823331,538574420,240576959,162
94497000,-241823325,538574425,240576941,164
94498000,-241823309,538574418,240576934,166
94499000,-241823298,538574422,240576945,165
94500000,-241823287,538574442,240576970,164
94501000,-241823279,538574397,240576989,163
94502000,-241823235,538574396,240577017,161
94503000,-241823175,538574405,240577049,162
94504000,-241823110,538574428,240577071,168
94505000,-241823035,538574442,240577079,168
94506000,-241822963,538574475,240577075,167
94507000,-241822926,538574516,240577075,167
94508000,-241822908,538574554,240577080,168
94509000,-241822891,538574599,240577080,170
94510000,-241822877,538574625,240577077,171
94511000,-241822864,538574640,240577073,172
94512000,-241822848,538574659,240577055,173
94513000,-241822823,538574702,240577045,174
94514000,-241822798,538574748,240577042,174
94515000,-241822781,538574778,240577026,173
94516000,-241822762,538574814,240577014,173
94517000,-241822738,538574856,240577001,171
94518000,-241822703,538574887,240576993,171
94519000,-241822668,538574918,240576972,170
94520000,-241822635,538574945,240576940,168
94521000,-241822603,538574980,240576918,166
94522000,-241822570,538575016,240576906,165
94523000,-241822536,538575045,240576894,163
94524000,-241822500,538575062,240576889,163
94525000,-241822466,538575104,240576869,161
94526000,-241822423,538575139,240576841,161
94527000,-241822374,538575183,240576820,160
94528000,-241822315,538575222,240576803,159
94529000,-241822250,538575278,240576777,157
94530000,-241822186,538575325,240576744,155
94531000,-241822119,538575374,240576722,153
94532000,-241822056,538575423,240576692,150
94533000,-241821992,538575470,240576648,150
94534000,-241821930,538575514,240576597,148
94535000,-241821859,538575567,240576553,145
94536000,-241821793,538575626,240576516,142
94537000,-241821726,538575688,240576482,140
94538000,-241821664,538575748,240576440,138
94539000,-241821592,538575814,240576391,137
94540000,-241821510,538575863,240576341,135
94541000,-241821433,538575923,240576300,135
94542000,-241821363,538575972,240576273,134
94543000,-241821296,538576011,240576242,133
94544000,-241821223,538576061,240576211,132
94545000,-241821136,538576106,240576181,131
94546000,-241821060,538576147,240576159,130
94547000,-241820978,538576191,240576152,130
94548000,-241820897,538576230,240576141,129
94549000,-241820825,538576272,240576137,128
94550000,-241820750,538576302,240576143,127
94551000,-241820687,538576333,240576157,126
94552000,-241820614,538576364,240576181,126
94553000,-241820528,538576389,240576207,125
94554000,-241820443,538576415,240576235,125
94555000,-241820358,538576437,240576259,126
94556000,-241820281,538576463,240576286,127
94557000,-241820210,538576483,240576326,128
94558000,-241820140,538576498,240576377,129
94559000,-241820076,538576501,240576438,130
94560000,-241820023,538576500,240576502,132
94561000,-241819996,538576498,240576570,134
94562000,-241819991,538576475,240576639,139
94563000,-241819993,538576443,240576725,143
94564000,-241819990,538576372,240576783,145
94565000,-241820047,538576340,240576824,146
94566000,-241820102,538576302,240576871,148
94567000,-241820160,538576264,240576924,150
94568000,-241820213,538576216,240576981,153
94569000,-241820270,538576162,240577038,155
94570000,-241820329,538576105,240577096,156
94571000,-241820394,538576054,240577140,157
94572000,-241820452,538576000,240577181,156
94573000,-241820509,538575938,240577223,156
94574000,-241820570,538575878,240577276,155
94575000,-241820637,538575829,240577340,154
94576000,-241820686,538575759,240577401,154
94577000,-241820738,538575699,240577458,153
94578000,-241820790,538575646,240577508,153
94579000,-241820831,538575578,240577557,153
94580000,-241820884,538575516,240577621,153
94581000,-241820938,538575453,240577695,153
94582000,-241820977,538575393,240577767,153
94583000,-241821014,538575334,240577825,152
94584000,-241821083,538575293,240577872,152
94585000,-241821149,538575244,240577906,150
94586000,-241821214,538575197,240577952,146
94587000,-241821287,538575154,240578009,143
94588000,-241821355,538575088,240578054,140
94589000,-241821424,538575019,240578102,138
94590000,-241821495,538574961,240578162,136
94591000,-241821563,538574908,240578215,134
94592000,-241821641,538574853,240578258,134
94593000,-241821716,538574793,240578297,133
94594000,-241821790,538574732,240578334,132
94595000,-241821873,538574679,240578378,131
94596000,-241821955,538574627,240578421,131
94597000,-241822038,538574563,240578444,132
94598000,-241822134,538574499,240578441,132
94599000,-241822232,538574445,240578416,133
94600000,-241822328,538574413,240578371,134
94601000,-241822416,538574379,240578313,136
94602000,-241822492,538574354,240578252,138
94603000,-241822574,538574346,240578206,139
94604000,-241822651,538574342,240578148,141
94605000,-241822720,538574326,240578075,143
94606000,-241822782,538574314,240577999,145
94607000,-241822836,538574314,240577926,146
94608000,-241822885,538574329,240577854,148
94609000,-241822928,538574332,240577771,149
94610000,-241822972,538574345,240577678,149
94611000,-241823006,538574391,240577586,149
94612000,-241823033,538574415,240577492,149
94613000,-241823057,538574441,240577393,149
94614000,-241823060,538574469,240577284,150
94615000,-241823046,538574508,240577186,152
94616000,-241823010,538574550,240577114,153
94617000,-241822952,538574581,240577087,154
94618000,-241822917,538574608,240577080,155
94619000,-241822900,538574649,240577094,156
94620000,-241822881,538574676,240577093,158
94621000,-241822865,538574694,240577075,160
94622000,-241822847,538574733,240577065,163
94623000,-241822829,538574758,240577059,165
94624000,-241822819,538574791,240577053,167
94625000,-241822807,538574815,240577045,169
94626000,-241822788,538574830,240577030,171
94627000,-241822769,538574876,240577019,173
94628000,-241822738,538574922,240577016,175
94629000,-241822707,538574946,240577001,177
94630000,-241822666,538574971,240576984,179
94631000,-241822630,538575011,240576957,178
94632000,-241822586,538575046,240576930,178
94633000,-241822549,538575095,240576919,178
94634000,-241822517,538575132,240576913,174
94635000,-241822484,538575163,240576903,172
94636000,-241822443,538575210,240576878,169
94637000,-241822388,538575259,240576856,164
94638000,-241822332,538575303,240576827,163
94639000,-241822280,538575352,240576793,161
94640000,-241822226,538575401,240576754,160
94641000,-241822170,538575462,240576732,158
94642000,-241822104,538575508,240576704,156
94643000,-241822040,538575560,240576670,155
94644000,-241821974,538575606,240576633,153
94645000,-241821911,538575647,240576602,150
94646000,-241821844,538575706,240576581,148
94647000,-241821771,538575756,240576549,147
94648000,-241821704,538575803,240576512,146
94649000,-241821639,538575839,240576468,145
94650000,-241821572,538575878,240576432,145
94651000,-241821507,538575927,240576399,145
94652000,-241821444,538575972,240576373,145
94653000,-241821372,538576018,240576348,145
94654000,-241821287,538576068,240576320,143
94655000,-241821210,538576105,240576291,142
94656000,-241821131,538576142,240576264,142
94657000,-241821059,538576196,240576242,141
94658000,-241820983,538576230,240576235,139
94659000,-241820908,538576266,240576249,136
94660000,-241820834,538576281,240576283,134
94661000,-241820784,538576281,240576326,132
