iTOW,gpsFix,gpsFixOk,diffSoln,wknSet,towSet,diffCorr,carrSolnValid,mapMatching,psmState,spoofDetState,carrSoln,ttff,msss
94417000,3,1,1,1,1,0,1,0,0,1,0,33680,322668
94418000,3,1,1,1,1,0,1,0,0,1,0,33680,323668
94419000,3,1,1,1,1,0,1,0,0,1,0,33680,324668
94420000,3,1,1,1,1,0,1,0,0,1,0,33680,325668
94421000,3,1,1,1,1,0,1,0,0,1,0,33680,326668
94422000,3,1,1,1,1,0,1,0,0,1,0,33680,327668
94423000,3,1,1,1,1,0,1,0,0,1,0,33680,328668
94424000,3,1,1,1,1,0,1,0,0,1,0,33680,329668
94425000,3,1,1,1,1,0,1,0,0,1,0,33680,330668
94426000,3,1,1,1,1,0,1,0,0,1,0,33680,331668
94427000,3,1,1,1,1,0,1,0,0,1,0,33680,332668
94428000,3,1,1,1,1,0,1,0,0,1,0,33680,333668
94429000,3,1,1,1,1,0,1,0,0,1,0,33680,334668
94430000,3,1,1,1,1,0,1,0,0,1,0,33680,335668
94431000,3,1,1,1,1,0,1,0,0,1,0,33680,336668
94432000,3,1,1,1,1,0,1,0,0,1,0,33680,337668
94433000,3,1,1,1,1,0,1,0,0,1,0,33680,338668
94434000,3,1,1,1,1,0,1,0,0,1,0,33680,339668
94435000,3,1,1,1,1,0,1,0,0,1,0,33680,340668
94436000,3,1,1,1,1,0,1,0,0,1,0,33680,341668
94437000,3,1,1,1,1,0,1,0,0,1,0,33680,342668
94438000,3,1,1,1,1,0,1,0,0,1,0,33680,343668
94439000,3,1,1,1,1,0,1,0,0,1,0,33680,344668
94440000,3,1,1,1,1,0,1,0,0,1,0,33680,345668
94441000,3,1,1,1,1,0,1,0,0,1,0,33680,346668
94442000,3,1,1,1,1,0,1,0,0,1,0,33680,347668
94443000,3,1,1,1,1,0,1,0,0,1,0,33680,348668
94444000,3,1,1,1,1,0,1,0,0,1,0,33680,349668
94445000,3,1,1,1,1,0,1,0,0,1,0,33680,350668
94446000,3,1,1,1,1,0,1,0,0,1,0,33680,351668
94447000,3,1,1,1,1,0,1,0,0,1,0,33680,352668
94448000,3,1,1,1,1,0,1,0,0,1,0,33680,353668
94449000,3,1,1,1,1,0,1,0,0,1,0,33680,354668
94450000,3,1,1,1,1,0,1,0,0,1,0,33680,355668
94451000,3,1,1,1,1,0,1,0,0,1,0,33680,356668
94452000,3,1,1,1,1,0,1,0,0,1,0,33680,357668
94453000,3,1,1,1,1,0,1,0,0,1,0,33680,358668
94454000,3,1,1,1,1,0,1,0,0,1,0,33680,359668
94455000,3,1,1,1,1,0,1,0,0,1,0,33680,360668
94456000,3,1,1,1,1,0,1,0,0,1,0,33680,361668
94457000,3,1,1,1,1,0,1,0,0,1,0,33680,362668
94458000,3,1,1,1,1,0,1,0,0,1,0,33680,363668
94459000,3,1,1,1,1,0,1,0,0,1,0,33680,364668
94460000,3,1,1,1,1,0,1,0,0,1,0,33680,365668
94461000,3,1,1,1,1,0,1,0,0,1,0,33680,366668
94462000,3,1,1,1,1,0,1,0,0,1,0,33680,367668
94463000,3,1,1,1,1,0,1,0,0,1,0,33680,368668
94464000,3,1,1,1,1,0,1,0,0,1,0,33680,369668
94465000,3,1,1,1,1,0,1,0,0,1,0,33680,370668
94466000,3,1,1,1,1,0,1,0,0,1,0,33680,371668
94467000,3,1,1,1,1,0,1,0,0,1,0,33680,372668
94468000,3,1,1,1,1,0,1,0,0,1,0,33680,373668
94469000,3,1,1,1,1,0,1,0,0,1,0,33680,374668
94470000,3,1,1,1,1,0,1,0,0,1,0,33680,375668
94471000,3,1,1,1,1,0,1,0,0,1,0,33680,376668
94472000,3,1,1,1,1,0,1,0,0,1,0,33680,377668
94473000,3,1,1,1,1,0,1,0,0,1,0,33680,378668
94474000,3,1,1,1,1,0,1,0,0,1,0,33680,379668
94475000,3,1,1,1,1,0,1,0,0,1,0,33680,380668
94476000,3,1,1,1,1,0,1,0,0,1,0,33680,381668
94477000,3,1,1,1,1,0,1,0,0,1,0,33680,382668
94478000,3,1,1,1,1,0,1,0,0,1,0,33680,383668
94479000,3,1,1,1,1,0,1,0,0,1,0,33680,384668
94480000,3,1,1,1,1,0,1,0,0,1,0,33680,385668
94481000,3,1,1,1,1,0,1,0,0,1,0,33680,386668
94482000,3,1,1,1,1,0,1,0,0,1,0,33680,387668
94483000,3,1,1,1,1,0,1,0,0,1,0,33680,388668
94484000,3,1,1,1,1,0,1,0,0,1,0,33680,389668
94485000,3,1,1,1,1,0,1,0,0,1,0,33680,390668
94486000,3,1,1,1,1,0,1,0,0,1,0,33680,391668
94487000,3,1,1,1,1,0,1,0,0,1,0,33680,392668
94488000,3,1,1,1,1,0,1,0,0,1,0,33680,393668
94489000,3,1,1,1,1,0,1,0,0,1,0,33680,394668
94490000,3,1,1,1,1,0,1,0,0,1,0,33680,395668
94491000,3,1,1,1,1,0,1,0,0,1,0,33680,396668
94492000,3,1,1,1,1,0,1,0,0,1,0,33680,397668
94493000,3,1,1,1,1,0,1,0,0,1,0,33680,398668
94494000,3,1,1,1,1,0,1,0,0,1,0,33680,399668
94495000,3,1,1,1,1,0,1,0,0,1,0,33680,400668
94496000,3,1,1,1,1,0,1,0,0,1,0,33680,401668
94497000,3,1,1,1,1,0,1,0,0,1,0,33680,402668
94498000,3,1,1,1,1,0,1,0,0,1,0,33680,403668
94499000,3,1,1,1,1,0,1,0,0,1,0,33680,404668
94500000,3,1,1,1,1,0,1,0,0,1,0,33680,405668
94501000,3,1,1,1,1,0,1,0,0,1,0,33680,406668
94502000,3,1,1,1,1,0,1,0,0,1,0,33680,407668
94503000,3,1,1,1,1,0,1,0,0,1,0,33680,408668
94504000,3,1,1,1,1,0,1,0,0,1,0,33680,409668
94505000,3,1,1,1,1,0,1,0,0,1,0,33680,410668
94506000,3,1,1,1,1,0,1,0,0,1,0,33680,411668
94507000,3,1,1,1,1,0,1,0,0,1,0,33680,412668
94508000,3,1,1,1,1,0,1,0,0,1,0,33680,413668
94509000,3,1,1,1,1,0,1,0,0,1,0,33680,414668
94510000,3,1,1,1,1,0,1,0,0,1,0,33680,415668
94511000,3,1,1,1,1,0,1,0,0,1,0,33680,416668
94512000,3,1,1,1,1,0,1,0,0,1,0,33680,417668
94513000,3,1,1,1,1,0,1,0,0,1,0,33680,418668
94514000,3,1,1,1,1,0,1,0,0,1,0,33680,419668
94515000,3,1,1,1,1,0,1,0,0,1,0,33680,420668
94516000,3,1,1,1,1,0,1,0,0,1,0,33680,421668
94517000,3,1,1,1,1,0,1,0,0,1,0,33680,422668
94518000,3,1,1,1,1,0,1,0,0,1,0,33680,423668
94519000,3,1,1,1,1,0,1,0,0,1,0,33680,424668
94520000,3,1,1,1,1,0,1,0,0,1,0,33680,425668
94521000,3,1,1,1,1,0,1,0,0,1,0,33680,426668
94522000,3,1,1,1,1,0,1,0,0,1,0,33680,427668
94523000,3,1,1,1,1,0,1,0,0,1,0,33680,428668
94524000,3,1,1,1,1,0,1,0,0,1,0,33680,429668
94525000,3,1,1,1,1,0,1,0,0,1,0,33680,430668
94526000,3,1,1,1,1,0,1,0,0,1,0,33680,431668
94527000,3,1,1,1,1,0,1,0,0,1,0,33680,432668
94528000,3,1,1,1,1,0,1,0,0,1,0,33680,433668
94529000,3,1,1,1,1,0,1,0,0,1,0,33680,434668
94530000,3,1,1,1,1,0,1,0,0,1,0,33680,435668
94531000,3,1,1,1,1,0,1,0,0,1,0,33680,436668
94532000,3,1,1,1,1,0,1,0,0,1,0,33680,437668
94533000,3,1,1,1,1,0,1,0,0,1,0,33680,438668
94534000,3,1,1,1,1,0,1,0,0,1,0,33680,439668
94535000,3,1,1,1,1,0,1,0,0,1,0,33680,440668
94536000,3,1,1,1,1,0,1,0,0,1,0,33680,441668
94537000,3,1,1,1,1,0,1,0,0,1,0,33680,442668
94538000,3,1,1,1,1,0,1,0,0,1,0,33680,443668
94539000,3,1,1,1,1,0,1,0,0,1,0,33680,444668
94540000,3,1,1,1,1,0,1,0,0,1,0,33680,445668
94541000,3,1,1,1,1,0,1,0,0,1,0,33680,446668
94542000,3,1,1,1,1,0,1,0,0,1,0,33680,447668
94543000,3,1,1,1,1,0,1,0,0,1,0,33680,448668
94544000,3,1,1,1,1,0,1,0,0,1,0,33680,449668
94545000,3,1,1,1,1,0,1,0,0,1,0,33680,450668
94546000,3,1,1,1,1,0,1,0,0,1,0,33680,451668
94547000,3,1,1,1,1,0,1,0,0,1,0,33680,452668
94548000,3,1,1,1,1,0,1,0,0,1,0,33680,453668
94549000,3,1,1,1,1,0,1,0,0,1,0,33680,454668
94550000,3,1,1,1,1,0,1,0,0,1,0,33680,455668
94551000,3,1,1,1,1,0,1,0,0,1,0,33680,456668
94552000,3,1,1,1,1,0,1,0,0,1,0,33680,457668
94553000,3,1,1,1,1,0,1,0,0,1,0,33680,458668
94554000,3,1,1,1,1,0,1,0,0,1,0,33680,459668
94555000,3,1,1,1,1,0,1,0,0,1,0,33680,460668
94556000,3,1,1,1,1,0,1,0,0,1,0,33680,461668
94557000,3,1,1,1,1,0,1,0,0,1,0,33680,462668
94558000,3,1,1,1,1,0,1,0,0,1,0,33680,463668
94559000,3,1,1,1,1,0,1,0,0,1,0,33680,464668
94560000,3,1,1,1,1,0,1,0,0,1,0,33680,465668
94561000,3,1,1,1,1,0,1,0,0,1,0,33680,466668
94562000,3,1,1,1,1,0,1,0,0,1,0,33680,467668
94563000,3,1,1,1,1,0,1,0,0,1,0,33680,468668
94564000,3,1,1,1,1,0,1,0,0,1,0,33680,469668
94565000,3,1,1,1,1,0,1,0,0,1,0,33680,470668
94566000,3,1,1,1,1,0,1,0,0,1,0,33680,471668
94567000,3,1,1,1,1,0,1,0,0,1,0,33680,472668
94568000,3,1,1,1,1,0,1,0,0,1,0,33680,473668
94569000,3,1,1,1,1,0,1,0,0,1,0,33680,474668
94570000,3,1,1,1,1,0,1,0,0,1,0,33680,475668
94571000,3,1,1,1,1,0,1,0,0,1,0,33680,476668
94572000,3,1,1,1,1,0,1,0,0,1,0,33680,477668
94573000,3,1,1,1,1,0,1,0,0,1,0,33680,478668
94574000,3,1,1,1,1,0,1,0,0,1,0,33680,479668
94575000,3,1,1,1,1,0,1,0,0,1,0,33680,480668
94576000,3,1,1,1,1,0,1,0,0,1,0,33680,481668
94577000,3,1,1,1,1,0,1,0,0,1,0,33680,482668
94578000,3,1,1,1,1,0,1,0,0,1,0,33680,483668
94579000,3,1,1,1,1,0,1,0,0,1,0,33680,484668
94580000,3,1,1,1,1,0,1,0,0,1,0,33680,485668
94581000,3,1,1,1,1,0,1,0,0,1,0,33680,486668
94582000,3,1,1,1,1,0,1,0,0,1,0,33680,487668
94583000,3,1,1,1,1,0,1,0,0,1,0,33680,488668
94584000,3,1,1,1,1,0,1,0,0,1,0,33680,489668
94585000,3,1,1,1,1,0,1,0,0,1,0,33680,490668
94586000,3,1,1,1,1,0,1,0,0,1,0,33680,491668
94587000,3,1,1,1,1,0,1,0,0,1,0,33680,492668
94588000,3,1,1,1,1,0,1,0,0,1,0,33680,493668
94589000,3,1,1,1,1,0,1,0,0,1,0,33680,494668
94590000,3,1,1,1,1,0,1,0,0,1,0,33680,495668
94591000,3,1,1,1,1,0,1,0,0,1,0,33680,496668
94592000,3,1,1,1,1,0,1,0,0,1,0,33680,497668
94593000,3,1,1,1,1,0,1,0,0,1,0,33680,498668
94594000,3,1,1,1,1,0,1,0,0,1,0,33680,499668
94595000,3,1,1,1,1,0,1,0,0,1,0,33680,500668
94596000,3,1,1,1,1,0,1,0,0,1,0,33680,501668
94597000,3,1,1,1,1,0,1,0,0,1,0,33680,502668
94598000,3,1,1,1,1,0,1,0,0,1,0,33680,503668
94599000,3,1,1,1,1,0,1,0,0,1,0,33680,504668
94600000,3,1,1,1,1,0,1,0,0,1,0,33680,505668
94601000,3,1,1,1,1,0,1,0,0,1,0,33680,506668
94602000,3,1,1,1,1,0,1,0,0,1,0,33680,507668
94603000,3,1,1,1,1,0,1,0,0,1,0,33680,508668
94604000,3,1,1,1,1,0,1,0,0,1,0,33680,509668
94605000,3,1,1,1,1,0,1,0,0,1,0,33680,510668
94606000,3,1,1,1,1,0,1,0,0,1,0,33680,511668
94607000,3,1,1,1,1,0,1,0,0,1,0,33680,512668
94608000,3,1,1,1,1,0,1,0,0,1,0,33680,513668
94609000,3,1,1,1,1,0,1,0,0,1,0,33680,514668
94610000,3,1,1,1,1,0,1,0,0,1,0,33680,515668
94611000,3,1,1,1,1,0,1,0,0,1,0,33680,516668
94612000,3,1,1,1,1,0,1,0,0,1,0,33680,517668
94613000,3,1,1,1,1,0,1,0,0,1,0,33680,518668
94614000,3,1,1,1,1,0,1,0,0,1,0,33680,519668
94615000,3,1,1,1,1,0,1,0,0,1,0,33680,520668
94616000,3,1,1,1,1,0,1,0,0,1,0,33680,521668
94617000,3,1,1,1,1,0,1,0,0,1,0,33680,522668
94618000,3,1,1,1,1,0,1,0,0,1,0,33680,523668
94619000,3,1,1,1,1,0,1,0,0,1,0,33680,524668
94620000,3,1,1,1,1,0,1,0,0,1,0,33680,525668
94621000,3,1,1,1,1,0,1,0,0,1,0,33680,526668
94622000,3,1,1,1,1,0,1,0,0,1,0,33680,527668
94623000,3,1,1,1,1,0,1,0,0,1,0,33680,528668
94624000,3,1,1,1,1,0,1,0,0,1,0,33680,529668
94625000,3,1,1,1,1,0,1,0,0,1,0,33680,530668
94626000,3,1,1,1,1,0,1,0,0,1,0,33680,531668
94627000,3,1,1,1,1,0,1,0,0,1,0,33680,532668
94628000,3,1,1,1,1,0,1,0,0,1,0,33680,533668
94629000,3,1,1,1,1,0,1,0,0,1,0,33680,534668
94630000,3,1,1,1,1,0,1,0,0,1,0,33680,535668
94631000,3,1,1,1,1,0,1,0,0,1,0,33680,536668
94632000,3,1,1,1,1,0,1,0,0,1,0,33680,537668
94633000,3,1,1,1,1,0,1,0,0,1,0,33680,538668
94634000,3,1,1,1,1,0,1,0,0,1,0,33680,539668
94635000,3,1,1,1,1,0,1,0,0,1,0,33680,540668
94636000,3,1,1,1,1,0,1,0,0,1,0,33680,541668
94637000,3,1,1,1,1,0,1,0,0,1,0,33680,542668
94638000,3,1,1,1,1,0,1,0,0,1,0,33680,543668
94639000,3,1,1,1,1,0,1,0,0,1,0,33680,544668
94640000,3,1,1,1,1,0,1,0,0,1,0,33680,545668
94641000,3,1,1,1,1,0,1,0,0,1,0,33680,546668
94642000,3,1,1,1,1,0,1,0,0,1,0,33680,547668
94643000,3,1,1,1,1,0,1,0,0,1,0,33680,548668
94644000,3,1,1,1,1,0,1,0,0,1,0,33680,549668
94645000,3,1,1,1,1,0,1,0,0,1,0,33680,550668
94646000,3,1,1,1,1,0,1,0,0,1,0,33680,551668
94647000,3,1,1,1,1,0,1,0,0,1,0,33680,552668
94648000,3,1,1,1,1,0,1,0,0,1,0,33680,553668
94649000,3,1,1,1,1,0,1,0,0,1,0,33680,554668
94650000,3,1,1,1,1,0,1,0,0,1,0,33680,555668
94651000,3,1,1,1,1,0,1,0,0,1,0,33680,556668
94652000,3,1,1,1,1,0,1,0,0,1,0,33680,557668
94653000,3,1,1,1,1,0,1,0,0,1,0,33680,558668
94654000,3,1,1,1,1,0,1,0,0,1,0,33680,559668
94655000,3,1,1,1,1,0,1,0,0,1,0,33680,560668
94656000,3,1,1,1,1,0,1,0,0,1,0,33680,561668
94657000,3,1,1,1,1,0,1,0,0,1,0,33680,562668
94658000,3,1,1,1,1,0,1,0,0,1,0,33680,563668
94659000,3,1,1,1,1,0,1,0,0,1,0,33680,564668
94660000,3,1,1,1,1,0,1,0,0,1,0,33680,565668
94661000,3,1,1,1,1,0,1,0,0,1,0,33680,566668
