version,reserved0,refStationID,iTOW,relPosN,relPosE,relPosD,relPosLength,relPosHeading,reserved1,accN,accE,accD,accLength,accHeading,reserved2,gnssFixOK,diffSoln,relPosValid,carrSoln,isMoving,refPosMiss,refObsMiss,relPosHeadingValid,relPosNormalized
1,0,0,94417000,0.0,0.0,0.0,0.0,0.0,0,0.0,0.0,0.0,0.0,0.0,0,1,1,0,0,0,0,0,0,0
1,0,0,94418000,0.0,0.0,0.0,0.0,0.0,0,0.0,0.0,0.0,0.0,0.0,0,1,1,0,0,0,0,0,0,0
1,0,0,94419000,0.0,0.0,0.0,0.0,0.0,0,0.0,0.0,0.0,0.0,0.0,0,1,1,0,0,0,0,0,0,0
1,0,0,94420000,0.0,0.0,0.0,0.0,0.0,0,0.0,0.0,0.0,0.0,0.0,0,1,1,0,0,0,0,0,0,0
1,0,0,94421000,0.0,0.0,0.0,0.0,0.0,0,0.0,0.0,0.0,0.0,0.0,0,1,1,0,0,0,0,0,0,0
1,0,0,94422000,0.0,0.0,0.0,0.0,0.0,0,0.0,0.0,0.0,0.0,0.0,0,1,1,0,0,0,0,0,0,0
1,0,0,94423000,0.0,0.0,0.0,0.0,0.0,0,0.0,0.0,0.0,0.0,0.0,0,1,1,0,0,0,0,0,0,0
1,0,0,94424000,0.0,0.0,0.0,0.0,0.0,0,0.0,0.0,0.0,0.0,0.0,0,1,1,0,0,0,0,0,0,0
1,0,0,94425000,0.0,0.0,0.0,0.0,0.0,0,0.0,0.0,0.0,0.0,0.0,0,1,1,0,0,0,0,0,0,0
1,0,0,94426000,0.0,0.0,0.0,0.0,0.0,0,0.0,0.0,0.0,0.0,0.0,0,1,1,0,0,0,0,0,0,0
1,0,0,94427000,0.0,0.0,0.0,0.0,0.0,0,0.0,0.0,0.0,0.0,0.0,0,1,1,0,0,0,0,0,0,0
1,0,0,94428000,0.0,0.0,0.0,0.0,0.0,0,0.0,0.0,0.0,0.0,0.0,0,1,1,0,0,0,0,0,0,0
1,0,0,94429000,0.0,0.0,0.0,0.0,0.0,0,0.0,0.0,0.0,0.0,0.0,0,1,1,0,0,0,0,0,0,0
1,0,0,94430000,0.0,0.0,0.0,0.0,0.0,0,0.0,0.0,0.0,0.0,0.0,0,1,1,0,0,0,0,0,0,0
1,0,0,94431000,0.0,0.0,0.0,0.0,0.0,0,0.0,0.0,0.0,0.0,0.0,0,1,1,0,0,0,0,0,0,0
1,0,0,94432000,0.0,0.0,0.0,0.0,0.0,0,0.0,0.0,0.0,0.0,0.0,0,1,1,0,0,0,0,0,0,0
1,0,0,94433000,0.0,0.0,0.0,0.0,0.0,0,0.0,0.0,0.0,0.0,0.0,0,1,1,0,0,0,0,0,0,0
1,0,0,94434000,0.0,0.0,0.0,0.0,0.0,0,0.0,0.0,0.0,0.0,0.0,0,1,1,0,0,0,0,0,0,0
1,0,0,94435000,0.0,0.0,0.0,0.0,0.0,0,0.0,0.0,0.0,0.0,0.0,0,1,1,0,0,0,0,0,0,0
1,0,0,94436000,0.0,0.0,0.0,0.0,0.0,0,0.0,0.0,0.0,0.0,0.0,0,1,1,0,0,0,0,0,0,0
1,0,0,94437000,0.0,0.0,0.0,0.0,0.0,0,0.0,0.0,0.0,0.0,0.0,0,1,1,0,0,0,0,0,0,0
1,0,0,94438000,0.0,0.0,0.0,0.0,0.0,0,0.0,0.0,0.0,0.0,0.0,0,1,1,0,0,0,0,0,0,0
1,0,0,94439000,0.0,0.0,0.0,0.0,0.0,0,0.0,0.0,0.0,0.0,0.0,0,1,1,0,0,0,0,0,0,0
1,0,0,94440000,0.0,0.0,0.0,0.0,0.0,0,0.0,0.0,0.0,0.0,0.0,0,1,1,0,0,0,0,0,0,0
1,0,0,94441000,0.0,0.0,0.0,0.0,0.0,0,0.0,0.0,0.0,0.0,0.0,0,1,1,0,0,0,0,0,0,0
1,0,0,94442000,0.0,0.0,0.0,0.0,0.0,0,0.0,0.0,0.0,0.0,0.0,0,1,1,0,0,0,0,0,0,0
1,0,0,94443000,0.0,0.0,0.0,0.0,0.0,0,0.0,0.0,0.0,0.0,0.0,0,1,1,0,0,0,0,0,0,0
1,0,0,94444000,0.0,0.0,0.0,0.0,0.0,0,0.0,0.0,0.0,0.0,0.0,0,1,1,0,0,0,0,0,0,0
1,0,0,94445000,0.0,0.0,0.0,0.0,0.0,0,0.0,0.0,0.0,0.0,0.0,0,1,1,0,0,0,0,0,0,0
1,0,0,94446000,0.0,0.0,0.0,0.0,0.0,0,0.0,0.0,0.0,0.0,0.0,0,1,1,0,0,0,0,0,0,0
1,0,0,94447000,0.0,0.0,0.0,0.0,0.0,0,0.0,0.0,0.0,0.0,0.0,0,1,1,0,0,0,0,0,0,0
1,0,0,94448000,0.0,0.0,0.0,0.0,0.0,0,0.0,0.0,0.0,0.0,0.0,0,1,1,0,0,0,0,0,0,0
1,0,0,94449000,0.0,0.0,0.0,0.0,0.0,0,0.0,0.0,0.0,0.0,0.0,0,1,1,0,0,0,0,0,0,0
1,0,0,94450000,0.0,0.0,0.0,0.0,0.0,0,0.0,0.0,0.0,0.0,0.0,0,1,1,0,0,0,0,0,0,0
1,0,0,94451000,0.0,0.0,0.0,0.0,0.0,0,0.0,0.0,0.0,0.0,0.0,0,1,1,0,0,0,0,0,0,0
1,0,0,94452000,0.0,0.0,0.0,0.0,0.0,0,0.0,0.0,0.0,0.0,0.0,0,1,1,0,0,0,0,0,0,0
1,0,0,94453000,0.0,0.0,0.0,0.0,0.0,0,0.0,0.0,0.0,0.0,0.0,0,1,1,0,0,0,0,0,0,0
1,0,0,94454000,0.0,0.0,0.0,0.0,0.0,0,0.0,0.0,0.0,0.0,0.0,0,1,1,0,0,0,0,0,0,0
1,0,0,94455000,0.0,0.0,0.0,0.0,0.0,0,0.0,0.0,0.0,0.0,0.0,0,1,1,0,0,0,0,0,0,0
1,0,0,94456000,0.0,0.0,0.0,0.0,0.0,0,0.0,0.0,0.0,0.0,0.0,0,1,1,0,0,0,0,0,0,0
1,0,0,94457000,0.0,0.0,0.0,0.0,0.0,0,0.0,0.0,0.0,0.0,0.0,0,1,1,0,0,0,0,0,0,0
1,0,0,94458000,0.0,0.0,0.0,0.0,0.0,0,0.0,0.0,0.0,0.0,0.0,0,1,1,0,0,0,0,0,0,0
1,0,0,94459000,0.0,0.0,0.0,0.0,0.0,0,0.0,0.0,0.0,0.0,0.0,0,1,1,0,0,0,0,0,0,0
1,0,0,94460000,0.0,0.0,0.0,0.0,0.0,0,0.0,0.0,0.0,0.0,0.0,0,1,1,0,0,0,0,0,0,0
1,0,0,94461000,0.0,0.0,0.0,0.0,0.0,0,0.0,0.0,0.0,0.0,0.0,0,1,1,0,0,0,0,0,0,0
1,0,0,94462000,0.0,0.0,0.0,0.0,0.0,0,0.0,0.0,0.0,0.0,0.0,0,1,1,0,0,0,0,0,0,0
1,0,0,94463000,0.0,0.0,0.0,0.0,0.0,0,0.0,0.0,0.0,0.0,0.0,0,1,1,0,0,0,0,0,0,0
1,0,0,94464000,0.0,0.0,0.0,0.0,0.0,0,0.0,0.0,0.0,0.0,0.0,0,1,1,0,0,0,0,0,0,0
1,0,0,94465000,0.0,0.0,0.0,0.0,0.0,0,0.0,0.0,0.0,0.0,0.0,0,1,1,0,0,0,0,0,0,0
1,0,0,94466000,0.0,0.0,0.0,0.0,0.0,0,0.0,0.0,0.0,0.0,0.0,0,1,1,0,0,0,0,0,0,0
1,0,0,94467000,0.0,0.0,0.0,0.0,0.0,0,0.0,0.0,0.0,0.0,0.0,0,1,1,0,0,0,0,0,0,0
1,0,0,94468000,0.0,0.0,0.0,0.0,0.0,0,0.0,0.0,0.0,0.0,0.0,0,1,1,0,0,0,0,0,0,0
1,0,0,94469000,0.0,0.0,0.0,0.0,0.0,0,0.0,0.0,0.0,0.0,0.0,0,1,1,0,0,0,0,0,0,0
1,0,0,94470000,0.0,0.0,0.0,0.0,0.0,0,0.0,0.0,0.0,0.0,0.0,0,1,1,0,0,0,0,0,0,0
1,0,0,94471000,0.0,0.0,0.0,0.0,0.0,0,0.0,0.0,0.0,0.0,0.0,0,1,1,0,0,0,0,0,0,0
1,0,0,94472000,0.0,0.0,0.0,0.0,0.0,0,0.0,0.0,0.0,0.0,0.0,0,1,1,0,0,0,0,0,0,0
1,0,0,94473000,0.0,0.0,0.0,0.0,0.0,0,0.0,0.0,0.0,0.0,0.0,0,1,1,0,0,0,0,0,0,0
1,0,0,94474000,0.0,0.0,0.0,0.0,0.0,0,0.0,0.0,0.0,0.0,0.0,0,1,1,0,0,0,0,0,0,0
1,0,0,94475000,0.0,0.0,0.0,0.0,0.0,0,0.0,0.0,0.0,0.0,0.0,0,1,1,0,0,0,0,0,0,0
1,0,0,94476000,0.0,0.0,0.0,0.0,0.0,0,0.0,0.0,0.0,0.0,0.0,0,1,1,0,0,0,0,0,0,0
1,0,0,94477000,0.0,0.0,0.0,0.0,0.0,0,0.0,0.0,0.0,0.0,0.0,0,1,1,0,0,0,0,0,0,0
1,0,0,94478000,0.0,0.0,0.0,0.0,0.0,0,0.0,0.0,0.0,0.0,0.0,0,1,1,0,0,0,0,0,0,0
1,0,0,94479000,0.0,0.0,0.0,0.0,0.0,0,0.0,0.0,0.0,0.0,0.0,0,1,1,0,0,0,0,0,0,0
1,0,0,94480000,0.0,0.0,0.0,0.0,0.0,0,0.0,0.0,0.0,0.0,0.0,0,1,1,0,0,0,0,0,0,0
1,0,0,94481000,0.0,0.0,0.0,0.0,0.0,0,0.0,0.0,0.0,0.0,0.0,0,1,1,0,0,0,0,0,0,0
1,0,0,94482000,0.0,0.0,0.0,0.0,0.0,0,0.0,0.0,0.0,0.0,0.0,0,1,1,0,0,0,0,0,0,0
1,0,0,94483000,0.0,0.0,0.0,0.0,0.0,0,0.0,0.0,0.0,0.0,0.0,0,1,1,0,0,0,0,0,0,0
1,0,0,94484000,0.0,0.0,0.0,0.0,0.0,0,0.0,0.0,0.0,0.0,0.0,0,1,1,0,0,0,0,0,0,0
1,0,0,94485000,0.0,0.0,0.0,0.0,0.0,0,0.0,0.0,0.0,0.0,0.0,0,1,1,0,0,0,0,0,0,0
1,0,0,94486000,0.0,0.0,0.0,0.0,0.0,0,0.0,0.0,0.0,0.0,0.0,0,1,1,0,0,0,0,0,0,0
1,0,0,94487000,0.0,0.0,0.0,0.0,0.0,0,0.0,0.0,0.0,0.0,0.0,0,1,1,0,0,0,0,0,0,0
1,0,0,94488000,0.0,0.0,0.0,0.0,0.0,0,0.0,0.0,0.0,0.0,0.0,0,1,1,0,0,0,0,0,0,0
1,0,0,94489000,0.0,0.0,0.0,0.0,0.0,0,0.0,0.0,0.0,0.0,0.0,0,1,1,0,0,0,0,0,0,0
1,0,0,94490000,0.0,0.0,0.0,0.0,0.0,0,0.0,0.0,0.0,0.0,0.0,0,1,1,0,0,0,0,0,0,0
1,0,0,94491000,0.0,0.0,0.0,0.0,0.0,0,0.0,0.0,0.0,0.0,0.0,0,1,1,0,0,0,0,0,0,0
1,0,0,94492000,0.0,0.0,0.0,0.0,0.0,0,0.0,0.0,0.0,0.0,0.0,0,1,1,0,0,0,0,0,0,0
1,0,0,94493000,0.0,0.0,0.0,0.0,0.0,0,0.0,0.0,0.0,0.0,0.0,0,1,1,0,0,0,0,0,0,0
1,0,0,94494000,0.0,0.0,0.0,0.0,0.0,0,0.0,0.0,0.0,0.0,0.0,0,1,1,0,0,0,0,0,0,0
1,0,0,94495000,0.0,0.0,0.0,0.0,0.0,0,0.0,0.0,0.0,0.0,0.0,0,1,1,0,0,0,0,0,0,0
1,0,0,94496000,0.0,0.0,0.0,0.0,0.0,0,0.0,0.0,0.0,0.0,0.0,0,1,1,0,0,0,0,0,0,0
1,0,0,94497000,0.0,0.0,0.0,0.0,0.0,0,0.0,0.0,0.0,0.0,0.0,0,1,1,0,0,0,0,0,0,0
1,0,0,94498000,0.0,0.0,0.0,0.0,0.0,0,0.0,0.0,0.0,0.0,0.0,0,1,1,0,0,0,0,0,0,0
1,0,0,94499000,0.0,0.0,0.0,0.0,0.0,0,0.0,0.0,0.0,0.0,0.0,0,1,1,0,0,0,0,0,0,0
1,0,0,94500000,0.0,0.0,0.0,0.0,0.0,0,0.0,0.0,0.0,0.0,0.0,0,1,1,0,0,0,0,0,0,0
1,0,0,94501000,0.0,0.0,0.0,0.0,0.0,0,0.0,0.0,0.0,0.0,0.0,0,1,1,0,0,0,0,0,0,0
1,0,0,94502000,0.0,0.0,0.0,0.0,0.0,0,0.0,0.0,0.0,0.0,0.0,0,1,1,0,0,0,0,0,0,0
1,0,0,94503000,0.0,0.0,0.0,0.0,0.0,0,0.0,0.0,0.0,0.0,0.0,0,1,1,0,0,0,0,0,0,0
1,0,0,94504000,0.0,0.0,0.0,0.0,0.0,0,0.0,0.0,0.0,0.0,0.0,0,1,1,0,0,0,0,0,0,0
1,0,0,94505000,0.0,0.0,0.0,0.0,0.0,0,0.0,0.0,0.0,0.0,0.0,0,1,1,0,0,0,0,0,0,0
1,0,0,94506000,0.0,0.0,0.0,0.0,0.0,0,0.0,0.0,0.0,0.0,0.0,0,1,1,0,0,0,0,0,0,0
1,0,0,94507000,0.0,0.0,0.0,0.0,0.0,0,0.0,0.0,0.0,0.0,0.0,0,1,1,0,0,0,0,0,0,0
1,0,0,94508000,0.0,0.0,0.0,0.0,0.0,0,0.0,0.0,0.0,0.0,0.0,0,1,1,0,0,0,0,0,0,0
1,0,0,94509000,0.0,0.0,0.0,0.0,0.0,0,0.0,0.0,0.0,0.0,0.0,0,1,1,0,0,0,0,0,0,0
1,0,0,94510000,0.0,0.0,0.0,0.0,0.0,0,0.0,0.0,0.0,0.0,0.0,0,1,1,0,0,0,0,0,0,0
1,0,0,94511000,0.0,0.0,0.0,0.0,0.0,0,0.0,0.0,0.0,0.0,0.0,0,1,1,0,0,0,0,0,0,0
1,0,0,94512000,0.0,0.0,0.0,0.0,0.0,0,0.0,0.0,0.0,0.0,0.0,0,1,1,0,0,0,0,0,0,0
1,0,0,94513000,0.0,0.0,0.0,0.0,0.0,0,0.0,0.0,0.0,0.0,0.0,0,1,1,0,0,0,0,0,0,0
1,0,0,94514000,0.0,0.0,0.0,0.0,0.0,0,0.0,0.0,0.0,0.0,0.0,0,1,1,0,0,0,0,0,0,0
1,0,0,94515000,0.0,0.0,0.0,0.0,0.0,0,0.0,0.0,0.0,0.0,0.0,0,1,1,0,0,0,0,0,0,0
1,0,0,94516000,0.0,0.0,0.0,0.0,0.0,0,0.0,0.0,0.0,0.0,0.0,0,1,1,0,0,0,0,0,0,0
1,0,0,94517000,0.0,0.0,0.0,0.0,0.0,0,0.0,0.0,0.0,0.0,0.0,0,1,1,0,0,0,0,0,0,0
1,0,0,94518000,0.0,0.0,0.0,0.0,0.0,0,0.0,0.0,0.0,0.0,0.0,0,1,1,0,0,0,0,0,0,0
1,0,0,94519000,0.0,0.0,0.0,0.0,0.0,0,0.0,0.0,0.0,0.0,0.0,0,1,1,0,0,0,0,0,0,0
1,0,0,94520000,0.0,0.0,0.0,0.0,0.0,0,0.0,0.0,0.0,0.0,0.0,0,1,1,0,0,0,0,0,0,0
1,0,0,94521000,0.0,0.0,0.0,0.0,0.0,0,0.0,0.0,0.0,0.0,0.0,0,1,1,0,0,0,0,0,0,0
1,0,0,94522000,0.0,0.0,0.0,0.0,0.0,0,0.0,0.0,0.0,0.0,0.0,0,1,1,0,0,0,0,0,0,0
1,0,0,94523000,0.0,0.0,0.0,0.0,0.0,0,0.0,0.0,0.0,0.0,0.0,0,1,1,0,0,0,0,0,0,0
1,0,0,94524000,0.0,0.0,0.0,0.0,0.0,0,0.0,0.0,0.0,0.0,0.0,0,1,1,0,0,0,0,0,0,0
1,0,0,94525000,0.0,0.0,0.0,0.0,0.0,0,0.0,0.0,0.0,0.0,0.0,0,1,1,0,0,0,0,0,0,0
1,0,0,94526000,0.0,0.0,0.0,0.0,0.0,0,0.0,0.0,0.0,0.0,0.0,0,1,1,0,0,0,0,0,0,0
1,0,0,94527000,0.0,0.0,0.0,0.0,0.0,0,0.0,0.0,0.0,0.0,0.0,0,1,1,0,0,0,0,0,0,0
1,0,0,94528000,0.0,0.0,0.0,0.0,0.0,0,0.0,0.0,0.0,0.0,0.0,0,1,1,0,0,0,0,0,0,0
1,0,0,94529000,0.0,0.0,0.0,0.0,0.0,0,0.0,0.0,0.0,0.0,0.0,0,1,1,0,0,0,0,0,0,0
1,0,0,94530000,0.0,0.0,0.0,0.0,0.0,0,0.0,0.0,0.0,0.0,0.0,0,1,1,0,0,0,0,0,0,0
1,0,0,94531000,0.0,0.0,0.0,0.0,0.0,0,0.0,0.0,0.0,0.0,0.0,0,1,1,0,0,0,0,0,0,0
1,0,0,94532000,0.0,0.0,0.0,0.0,0.0,0,0.0,0.0,0.0,0.0,0.0,0,1,1,0,0,0,0,0,0,0
1,0,0,94533000,0.0,0.0,0.0,0.0,0.0,0,0.0,0.0,0.0,0.0,0.0,0,1,1,0,0,0,0,0,0,0
1,0,0,94534000,0.0,0.0,0.0,0.0,0.0,0,0.0,0.0,0.0,0.0,0.0,0,1,1,0,0,0,0,0,0,0
1,0,0,94535000,0.0,0.0,0.0,0.0,0.0,0,0.0,0.0,0.0,0.0,0.0,0,1,1,0,0,0,0,0,0,0
1,0,0,94536000,0.0,0.0,0.0,0.0,0.0,0,0.0,0.0,0.0,0.0,0.0,0,1,1,0,0,0,0,0,0,0
1,0,0,94537000,0.0,0.0,0.0,0.0,0.0,0,0.0,0.0,0.0,0.0,0.0,0,1,1,0,0,0,0,0,0,0
1,0,0,94538000,0.0,0.0,0.0,0.0,0.0,0,0.0,0.0,0.0,0.0,0.0,0,1,1,0,0,0,0,0,0,0
1,0,0,94539000,0.0,0.0,0.0,0.0,0.0,0,0.0,0.0,0.0,0.0,0.0,0,1,1,0,0,0,0,0,0,0
1,0,0,94540000,0.0,0.0,0.0,0.0,0.0,0,0.0,0.0,0.0,0.0,0.0,0,1,1,0,0,0,0,0,0,0
1,0,0,94541000,0.0,0.0,0.0,0.0,0.0,0,0.0,0.0,0.0,0.0,0.0,0,1,1,0,0,0,0,0,0,0
1,0,0,94542000,0.0,0.0,0.0,0.0,0.0,0,0.0,0.0,0.0,0.0,0.0,0,1,1,0,0,0,0,0,0,0
1,0,0,94543000,0.0,0.0,0.0,0.0,0.0,0,0.0,0.0,0.0,0.0,0.0,0,1,1,0,0,0,0,0,0,0
1,0,0,94544000,0.0,0.0,0.0,0.0,0.0,0,0.0,0.0,0.0,0.0,0.0,0,1,1,0,0,0,0,0,0,0
1,0,0,94545000,0.0,0.0,0.0,0.0,0.0,0,0.0,0.0,0.0,0.0,0.0,0,1,1,0,0,0,0,0,0,0
1,0,0,94546000,0.0,0.0,0.0,0.0,0.0,0,0.0,0.0,0.0,0.0,0.0,0,1,1,0,0,0,0,0,0,0
1,0,0,94547000,0.0,0.0,0.0,0.0,0.0,0,0.0,0.0,0.0,0.0,0.0,0,1,1,0,0,0,0,0,0,0
1,0,0,94548000,0.0,0.0,0.0,0.0,0.0,0,0.0,0.0,0.0,0.0,0.0,0,1,1,0,0,0,0,0,0,0
1,0,0,94549000,0.0,0.0,0.0,0.0,0.0,0,0.0,0.0,0.0,0.0,0.0,0,1,1,0,0,0,0,0,0,0
1,0,0,94550000,0.0,0.0,0.0,0.0,0.0,0,0.0,0.0,0.0,0.0,0.0,0,1,1,0,0,0,0,0,0,0
1,0,0,94551000,0.0,0.0,0.0,0.0,0.0,0,0.0,0.0,0.0,0.0,0.0,0,1,1,0,0,0,0,0,0,0
1,0,0,94552000,0.0,0.0,0.0,0.0,0.0,0,0.0,0.0,0.0,0.0,0.0,0,1,1,0,0,0,0,0,0,0
1,0,0,94553000,0.0,0.0,0.0,0.0,0.0,0,0.0,0.0,0.0,0.0,0.0,0,1,1,0,0,0,0,0,0,0
1,0,0,94554000,0.0,0.0,0.0,0.0,0.0,0,0.0,0.0,0.0,0.0,0.0,0,1,1,0,0,0,0,0,0,0
1,0,0,94555000,0.0,0.0,0.0,0.0,0.0,0,0.0,0.0,0.0,0.0,0.0,0,1,1,0,0,0,0,0,0,0
1,0,0,94556000,0.0,0.0,0.0,0.0,0.0,0,0.0,0.0,0.0,0.0,0.0,0,1,1,0,0,0,0,0,0,0
1,0,0,94557000,0.0,0.0,0.0,0.0,0.0,0,0.0,0.0,0.0,0.0,0.0,0,1,1,0,0,0,0,0,0,0
1,0,0,94558000,0.0,0.0,0.0,0.0,0.0,0,0.0,0.0,0.0,0.0,0.0,0,1,1,0,0,0,0,0,0,0
1,0,0,94559000,0.0,0.0,0.0,0.0,0.0,0,0.0,0.0,0.0,0.0,0.0,0,1,1,0,0,0,0,0,0,0
1,0,0,94560000,0.0,0.0,0.0,0.0,0.0,0,0.0,0.0,0.0,0.0,0.0,0,1,1,0,0,0,0,0,0,0
1,0,0,94561000,0.0,0.0,0.0,0.0,0.0,0,0.0,0.0,0.0,0.0,0.0,0,1,1,0,0,0,0,0,0,0
1,0,0,94562000,0.0,0.0,0.0,0.0,0.0,0,0.0,0.0,0.0,0.0,0.0,0,1,1,0,0,0,0,0,0,0
1,0,0,94563000,0.0,0.0,0.0,0.0,0.0,0,0.0,0.0,0.0,0.0,0.0,0,1,1,0,0,0,0,0,0,0
1,0,0,94564000,0.0,0.0,0.0,0.0,0.0,0,0.0,0.0,0.0,0.0,0.0,0,1,1,0,0,0,0,0,0,0
1,0,0,94565000,0.0,0.0,0.0,0.0,0.0,0,0.0,0.0,0.0,0.0,0.0,0,1,1,0,0,0,0,0,0,0
1,0,0,94566000,0.0,0.0,0.0,0.0,0.0,0,0.0,0.0,0.0,0.0,0.0,0,1,1,0,0,0,0,0,0,0
1,0,0,94567000,0.0,0.0,0.0,0.0,0.0,0,0.0,0.0,0.0,0.0,0.0,0,1,1,0,0,0,0,0,0,0
1,0,0,94568000,0.0,0.0,0.0,0.0,0.0,0,0.0,0.0,0.0,0.0,0.0,0,1,1,0,0,0,0,0,0,0
1,0,0,94569000,0.0,0.0,0.0,0.0,0.0,0,0.0,0.0,0.0,0.0,0.0,0,1,1,0,0,0,0,0,0,0
1,0,0,94570000,0.0,0.0,0.0,0.0,0.0,0,0.0,0.0,0.0,0.0,0.0,0,1,1,0,0,0,0,0,0,0
1,0,0,94571000,0.0,0.0,0.0,0.0,0.0,0,0.0,0.0,0.0,0.0,0.0,0,1,1,0,0,0,0,0,0,0
1,0,0,94572000,0.0,0.0,0.0,0.0,0.0,0,0.0,0.0,0.0,0.0,0.0,0,1,1,0,0,0,0,0,0,0
1,0,0,94573000,0.0,0.0,0.0,0.0,0.0,0,0.0,0.0,0.0,0.0,0.0,0,1,1,0,0,0,0,0,0,0
1,0,0,94574000,0.0,0.0,0.0,0.0,0.0,0,0.0,0.0,0.0,0.0,0.0,0,1,1,0,0,0,0,0,0,0
1,0,0,94575000,0.0,0.0,0.0,0.0,0.0,0,0.0,0.0,0.0,0.0,0.0,0,1,1,0,0,0,0,0,0,0
1,0,0,94576000,0.0,0.0,0.0,0.0,0.0,0,0.0,0.0,0.0,0.0,0.0,0,1,1,0,0,0,0,0,0,0
1,0,0,94577000,0.0,0.0,0.0,0.0,0.0,0,0.0,0.0,0.0,0.0,0.0,0,1,1,0,0,0,0,0,0,0
1,0,0,94578000,0.0,0.0,0.0,0.0,0.0,0,0.0,0.0,0.0,0.0,0.0,0,1,1,0,0,0,0,0,0,0
1,0,0,94579000,0.0,0.0,0.0,0.0,0.0,0,0.0,0.0,0.0,0.0,0.0,0,1,1,0,0,0,0,0,0,0
1,0,0,94580000,0.0,0.0,0.0,0.0,0.0,0,0.0,0.0,0.0,0.0,0.0,0,1,1,0,0,0,0,0,0,0
1,0,0,94581000,0.0,0.0,0.0,0.0,0.0,0,0.0,0.0,0.0,0.0,0.0,0,1,1,0,0,0,0,0,0,0
1,0,0,94582000,0.0,0.0,0.0,0.0,0.0,0,0.0,0.0,0.0,0.0,0.0,0,1,1,0,0,0,0,0,0,0
1,0,0,94583000,0.0,0.0,0.0,0.0,0.0,0,0.0,0.0,0.0,0.0,0.0,0,1,1,0,0,0,0,0,0,0
1,0,0,94584000,0.0,0.0,0.0,0.0,0.0,0,0.0,0.0,0.0,0.0,0.0,0,1,1,0,0,0,0,0,0,0
1,0,0,94585000,0.0,0.0,0.0,0.0,0.0,0,0.0,0.0,0.0,0.0,0.0,0,1,1,0,0,0,0,0,0,0
1,0,0,94586000,0.0,0.0,0.0,0.0,0.0,0,0.0,0.0,0.0,0.0,0.0,0,1,1,0,0,0,0,0,0,0
1,0,0,94587000,0.0,0.0,0.0,0.0,0.0,0,0.0,0.0,0.0,0.0,0.0,0,1,1,0,0,0,0,0,0,0
1,0,0,94588000,0.0,0.0,0.0,0.0,0.0,0,0.0,0.0,0.0,0.0,0.0,0,1,1,0,0,0,0,0,0,0
1,0,0,94589000,0.0,0.0,0.0,0.0,0.0,0,0.0,0.0,0.0,0.0,0.0,0,1,1,0,0,0,0,0,0,0
1,0,0,94590000,0.0,0.0,0.0,0.0,0.0,0,0.0,0.0,0.0,0.0,0.0,0,1,1,0,0,0,0,0,0,0
1,0,0,94591000,0.0,0.0,0.0,0.0,0.0,0,0.0,0.0,0.0,0.0,0.0,0,1,1,0,0,0,0,0,0,0
1,0,0,94592000,0.0,0.0,0.0,0.0,0.0,0,0.0,0.0,0.0,0.0,0.0,0,1,1,0,0,0,0,0,0,0
1,0,0,94593000,0.0,0.0,0.0,0.0,0.0,0,0.0,0.0,0.0,0.0,0.0,0,1,1,0,0,0,0,0,0,0
1,0,0,94594000,0.0,0.0,0.0,0.0,0.0,0,0.0,0.0,0.0,0.0,0.0,0,1,1,0,0,0,0,0,0,0
1,0,0,94595000,0.0,0.0,0.0,0.0,0.0,0,0.0,0.0,0.0,0.0,0.0,0,1,1,0,0,0,0,0,0,0
1,0,0,94596000,0.0,0.0,0.0,0.0,0.0,0,0.0,0.0,0.0,0.0,0.0,0,1,1,0,0,0,0,0,0,0
1,0,0,94597000,0.0,0.0,0.0,0.0,0.0,0,0.0,0.0,0.0,0.0,0.0,0,1,1,0,0,0,0,0,0,0
1,0,0,94598000,0.0,0.0,0.0,0.0,0.0,0,0.0,0.0,0.0,0.0,0.0,0,1,1,0,0,0,0,0,0,0
1,0,0,94599000,0.0,0.0,0.0,0.0,0.0,0,0.0,0.0,0.0,0.0,0.0,0,1,1,0,0,0,0,0,0,0
1,0,0,94600000,0.0,0.0,0.0,0.0,0.0,0,0.0,0.0,0.0,0.0,0.0,0,1,1,0,0,0,0,0,0,0
1,0,0,94601000,0.0,0.0,0.0,0.0,0.0,0,0.0,0.0,0.0,0.0,0.0,0,1,1,0,0,0,0,0,0,0
1,0,0,94602000,0.0,0.0,0.0,0.0,0.0,0,0.0,0.0,0.0,0.0,0.0,0,1,1,0,0,0,0,0,0,0
1,0,0,94603000,0.0,0.0,0.0,0.0,0.0,0,0.0,0.0,0.0,0.0,0.0,0,1,1,0,0,0,0,0,0,0
1,0,0,94604000,0.0,0.0,0.0,0.0,0.0,0,0.0,0.0,0.0,0.0,0.0,0,1,1,0,0,0,0,0,0,0
1,0,0,94605000,0.0,0.0,0.0,0.0,0.0,0,0.0,0.0,0.0,0.0,0.0,0,1,1,0,0,0,0,0,0,0
1,0,0,94606000,0.0,0.0,0.0,0.0,0.0,0,0.0,0.0,0.0,0.0,0.0,0,1,1,0,0,0,0,0,0,0
1,0,0,94607000,0.0,0.0,0.0,0.0,0.0,0,0.0,0.0,0.0,0.0,0.0,0,1,1,0,0,0,0,0,0,0
1,0,0,94608000,0.0,0.0,0.0,0.0,0.0,0,0.0,0.0,0.0,0.0,0.0,0,1,1,0,0,0,0,0,0,0
1,0,0,94609000,0.0,0.0,0.0,0.0,0.0,0,0.0,0.0,0.0,0.0,0.0,0,1,1,0,0,0,0,0,0,0
1,0,0,94610000,0.0,0.0,0.0,0.0,0.0,0,0.0,0.0,0.0,0.0,0.0,0,1,1,0,0,0,0,0,0,0
1,0,0,94611000,0.0,0.0,0.0,0.0,0.0,0,0.0,0.0,0.0,0.0,0.0,0,1,1,0,0,0,0,0,0,0
1,0,0,94612000,0.0,0.0,0.0,0.0,0.0,0,0.0,0.0,0.0,0.0,0.0,0,1,1,0,0,0,0,0,0,0
1,0,0,94613000,0.0,0.0,0.0,0.0,0.0,0,0.0,0.0,0.0,0.0,0.0,0,1,1,0,0,0,0,0,0,0
1,0,0,94614000,0.0,0.0,0.0,0.0,0.0,0,0.0,0.0,0.0,0.0,0.0,0,1,1,0,0,0,0,0,0,0
1,0,0,94615000,0.0,0.0,0.0,0.0,0.0,0,0.0,0.0,0.0,0.0,0.0,0,1,1,0,0,0,0,0,0,0
1,0,0,94616000,0.0,0.0,0.0,0.0,0.0,0,0.0,0.0,0.0,0.0,0.0,0,1,1,0,0,0,0,0,0,0
1,0,0,94617000,0.0,0.0,0.0,0.0,0.0,0,0.0,0.0,0.0,0.0,0.0,0,1,1,0,0,0,0,0,0,0
1,0,0,94618000,0.0,0.0,0.0,0.0,0.0,0,0.0,0.0,0.0,0.0,0.0,0,1,1,0,0,0,0,0,0,0
1,0,0,94619000,0.0,0.0,0.0,0.0,0.0,0,0.0,0.0,0.0,0.0,0.0,0,1,1,0,0,0,0,0,0,0
1,0,0,94620000,0.0,0.0,0.0,0.0,0.0,0,0.0,0.0,0.0,0.0,0.0,0,1,1,0,0,0,0,0,0,0
1,0,0,94621000,0.0,0.0,0.0,0.0,0.0,0,0.0,0.0,0.0,0.0,0.0,0,1,1,0,0,0,0,0,0,0
1,0,0,94622000,0.0,0.0,0.0,0.0,0.0,0,0.0,0.0,0.0,0.0,0.0,0,1,1,0,0,0,0,0,0,0
1,0,0,94623000,0.0,0.0,0.0,0.0,0.0,0,0.0,0.0,0.0,0.0,0.0,0,1,1,0,0,0,0,0,0,0
1,0,0,94624000,0.0,0.0,0.0,0.0,0.0,0,0.0,0.0,0.0,0.0,0.0,0,1,1,0,0,0,0,0,0,0
1,0,0,94625000,0.0,0.0,0.0,0.0,0.0,0,0.0,0.0,0.0,0.0,0.0,0,1,1,0,0,0,0,0,0,0
1,0,0,94626000,0.0,0.0,0.0,0.0,0.0,0,0.0,0.0,0.0,0.0,0.0,0,1,1,0,0,0,0,0,0,0
1,0,0,94627000,0.0,0.0,0.0,0.0,0.0,0,0.0,0.0,0.0,0.0,0.0,0,1,1,0,0,0,0,0,0,0
1,0,0,94628000,0.0,0.0,0.0,0.0,0.0,0,0.0,0.0,0.0,0.0,0.0,0,1,1,0,0,0,0,0,0,0
1,0,0,94629000,0.0,0.0,0.0,0.0,0.0,0,0.0,0.0,0.0,0.0,0.0,0,1,1,0,0,0,0,0,0,0
1,0,0,94630000,0.0,0.0,0.0,0.0,0.0,0,0.0,0.0,0.0,0.0,0.0,0,1,1,0,0,0,0,0,0,0
1,0,0,94631000,0.0,0.0,0.0,0.0,0.0,0,0.0,0.0,0.0,0.0,0.0,0,1,1,0,0,0,0,0,0,0
1,0,0,94632000,0.0,0.0,0.0,0.0,0.0,0,0.0,0.0,0.0,0.0,0.0,0,1,1,0,0,0,0,0,0,0
1,0,0,94633000,0.0,0.0,0.0,0.0,0.0,0,0.0,0.0,0.0,0.0,0.0,0,1,1,0,0,0,0,0,0,0
1,0,0,94634000,0.0,0.0,0.0,0.0,0.0,0,0.0,0.0,0.0,0.0,0.0,0,1,1,0,0,0,0,0,0,0
1,0,0,94635000,0.0,0.0,0.0,0.0,0.0,0,0.0,0.0,0.0,0.0,0.0,0,1,1,0,0,0,0,0,0,0
1,0,0,94636000,0.0,0.0,0.0,0.0,0.0,0,0.0,0.0,0.0,0.0,0.0,0,1,1,0,0,0,0,0,0,0
1,0,0,94637000,0.0,0.0,0.0,0.0,0.0,0,0.0,0.0,0.0,0.0,0.0,0,1,1,0,0,0,0,0,0,0
1,0,0,94638000,0.0,0.0,0.0,0.0,0.0,0,0.0,0.0,0.0,0.0,0.0,0,1,1,0,0,0,0,0,0,0
1,0,0,94639000,0.0,0.0,0.0,0.0,0.0,0,0.0,0.0,0.0,0.0,0.0,0,1,1,0,0,0,0,0,0,0
1,0,0,94640000,0.0,0.0,0.0,0.0,0.0,0,0.0,0.0,0.0,0.0,0.0,0,1,1,0,0,0,0,0,0,0
1,0,0,94641000,0.0,0.0,0.0,0.0,0.0,0,0.0,0.0,0.0,0.0,0.0,0,1,1,0,0,0,0,0,0,0
1,0,0,94642000,0.0,0.0,0.0,0.0,0.0,0,0.0,0.0,0.0,0.0,0.0,0,1,1,0,0,0,0,0,0,0
1,0,0,94643000,0.0,0.0,0.0,0.0,0.0,0,0.0,0.0,0.0,0.0,0.0,0,1,1,0,0,0,0,0,0,0
1,0,0,94644000,0.0,0.0,0.0,0.0,0.0,0,0.0,0.0,0.0,0.0,0.0,0,1,1,0,0,0,0,0,0,0
1,0,0,94645000,0.0,0.0,0.0,0.0,0.0,0,0.0,0.0,0.0,0.0,0.0,0,1,1,0,0,0,0,0,0,0
1,0,0,94646000,0.0,0.0,0.0,0.0,0.0,0,0.0,0.0,0.0,0.0,0.0,0,1,1,0,0,0,0,0,0,0
1,0,0,94647000,0.0,0.0,0.0,0.0,0.0,0,0.0,0.0,0.0,0.0,0.0,0,1,1,0,0,0,0,0,0,0
1,0,0,94648000,0.0,0.0,0.0,0.0,0.0,0,0.0,0.0,0.0,0.0,0.0,0,1,1,0,0,0,0,0,0,0
1,0,0,94649000,0.0,0.0,0.0,0.0,0.0,0,0.0,0.0,0.0,0.0,0.0,0,1,1,0,0,0,0,0,0,0
1,0,0,94650000,0.0,0.0,0.0,0.0,0.0,0,0.0,0.0,0.0,0.0,0.0,0,1,1,0,0,0,0,0,0,0
1,0,0,94651000,0.0,0.0,0.0,0.0,0.0,0,0.0,0.0,0.0,0.0,0.0,0,1,1,0,0,0,0,0,0,0
1,0,0,94652000,0.0,0.0,0.0,0.0,0.0,0,0.0,0.0,0.0,0.0,0.0,0,1,1,0,0,0,0,0,0,0
1,0,0,94653000,0.0,0.0,0.0,0.0,0.0,0,0.0,0.0,0.0,0.0,0.0,0,1,1,0,0,0,0,0,0,0
1,0,0,94654000,0.0,0.0,0.0,0.0,0.0,0,0.0,0.0,0.0,0.0,0.0,0,1,1,0,0,0,0,0,0,0
1,0,0,94655000,0.0,0.0,0.0,0.0,0.0,0,0.0,0.0,0.0,0.0,0.0,0,1,1,0,0,0,0,0,0,0
1,0,0,94656000,0.0,0.0,0.0,0.0,0.0,0,0.0,0.0,0.0,0.0,0.0,0,1,1,0,0,0,0,0,0,0
1,0,0,94657000,0.0,0.0,0.0,0.0,0.0,0,0.0,0.0,0.0,0.0,0.0,0,1,1,0,0,0,0,0,0,0
1,0,0,94658000,0.0,0.0,0.0,0.0,0.0,0,0.0,0.0,0.0,0.0,0.0,0,1,1,0,0,0,0,0,0,0
1,0,0,94659000,0.0,0.0,0.0,0.0,0.0,0,0.0,0.0,0.0,0.0,0.0,0,1,1,0,0,0,0,0,0,0
1,0,0,94660000,0.0,0.0,0.0,0.0,0.0,0,0.0,0.0,0.0,0.0,0.0,0,1,1,0,0,0,0,0,0,0
1,0,0,94661000,0.0,0.0,0.0,0.0,0.0,0,0.0,0.0,0.0,0.0,0.0,0,1,1,0,0,0,0,0,0,0
