iTOW,galTow,fGalTow,galWno,leapS,galTowValid,galWnoValid,leapSValid,tAcc
94417000,94417,-452433,1366,18,1,1,1,5
94418000,94418,-452502,1366,18,1,1,1,5
94419000,94419,-452571,1366,18,1,1,1,5
94420000,94420,-452640,1366,18,1,1,1,5
94421000,94421,-452709,1366,18,1,1,1,5
94422000,94422,-452777,1366,18,1,1,1,5
94423000,94423,-452846,1366,18,1,1,1,5
94424000,94424,-452915,1366,18,1,1,1,5
94425000,94425,-452985,1366,18,1,1,1,5
94426000,94426,-453056,1366,18,1,1,1,5
94427000,94427,-453126,1366,18,1,1,1,5
94428000,94428,-453197,1366,18,1,1,1,5
94429000,94429,-453266,1366,18,1,1,1,5
94430000,94430,-453336,1366,18,1,1,1,5
94431000,94431,-453405,1366,18,1,1,1,5
94432000,94432,-453475,1366,18,1,1,1,5
94433000,94433,-453544,1366,18,1,1,1,5
94434000,94434,-453614,1366,18,1,1,1,5
94435000,94435,-453684,1366,18,1,1,1,5
94436000,94436,-453754,1366,18,1,1,1,5
94437000,94437,-453825,1366,18,1,1,1,5
94438000,94438,-453895,1366,18,1,1,1,5
94439000,94439,-453965,1366,18,1,1,1,5
94440000,94440,-454035,1366,18,1,1,1,5
94441000,94441,-454105,1366,18,1,1,1,5
94442000,94442,-454174,1366,18,1,1,1,5
94443000,94443,-454242,1366,18,1,1,1,5
94444000,94444,-454311,1366,18,1,1,1,5
94445000,94445,-454381,1366,18,1,1,1,5
94446000,94446,-454450,1366,18,1,1,1,5
94447000,94447,-454520,1366,18,1,1,1,5
94448000,94448,-454589,1366,18,1,1,1,5
94449000,94449,-454658,1366,18,1,1,1,5
94450000,94450,-454726,1366,18,1,1,1,5
94451000,94451,-454795,1366,18,1,1,1,5
94452000,94452,-454865,1366,18,1,1,1,5
94453000,94453,-454934,1366,18,1,1,1,5
94454000,94454,-455003,1366,18,1,1,1,5
94455000,94455,-455072,1366,18,1,1,1,4
94456000,94456,-455142,1366,18,1,1,1,4
94457000,94457,-455212,1366,18,1,1,1,4
94458000,94458,-455282,1366,18,1,1,1,4
94459000,94459,-455352,1366,18,1,1,1,4
94460000,94460,-455422,1366,18,1,1,1,4
94461000,94461,-455492,1366,18,1,1,1,4
94462000,94462,-455562,1366,18,1,1,1,4
94463000,94463,-455632,1366,18,1,1,1,4
94464000,94464,-455702,1366,18,1,1,1,4
94465000,94465,-455773,1366,18,1,1,1,4
94466000,94466,-455844,1366,18,1,1,1,4
94467000,94467,-455914,1366,18,1,1,1,4
94468000,94468,-455984,1366,18,1,1,1,4
94469000,94469,-456055,1366,18,1,1,1,4
94470000,94470,-456126,1366,18,1,1,1,4
94471000,94471,-456197,1366,18,1,1,1,4
94472000,94472,-456269,1366,18,1,1,1,4
94473000,94473,-456341,1366,18,1,1,1,4
94474000,94474,-456412,1366,18,1,1,1,4
94475000,94475,-456482,1366,18,1,1,1,4
94476000,94476,-456553,1366,18,1,1,1,4
94477000,94477,-456624,1366,18,1,1,1,4
94478000,94478,-456694,1366,18,1,1,1,5
94479000,94479,-456766,1366,18,1,1,1,5
94480000,94480,-456837,1366,18,1,1,1,5
94481000,94481,-456908,1366,18,1,1,1,5
94482000,94482,-456979,1366,18,1,1,1,5
94483000,94483,-457050,1366,18,1,1,1,5
94484000,94484,-457121,1366,18,1,1,1,5
94485000,94485,-457193,1366,18,1,1,1,5
94486000,94486,-457264,1366,18,1,1,1,5
94487000,94487,-457336,1366,18,1,1,1,5
94488000,94488,-457408,1366,18,1,1,1,5
94489000,94489,-457480,1366,18,1,1,1,5
94490000,94490,-457552,1366,18,1,1,1,5
94491000,94491,-457625,1366,18,1,1,1,5
94492000,94492,-457697,1366,18,1,1,1,5
94493000,94493,-457770,1366,18,1,1,1,5
94494000,94494,-457842,1366,18,1,1,1,5
94495000,94495,-457915,1366,18,1,1,1,5
94496000,94496,-457988,1366,18,1,1,1,5
94497000,94497,-458061,1366,18,1,1,1,5
94498000,94498,-458134,1366,18,1,1,1,5
94499000,94499,-458207,1366,18,1,1,1,5
94500000,94500,-458282,1366,18,1,1,1,5
94501000,94501,-458357,1366,18,1,1,1,5
94502000,94502,-458432,1366,18,1,1,1,5
94503000,94503,-458507,1366,18,1,1,1,5
94504000,94504,-458581,1366,18,1,1,1,5
94505000,94505,-458652,1366,18,1,1,1,5
94506000,94506,-458722,1366,18,1,1,1,5
94507000,94507,-458791,1366,18,1,1,1,5
94508000,94508,-458860,1366,18,1,1,1,5
94509000,94509,-458930,1366,18,1,1,1,5
94510000,94510,-459000,1366,18,1,1,1,5
94511000,94511,-459071,1366,18,1,1,1,5
94512000,94512,-459142,1366,18,1,1,1,5
94513000,94513,-459213,1366,18,1,1,1,5
94514000,94514,-459285,1366,18,1,1,1,5
94515000,94515,-459355,1366,18,1,1,1,5
94516000,94516,-459426,1366,18,1,1,1,5
94517000,94517,-459496,1366,18,1,1,1,5
94518000,94518,-459565,1366,18,1,1,1,5
94519000,94519,-459633,1366,18,1,1,1,5
94520000,94520,-459700,1366,18,1,1,1,5
94521000,94521,-459766,1366,18,1,1,1,5
94522000,94522,-459832,1366,18,1,1,1,5
94523000,94523,-459899,1366,18,1,1,1,5
94524000,94524,-459965,1366,18,1,1,1,5
94525000,94525,-460032,1366,18,1,1,1,5
94526000,94526,-460097,1366,18,1,1,1,5
94527000,94527,-460162,1366,18,1,1,1,5
94528000,94528,-460228,1366,18,1,1,1,5
94529000,94529,-460293,1366,18,1,1,1,5
94530000,94530,-460359,1366,18,1,1,1,5
94531000,94531,-460423,1366,18,1,1,1,5
94532000,94532,-460487,1366,18,1,1,1,5
94533000,94533,-460552,1366,18,1,1,1,5
94534000,94534,-460616,1366,18,1,1,1,5
94535000,94535,-460679,1366,18,1,1,1,5
94536000,94536,-460742,1366,18,1,1,1,4
94537000,94537,-460806,1366,18,1,1,1,4
94538000,94538,-460870,1366,18,1,1,1,4
94539000,94539,-460933,1366,18,1,1,1,4
94540000,94540,-460996,1366,18,1,1,1,4
94541000,94541,-461059,1366,18,1,1,1,4
94542000,94542,-461122,1366,18,1,1,1,4
94543000,94543,-461186,1366,18,1,1,1,4
94544000,94544,-461249,1366,18,1,1,1,4
94545000,94545,-461313,1366,18,1,1,1,4
94546000,94546,-461376,1366,18,1,1,1,4
94547000,94547,-461439,1366,18,1,1,1,4
94548000,94548,-461503,1366,18,1,1,1,4
94549000,94549,-461567,1366,18,1,1,1,4
94550000,94550,-461630,1366,18,1,1,1,4
94551000,94551,-461693,1366,18,1,1,1,4
94552000,94552,-461757,1366,18,1,1,1,4
94553000,94553,-461820,1366,18,1,1,1,4
94554000,94554,-461883,1366,18,1,1,1,4
94555000,94555,-461947,1366,18,1,1,1,4
94556000,94556,-462010,1366,18,1,1,1,4
94557000,94557,-462074,1366,18,1,1,1,4
94558000,94558,-462138,1366,18,1,1,1,4
94559000,94559,-462202,1366,18,1,1,1,4
94560000,94560,-462266,1366,18,1,1,1,4
94561000,94561,-462331,1366,18,1,1,1,4
94562000,94562,-462396,1366,18,1,1,1,5
94563000,94563,-462463,1366,18,1,1,1,5
94564000,94564,-462528,1366,18,1,1,1,5
94565000,94565,-462592,1366,18,1,1,1,5
94566000,94566,-462656,1366,18,1,1,1,5
94567000,94567,-462721,1366,18,1,1,1,5
94568000,94568,-462785,1366,18,1,1,1,5
94569000,94569,-462849,1366,18,1,1,1,5
94570000,94570,-462913,1366,18,1,1,1,5
94571000,94571,-462977,1366,18,1,1,1,5
94572000,94572,-463042,1366,18,1,1,1,5
94573000,94573,-463105,1366,18,1,1,1,5
94574000,94574,-463169,1366,18,1,1,1,5
94575000,94575,-463234,1366,18,1,1,1,5
94576000,94576,-463298,1366,18,1,1,1,5
94577000,94577,-463361,1366,18,1,1,1,5
94578000,94578,-463425,1366,18,1,1,1,5
94579000,94579,-463488,1366,18,1,1,1,5
94580000,94580,-463552,1366,18,1,1,1,5
94581000,94581,-463617,1366,18,1,1,1,5
94582000,94582,-463683,1366,18,1,1,1,5
94583000,94583,-463748,1366,18,1,1,1,5
94584000,94584,-463813,1366,18,1,1,1,5
94585000,94585,-463878,1366,18,1,1,1,5
94586000,94586,-463943,1366,18,1,1,1,5
94587000,94587,-464008,1366,18,1,1,1,4
94588000,94588,-464073,1366,18,1,1,1,4
94589000,94589,-464138,1366,18,1,1,1,4
94590000,94590,-464204,1366,18,1,1,1,4
94591000,94591,-464270,1366,18,1,1,1,4
94592000,94592,-464336,1366,18,1,1,1,4
94593000,94593,-464403,1366,18,1,1,1,4
94594000,94594,-464468,1366,18,1,1,1,4
94595000,94595,-464535,1366,18,1,1,1,4
94596000,94596,-464601,1366,18,1,1,1,4
94597000,94597,-464668,1366,18,1,1,1,4
94598000,94598,-464735,1366,18,1,1,1,4
94599000,94599,-464803,1366,18,1,1,1,4
94600000,94600,-464870,1366,18,1,1,1,4
94601000,94601,-464936,1366,18,1,1,1,4
94602000,94602,-465002,1366,18,1,1,1,4
94603000,94603,-465069,1366,18,1,1,1,4
94604000,94604,-465137,1366,18,1,1,1,4
94605000,94605,-465206,1366,18,1,1,1,4
94606000,94606,-465275,1366,18,1,1,1,5
94607000,94607,-465344,1366,18,1,1,1,5
94608000,94608,-465414,1366,18,1,1,1,5
94609000,94609,-465483,1366,18,1,1,1,5
94610000,94610,-465551,1366,18,1,1,1,5
94611000,94611,-465620,1366,18,1,1,1,5
94612000,94612,-465689,1366,18,1,1,1,5
94613000,94613,-465758,1366,18,1,1,1,5
94614000,94614,-465826,1366,18,1,1,1,5
94615000,94615,-465893,1366,18,1,1,1,5
94616000,94616,-465960,1366,18,1,1,1,5
94617000,94617,-466028,1366,18,1,1,1,5
94618000,94618,-466095,1366,18,1,1,1,5
94619000,94619,-466163,1366,18,1,1,1,5
94620000,94620,-466232,1366,18,1,1,1,5
94621000,94621,-466299,1366,18,1,1,1,5
94622000,94622,-466365,1366,18,1,1,1,5
94623000,94623,-466431,1366,18,1,1,1,5
94624000,94624,-466497,1366,18,1,1,1,5
94625000,94625,-466563,1366,18,1,1,1,5
94626000,94626,-466630,1366,18,1,1,1,5
94627000,94627,-466697,1366,18,1,1,1,5
94628000,94628,-466763,1366,18,1,1,1,5
94629000,94629,-466830,1366,18,1,1,1,5
94630000,94630,-466896,1366,18,1,1,1,5
94631000,94631,-466963,1366,18,1,1,1,5
94632000,94632,-467030,1366,18,1,1,1,5
94633000,94633,-467098,1366,18,1,1,1,5
94634000,94634,-467165,1366,18,1,1,1,5
94635000,94635,-467232,1366,18,1,1,1,5
94636000,94636,-467300,1366,18,1,1,1,5
94637000,94637,-467368,1366,18,1,1,1,5
94638000,94638,-467436,1366,18,1,1,1,5
94639000,94639,-467503,1366,18,1,1,1,5
94640000,94640,-467570,1366,18,1,1,1,5
94641000,94641,-467637,1366,18,1,1,1,5
94642000,94642,-467705,1366,18,1,1,1,5
94643000,94643,-467772,1366,18,1,1,1,5
94644000,94644,-467839,1366,18,1,1,1,5
94645000,94645,-467905,1366,18,1,1,1,5
94646000,94646,-467973,1366,18,1,1,1,5
94647000,94647,-468039,1366,18,1,1,1,5
94648000,94648,-468105,1366,18,1,1,1,5
94649000,94649,-468170,1366,18,1,1,1,5
94650000,94650,-468235,1366,18,1,1,1,5
94651000,94651,-468301,1366,18,1,1,1,5
94652000,94652,-468368,1366,18,1,1,1,5
94653000,94653,-468435,1366,18,1,1,1,5
94654000,94654,-468502,1366,18,1,1,1,5
94655000,94655,-468571,1366,18,1,1,1,5
94656000,94656,-468641,1366,18,1,1,1,5
94657000,94657,-468707,1366,18,1,1,1,5
94658000,94658,-468770,1366,18,1,1,1,4
94659000,94659,-468833,1366,18,1,1,1,4
94660000,94660,-468897,1366,18,1,1,1,4
94661000,94661,-468960,1366,18,1,1,1,4
